Site Name,Network Name (Enriched),Enriched WAN1 Provider,Enriched WAN1 Speed,Enriched WAN1 Role,Enriched WAN2 Provider,Enriched WAN2 Speed,Enriched WAN2 Role,Meraki WAN1 IP,Meraki WAN2 IP,Meraki WAN1 ARIN Provider,Meraki WAN2 ARIN Provider,Meraki Notes,DSR Primary Provider,DSR Primary Speed,DSR Primary IP,DSR Secondary Provider,DSR Secondary Speed,DSR Secondary IP
CAN 16,CAN 16,Frontier Communications,500.0 M,Primary,Digi,Cell,Secondary,47.176.225.2,166.184.156.31,Frontier Communications,Unknown,"WAN 1
Frontier Communications
500.0M x 500.0M
WAN 2
Digi
Cell",,,,,,
CAN 25,CAN 25,Comcast,300.0 M,Primary,AT&T Broadband II,300.0M x 300.0M,Secondary,96.92.113.13,99.3.127.17,Unknown,Unknown,"WAN 1
Comcast
300.0M x 30.0M
WAN 2
AT&T Broadband II
300.0M x 300.0M",,,,AT&T Broadband II,300.0M x 300.0M,99.3.127.17
CAN 35,CAN 35,AT&T Broadband II,1000.0 M,Primary,Comcast,1000.0M x 1000.0M,Secondary,99.156.67.249,50.255.225.209,AT&T,Comcast,"WAN 1
AT&T Broadband II	
1000.0M x 1000.0M
WAN 2
Comcast
1000.0M x 1000.0M",,,,AT&T Broadband II,1000.0M x 1000.0M,99.156.67.249
CAN_00,CAN_00,Comcast,300.0 M,Primary,AT&T,300.0 M,Secondary,96.81.183.205,108.86.147.217,Comcast,AT&T,"WAN 1
Comcast
300.0M x 30.0M
WAN 2
AT&T
300.0M x 300.0M",,,,,,
CAS 35,CAS 35,Frontier Communications,500.0 M,Primary,VZW Cell,Cell,Secondary,47.176.206.178,192.168.0.151,Frontier Communications,Private IP,WAN 1\nFrontier Communications\n500.0M x 500.0M\nWAN 2\nVZW Cell\nCell,,,,,,
CAS 40,CAS 40,Frontier Communications,500.0 M,Primary,Digi,Cell,Secondary,47.179.21.123,107.84.138.73,Frontier Communications,"AT&T Enterprises, LLC","WAN 1
Frontier Communications
500.0M x 50.0M
WAN 2
Digi
Cell",,,,,,
CAS 41,CAS 41,Frontier Communications,500.0 M,Primary,VZW Cell,Cell,Secondary,47.176.225.10,166.248.9.55,Frontier Communications,Verizon Business,"WAN 1
Frontier Communications
500.0M x 500.0M
WAN 2
VZW Cell
Cell",,,,,,
CAS 45,CAS 45,AT&T Broadband II,1000.0 M,Primary,Digi,Cell,Secondary,162.196.235.249,166.184.158.31,AT&T,AT&T,"WAN 1
AT&T Broadband II	
1000.0M x 1000.0M
WAN 2
Digi
Cell",,,,AT&T Broadband II,1000.0M x 1000.0M,162.196.235.249
CAS 46,CAS 46,AT&T,20.0 M,Primary,VZW Cell,Cell,Secondary,12.111.1.98,166.248.10.66,AT&T,Verizon Business,"WAN 1
AT&T
20.0M x 20.0M
WAN 2
VZW Cell
Cell",,,,,,
CAS_00,CAS_00,AT&T,300.0 M,Primary,Cox Communications,300.0 M,Secondary,76.210.250.113,98.178.226.110,Unknown,Unknown,"WAN 1
AT&T
300.0M x 300.0M
WAN 2
Cox Communications
300.0M x 30.0M",,,,,,
COD 01,COD 01,Comcast,300.0 M,Primary,Verizon Business,Cell,Secondary,96.78.2.33,166.248.10.6,Unknown,Unknown,"WAN 1
Comcast
300.0M x 35.0M
WAN 2
Verizon Business",,,,,,
COD 03,COD 03,Comcast,300.0 M,Primary,Unknown,,Secondary,96.75.122.169,107.80.171.49,Comcast,"AT&T Enterprises, LLC","WAN 1
Comcast
300.0M x 35.0M
WAN 2
Unknown",,,,,,
COD 08,COD 08,Comcast,300.0 M,Primary,Unknown,,Secondary,96.75.124.5,107.80.172.40,Unknown,"AT&T Enterprises, LLC","WAN 1
Comcast
300.0M x 35.0M
WAN 2
Unknown",,,,,,
COD 09,COD 09,Comcast,300.0 M,Primary,Unknown,,Secondary,96.75.102.5,166.248.10.116,Comcast,Verizon Business,"WAN 1
Comcast
300.0M x 30.0M
WAN 2
Unknown",,,,,,
COD 13,COD 13,Comcast,300.0 M,Primary,VZW Cell,Cell,Secondary,96.76.170.93,166.248.10.163,Unknown,Verizon Business,"WAN 1
Comcast
300.0M x 35.0M
WAN 2
VZW Cell
Cell",,,,,,
COD 23,COD 23,Comcast,300.0 M,Primary,EB2-Lumen DSL,100.0M x 10.0M,Secondary,50.209.236.229,67.40.43.129,Unknown,Unknown,"WAN 1
Comcast
300.0M x 35.0M
WAN 2
EB2-Lumen DSL
100.0M x 10.0M",,,,EB2-Lumen DSL,100.0M x 10.0M,67.40.43.129
COD 38,COD 38,CenturyLink,100.0 M,Primary,Digi,Cell,Secondary,63.229.225.1,107.80.186.29,CenturyLink,"AT&T Enterprises, LLC","WAN 1
CenturyLink
100.0M x 10.0M
WAN 2
Digi
Cell",,,,CenturyLink/Qwest,100.0M x 10.0M,63.229.225.1
COD 41,COD 41,Lumen,300.0 M,Primary,Verizon Business,Cell,Secondary,65.56.84.242,166.156.147.159,Unknown,Unknown,"WAN 1
Lumen
300.0M x 300.0M
WAN 2
Verizon Business",,,,,,
Cog 02,Cog 02,Comcast,750.0 M,Primary,Community Broadband Network,100.0 M,Secondary,50.198.210.201,74.114.7.176,Comcast,Glenwood Springs Community Broadband Network,"WAN 1
Comcast
750.0M x 35.0M
WAN 2
Community Broadband Network
100.0M x 100.0M",,,,,,
Desert Ridge,Desert Ridge,Cox Network 500 Circuit ID 23.HMXX.126497 Acct 2318296-02 AT&T ADI,100.0 M,Primary,,,Secondary,98.175.209.47,12.126.134.78,Cox Communications,AT&T,"WAN 1
Cox Network 500 500 Circuit ID 23.HMXX.126497 Acct 2318296-02 AT&T ADI
100.0M x 100.0M",,,,,,
FLJ_00,FLJ_00,Comcast,300.0 M,Primary,AT&T,300.0 M,Secondary,96.76.16.49,99.27.27.113,Comcast,AT&T,"WAN 1
Comcast
300.0M x 30.0M
WAN 2
AT&T
300.0M x 300.0M",,,,,,
FLT 02,FLT 02,Comcast,300.0 M,Primary,MetroNet,300.0M x 300.0M,Secondary,50.252.158.189,46.110.100.229,Unknown,Unknown,"WAN 1
Comcast
300.0M x 35.0M
WAN 2
MetroNet
300.0M x 300.0M",,,,MetroNet,300.0M x 300.0M,46.110.100.229
GAA 01,GAA 01,Comcast,300.0 M,Primary,AT&T Broadband II,300.0M x 300.0M,Secondary,96.73.255.205,75.52.168.161,Comcast,AT&T,"WAN 1
Comcast
300.0M x 35.0M
WAN 2
AT&T Broadband II
300.0M x 300.0M",,,,AT&T Broadband II,300.0M x 300.0M,75.52.168.161
GAA 10,GAA 10,AT&T Broadband II,1000.0 M,Primary,Comcast,1000.0M x 1000.0M,Secondary,162.195.253.1,96.77.85.21,Unknown,Unknown,"WAN 1
AT&T Broadband II
1000.0M x 1000.0M
WAN 2
Comcast
300.0M x 30.0M",,,,AT&T Broadband II,1000.0M x 1000.0M,162.195.253.1
GAA 12,GAA 12,AT&T Broadband II,1000.0 M,Primary,Comcast,1000.0M x 1000.0M,Secondary,104.188.254.185,96.73.252.173,AT&T,Comcast,"WAN 1
AT&T Broadband II
1000.0M x 1000.0M
WAN 2
Comcast
300.0M x 35.0M",,,,AT&T Broadband II,1000.0M x 1000.0M,104.188.254.185
GAA 13,GAA 13,AT&T Broadband II,1000.0 M,Primary,Comcast,1000.0M x 1000.0M,Secondary,76.216.69.1,96.77.71.133,AT&T,Comcast,"WAN 1
AT&T Broadband II
1000.0M x 1000.0M
WAN 2
Comcast
300.0M x 30.0M",,,,AT&T Broadband II,1000.0M x 1000.0M,76.216.69.1
GAA 14,GAA 14,Comcast,300.0 M,Primary,AT&T Broadband II,1000.0M x 1000.0M,Secondary,96.73.252.21,107.130.209.169,Unknown,Unknown,"WAN 1
Comcast
300.0M x 35.0M
WAN 2
AT&T Broadband II
500.0M x 500.0M",,,,AT&T Broadband II,1000.0M x 1000.0M,107.130.209.169
GAA 15,GAA 15,AT&T Broadband II,1000.0 M,Primary,Comcast,1000.0M x 1000.0M,Secondary,162.205.233.145,96.77.64.1,Unknown,Unknown,"WAN 1
AT&T Broadband II
1000.0M x 1000.0M
WAN 2
Comcast
300.0M x 35.0M",,,,AT&T Broadband II,1000.0M x 1000.0M,162.205.233.145
GAA 18,GAA 18,AT&T Broadband II,1000.0 M,Primary,Comcast,1000.0M x 1000.0M,Secondary,107.130.210.65,96.73.223.85,Unknown,"Comcast Cable Communications, LLC","WAN 1
AT&T Broadband II
1000.0M x 1000.0M
WAN 2
Comcast
300.0M x 35.0M",,,,AT&T Broadband II,1000.0M x 1000.0M,107.130.210.65
GAA 21,GAA 21,AT&T Broadband II,1000.0 M,Primary,"Comcast Cable Communications, LLC",1000.0M x 1000.0M,Secondary,108.209.103.225,96.73.249.37,AT&T,Comcast,"WAN 1
AT&T Broadband II
1000.0M x 1000.0M
WAN 2
Comcast Cable Communications, LLC",,,,AT&T Broadband II,1000.0M x 1000.0M,108.209.103.225
GAA 25,GAA 25,AT&T Broadband II,1000.0 M,Primary,AT&T Broadband II,1000.0M x 1000.0M,Secondary,162.235.81.185,50.251.137.177,Unknown,Unknown,"WAN 1
AT&T Broadband II
1000.0M x 1000.0M",,,,AT&T Broadband II,1000.0M x 1000.0M,162.235.81.185
GAA 27,GAA 27,AT&T Broadband II,1000.0 M,Primary,Comcast,1000.0M x 1000.0M,Secondary,162.235.50.185,96.67.122.225,AT&T,Comcast,"WAN 1
AT&T Broadband II
1000.0M x 1000.0M
WAN 2
Comcast",,,,AT&T Broadband II,1000.0M x 1000.0M,162.235.50.185
GAA 28,GAA 28,Comcast,300.0 M,Primary,AT&T Broadband II,300.0M x 300.0M,Secondary,96.77.72.169,99.8.195.153,Comcast,AT&T,"WAN 1
Comcast
300.0M x 35.0M
WAN 2
AT&T Broadband II
300.0M x 300.0M",,,,AT&T Broadband II,300.0M x 300.0M,99.8.195.153
GAA 30,GAA 30,AT&T Broadband II,1000.0 M,Primary,Comcast,1000.0M x 1000.0M,Secondary,107.216.87.73,96.73.252.169,AT&T,Comcast,"WAN 1
AT&T Broadband II
1000.0M x 1000.0M
WAN 2
Comcast
300.0M x 35.0M",,,,AT&T Broadband II,1000.0M x 1000.0M,107.216.87.73
GAA W00,GAA W00,AT&T Broadband II,300.0 M,Primary,Digi,Cell,Secondary,45.22.51.193,107.85.128.174,AT&T,AT&T,"WAN 1
AT&T Broadband II
300.0M x 30.0M
WAN 2
Digi
Cell",,,,,,
GAA_00,GAA_00,AT&T,1000.0 M,Primary,Comcast,750.0 M,Secondary,64.109.201.225,173.15.209.109,Unknown,Unknown,"WAN 1
AT&T
1000.0M x 1000.0M
WAN 2
Comcast
750.0M x 35.0M",,,,,,
GAACALLCNTR,GAACALLCNTR,AT&T,300.0 M,Primary,Charter Communications,100.0 M,Secondary,104.184.151.49,47.46.162.82,Unknown,Unknown,"WAN 1
AT&T
300.0M x 300.0M
WAN 2
Charter Communications
100.0M x 30.0M",,,,,,
ILC 01,ILC 01,AT&T Broadband II,1000.0 M,Primary,Comcast,1000.0M x 1000.0M,Secondary,104.12.155.57,96.74.211.233,Unknown,Unknown,"WAN 1
AT&T Broadband II
1000.0M x 1000.0M
WAN 2
Comcast
300.0M x 35.0M",,,,AT&T Broadband II,1000.0M x 1000.0M,104.12.155.57
ILC 02,ILC 02,Comcast Workplace,750.0 M,Primary,Comcast Workplace,600.0M x 35.0M,Secondary,96.72.114.241,96.81.226.89,Unknown,Unknown,"WAN 1
Comcast Workplace
750.0M x 35.0M
WAN 2
Comcast Workplace
750.0M x 35.0M",,,,Comcast Workplace,750.0M x 35.0M,96.81.226.89
ILC 04,ILC 04,AT&T Broadband II,1000.0 M,Primary,ComcastAgg Comcast,1000.0M x 1000.0M,Secondary,108.91.86.37,108.91.86.37,"AT&T Enterprises, LLC","AT&T Enterprises, LLC","WAN 1
AT&T Broadband II
1000.0M x 1000.0M
WAN 2
ComcastAgg Comcast
300.0M x 35.0M",,,,AT&T Broadband II,1000.0M x 1000.0M,NaN
ILC 06,ILC 06,AT&T Broadband II,1000.0 M,Primary,Comcast,1000.0M x 1000.0M,Secondary,108.91.15.137,74.94.114.85,AT&T,Comcast,"WAN 1
AT&T Broadband II
1000.0M x 1000.0M
WAN 2
Comcast
300.0M x 35.0M",,,,AT&T Broadband II,1000.0M x 1000.0M,108.91.15.137
ILC 09,ILC 09,Comcast,300.0 M,Primary,AT&T Broadband II,1000.0M x 1000.0M,Secondary,96.74.190.41,104.4.89.113,Unknown,Unknown,"WAN 1
Comcast
300.0M x 35.0M",,,,AT&T Broadband II,1000.0M x 1000.0M,104.4.89.113
ILC 11,ILC 11,Comcast,300.0 M,Primary,Unknown,,Secondary,96.74.196.161,166.180.159.148,Comcast,Verizon Business,"WAN 1
Comcast
300.0M x 35.0M
WAN 2
Unknown",,,,,,
ILC 12,ILC 12,Comcast,300.0 M,Primary,Verizon Business,Cell,Secondary,96.68.37.73,166.246.93.70,Unknown,Unknown,"WAN 1
Comcast
300.0M x 35.0M
WAN 2
Verizon Business",,,,,,
ILC 15,ILC 15,AT&T Broadband II,1000.0 M,Primary,Comcast,1000.0M x 1000.0M,Secondary,172.125.39.129,96.74.202.21,Unknown,Comcast,"WAN 1
AT&T Broadband II
1000.0M x 1000.0M
WAN 2
Comcast",,,,AT&T Broadband II,1000.0M x 1000.0M,172.125.39.129
ILC 18,ILC 18,AT&T Broadband II,1000.0 M,Primary,Comcast,1000.0M x 1000.0M,Secondary,107.200.191.1,96.74.204.97,Unknown,Unknown,"WAN 1
AT&T Broadband II
1000.0M x 1000.0M
WAN 2
Comcast
300.0M x 35.0M",,,,AT&T Broadband II,1000.0M x 1000.0M,107.200.191.1
ILC 19,ILC 19,AT&T Broadband II,1000.0 M,Primary,Comcast,1000.0M x 1000.0M,Secondary,162.229.147.233,96.74.149.133,AT&T,Comcast,"WAN 1
AT&T Broadband II
1000.0M x 1000.0M
WAN 2
Comcast
300.0M x 35.0M",,,,AT&T Broadband II,1000.0M x 1000.0M,162.229.147.233
ILC 24,ILC 24,Comcast,300.0 M,Primary,AT&T Broadband II,1000.0M x 1000.0M,Secondary,74.95.111.177,108.223.111.1,Unknown,Unknown,"WAN 1
Comcast
300.0M x 35.0M
WAN 2
AT&T Broadband II
1000.0M x 1000.0M",,,,AT&T Broadband II,1000.0M x 1000.0M,108.223.111.1
ILC 29,ILC 29,AT&T Broadband II,1000.0 M,Primary,Comcast,1000.0M x 1000.0M,Secondary,107.223.63.169,75.149.203.125,AT&T,Comcast,"WAN 1
AT&T Broadband II
1000.0M x 1000.0M
WAN 2
Comcast
300.0M x 35.0M",,,,AT&T Broadband II,1000.0M x 1000.0M,107.223.63.169
ILC_00,ILC_00,Comcast,300.0 M,Primary,AT&T,300.0 M,Secondary,96.74.249.185,107.209.6.145,Unknown,Unknown,"WAN 1
Comcast
300.0M x 30.0M
WAN 2
AT&T
300.0M x 300.0M",,,,,,
ILP 01,ILP 01,i3 Broadband,250.0 M,Primary,Starlink,250.0M x 250.0M,Secondary,140.141.187.98,143.105.115.158,Unknown,Unknown,"WAN 1
i3 Broadband
250.0M x 250.0M
WAN 2
Starlink
Satellite",,,,i3 Broadband,250.0M x 250.0M,140.141.187.98
ILR 01,ILR 01,Comcast,600.0 M,Primary,Unknown,,Secondary,74.94.116.73,107.80.183.106,Comcast,"AT&T Enterprises, LLC","WAN 1
Comcast
600.0M x 35.0M
WAN 2
Unknown",,,,,,
INI 03,INI 03,AT&T Broadband II,300.0 M,Primary,Digi,Cell,Secondary,76.210.157.221,166.184.105.189,AT&T,"AT&T Enterprises, LLC","WAN 1
AT&T Broadband II
300.0M x 300.0M
WAN 2
Digi
Cell",,,,AT&T Broadband II,300.0M x 300.0M,76.210.157.217
INI 05,INI 05,ComcastAgg Comcast,300.0 M,Primary,AT&T Broadband II,300.0M x 300.0M,Secondary,96.72.240.254,75.61.116.233,"Comcast Cable Communications, LLC",AT&T,"WAN 1
ComcastAgg Comcast
300.0M x 35.0M
WAN 2
AT&T Broadband II
300.0M x 300.0M",,,,AT&T Broadband II,300.0M x 300.0M,75.61.116.233
INI 09,INI 09,Comcast,300.0 M,Primary,AT&T Broadband II,300.0M x 300.0M,Secondary,96.72.240.229,107.220.40.169,Comcast,AT&T,"WAN 1
Comcast
300.0M x 35.0M
WAN 2
AT&T Broadband II
300.0M x 300.0M",,,,AT&T Broadband II,300.0M x 300.0M,107.220.40.169
INI_00,INI_00,DSR Cincinnati Bell ADSL,400.0 M,Primary,Charter Communications,600.0 M,Secondary,66.42.186.206,71.66.89.90,Unknown,Unknown,"WAN 1
DSR Cincinnati Bell ADSL
400.0M x 200.0M
WAN 2
Charter Communications
600.0M x 35.0M",,,,,,
INW 01,INW 01,AT&T Broadband II,1000.0 M,Primary,Comcast,1000.0M x 1000.0M,Secondary,99.39.182.185,96.74.215.229,AT&T,Comcast,"WAN 1
AT&T Broadband II
1000.0M x 1000.0M
WAN 2
Comcast
300.0M x 35.0M",,,,AT&T Broadband II,1000.0M x 1000.0M,99.39.182.185
INW 02,INW 02,Comcast,300.0 M,Primary,Digi,Cell,Secondary,96.72.115.9,107.85.135.19,Unknown,"AT&T Enterprises, LLC","WAN 1
Comcast
300.0M x 35.0M
WAN 2
Digi
Cell",,,,,,
KSK 01,KSK 01,AT&T Broadband II,1000.0 M,Primary,Comcast,1000.0M x 1000.0M,Secondary,104.5.151.241,96.73.43.217,Unknown,Unknown,"WAN 1
AT&T Broadband II
1000.0M x 1000.0M
WAN 2
Comcast
300.0M x 35.0M",,,,AT&T Broadband II,1000.0M x 1000.0M,104.5.151.241
KSK_00,KSK_00,Charter Communications,600.0 M,Primary,AT&T,300.0 M,Secondary,150.220.245.70,76.201.157.129,Charter Communications,AT&T,"WAN 1
Charter Communications
600.0M x 35.0M
WAN 2
AT&T
300.0M x 300.0M",,,,,,
MIA 17,MIA 17,D & P Communications,1000.0 M,Primary,Comcast,1000.0M x 500.0M,Secondary,63.143.19.230,173.13.30.249,"D&P Communications, Inc.",Comcast,"WAN 1
D & P Communications
1000.0M x 500.0M
WAN 2
Comcast",,,,D & P Communications,1000.0M x 500.0M,63.143.19.230
MID 05,MID 05,AT&T Broadband II,1000.0 M,Primary,Comcast,1000.0M x 1000.0M,Secondary,108.85.101.97,96.80.239.129,AT&T,Comcast,"WAN 1
AT&T Broadband II
1000.0M x 1000.0M
WAN 2
Comcast
300.0M x 25.0M",,,,AT&T Broadband II,1000.0M x 1000.0M,108.85.101.97
MID 07,MID 07,AT&T Broadband II,1000.0 M,Primary,Comcast,1000.0M x 1000.0M,Secondary,108.224.190.33,75.145.237.101,AT&T,Comcast,"WAN 1
AT&T Broadband II
1000.0M x 1000.0M
WAN 2
Comcast
300.0M x 35.0M",,,,AT&T Broadband II,1000.0M x 1000.0M,108.224.190.33
MID 09,MID 09,AT&T Broadband II,1000.0 M,Primary,Comcast,1000.0M x 1000.0M,Secondary,99.95.104.17,96.76.241.73,AT&T,Comcast,"WAN 1
AT&T Broadband II
1000.0M x 1000.0M
WAN 2
Comcast
300.0M x 35.0M",,,,AT&T Broadband II,1000.0M x 1000.0M,99.95.104.17
MID 13,MID 13,AT&T Broadband II,1000.0 M,Primary,Comcast,1000.0M x 1000.0M,Secondary,104.59.8.253,96.76.233.165,Unknown,Unknown,"WAN 1
AT&T Broadband II
1000.0M x 1000.0M
WAN 2
Comcast
300.0M x 35.0M",,,,AT&T Broadband II,1000.0M x 1000.0M,104.59.8.249
MID 14,MID 14,AT&T Broadband II,300.0 M,Primary,Comcast,300.0M x 300.0M,Secondary,76.227.245.41,96.75.39.45,AT&T,Comcast,"WAN 1
AT&T Broadband II
300.0M x 300.0M
WAN 2
Comcast
300.0M x 35.0M",,,,AT&T Broadband II,300.0M x 300.0M,76.227.245.41
MID 16,MID 16,AT&T Broadband II,1000.0 M,Primary,Comcast,1000.0M x 1000.0M,Secondary,104.59.15.185,96.92.62.81,AT&T,Comcast,"WAN 1
AT&T Broadband II
1000.0M x 1000.0M
WAN 2
Comcast
300.0M x 35.0M",,,,AT&T Broadband II,1000.0M x 1000.0M,104.59.15.185
MID 17,MID 17,AT&T Broadband II,1000.0 M,Primary,Comcast,1000.0M x 1000.0M,Secondary,71.150.237.33,96.76.232.101,AT&T,Comcast,"WAN 1
AT&T Broadband II
1000.0M x 1000.0M
WAN 2
Comcast
300.0M x 35.0M",,,,AT&T Broadband II,1000.0M x 1000.0M,71.150.237.33
MID 18,MID 18,Comcast,300.0 M,Primary,AT&T Broadband II,300.0M x 300.0M,Secondary,96.70.103.113,23.123.121.129,Unknown,Unknown,"WAN 1
Comcast
300.0M x 35.0M
WAN 2
AT&T Broadband II
300.0M x 300.0M",,,,AT&T Broadband II,300.0M x 300.0M,23.123.121.129
MID 19,MID 19,AT&T Broadband II,1000.0 M,Primary,Comcast,1000.0M x 1000.0M,Secondary,108.203.130.1,173.162.61.253,Unknown,Unknown,"WAN 1
AT&T Broadband II
1000.0M x 1000.0M
WAN 2
Comcast
300.0M x 35.0M",,,,AT&T Broadband II,1000.0M x 1000.0M,108.203.130.1
MID 24,MID 24,Comcast,300.0 M,Primary,AT&T Broadband II,300.0M x 300.0M,Secondary,96.75.57.253,76.227.244.153,Comcast,AT&T,"WAN 1
Comcast
300.0M x 35.0M
WAN 2
AT&T Broadband II
300.0M x 300.0M",,,,AT&T Broadband II,300.0M x 300.0M,76.227.244.153
MIF 04,MIF 04,AT&T Broadband II,1000.0 M,Primary,Comcast,1000.0M x 1000.0M,Secondary,104.59.13.225,96.76.235.173,AT&T,Comcast,"WAN 1
AT&T Broadband II
1000.0M x 1000.0M
WAN 2
Comcast
300.0M x 35.0M",,,,AT&T Broadband II,1000.0M x 1000.0M,104.59.13.225
MIF 05,MIF 05,Comcast,300.0 M,Primary,VZW Cell,Cell,Secondary,96.76.231.33,166.246.93.149,Comcast,Verizon Business,"WAN 1
Comcast
300.0M x 35.0M
WAN 2
VZW Cell
Cell",,,,,,
MIG 07,MIG 07,AT&T Broadband II,1000.0 M,Primary,Comcast,1000.0M x 1000.0M,Secondary,104.190.110.13,96.76.237.29,AT&T,Comcast,"WAN 1
AT&T Broadband II
1000.0M x 1000.0M
WAN 2
Comcast
300.0M x 35.0M",,,,AT&T Broadband II,1000.0M x 1000.0M,104.190.110.9
MIL 15,MIL 15,AT&T Broadband II,1000.0 M,Primary,Comcast,1000.0M x 1000.0M,Secondary,70.142.28.121,96.76.233.153,Unknown,Unknown,"WAN 1
AT&T Broadband II
1000.0M x 1000.0M
WAN 2
Comcast
300.0M x 35.0M",,,,AT&T Broadband II,1000.0M x 1000.0M,70.142.28.121
MIW 21,MIW 21,Comcast,300.0 M,Primary,AT&T Broadband II,300.0M x 300.0M,Secondary,75.145.145.189,99.39.180.209,Unknown,Unknown,"WAN 1
Comcast
300.0M x 35.0M
WAN 2
AT&T Broadband II
300.0M x 300.0M",,,,AT&T Broadband II,300.0M x 300.0M,99.39.180.209
MNM 02,MNM 02,Comcast,300.0 M,Primary,Starlink,Satellite,Secondary,96.75.157.169,143.105.57.230,Comcast,"SpaceX Services, Inc.","WAN 1
Comcast
300.0M x 30.0M
WAN 2
Starlink
Satellite",,,,,,
MNM 03,MNM 03,Comcast,300.0 M,Primary,VZW Cell,Cell,Secondary,96.75.153.5,166.180.46.137,Comcast,Verizon Business,"WAN 1
Comcast
300.0M x 30.0M
WAN 2
VZW Cell
Cell",,,,,,
MNM 09,MNM 09,DSR Comcast,750.0 M,Primary,Digi,Cell,Secondary,73.228.210.242,107.80.171.26,"Comcast IP Services, L.L.C.","AT&T Enterprises, LLC","WAN 1
DSR Comcast
750.0M x 35.0M
WAN 2
Digi
Cell",,,,,,
MNM 11,MNM 11,Comcast,300.0 M,Primary,VZW Cell,Cell,Secondary,96.75.149.153,166.180.159.153,Unknown,Verizon Business,"WAN 1
Comcast
300.0M x 35.0M
WAN 2
VZW Cell
Cell",,,,,,
MNM 24,MNM 24,Comcast,300.0 M,Primary,Verizon Business,Cell,Secondary,96.72.38.153,166.180.159.110,Comcast,Unknown,"WAN 1
Comcast
300.0M x 30.0M
WAN 2
Verizon Business",,,,,,
MNM 29,MNM 29,Comcast,300.0 M,Primary,Verizon Business,Cell,Secondary,96.75.159.233,166.246.93.68,Comcast,Unknown,"WAN 1
Comcast
300.0M x 30.0M
WAN 2
Verizon Business",,,,,,
MNM_00,MNM_00,Comcast,600.0 M,Primary,Digi,Cell,Secondary,173.165.242.141,107.80.169.238,Unknown,"AT&T Enterprises, LLC","WAN 1
Comcast
600.0M x 35.0M
WAN 2
Digi
Cell",,,,,,
MOO 01,MOO 01,ComcastAgg CableOne,300.0 M,Primary,Digi,Cell,Secondary,24.119.128.250,107.127.155.138,"CABLE ONE, INC.","AT&T Enterprises, LLC","WAN 1
ComcastAgg CableOne
300.0M x 35.0M
WAN 2
Digi
Cell",,,,,,
MOO 04,MOO 04,Level 3,300.0 M,Primary,Verizon,Cell,Secondary,4.35.182.162,63.43.232.131,Level 3,Verizon Business,"WAN 1
Level 3
300.0M x 300.0M
WAN 2
Verizon 5G",,,,,,
MOS_00,MOS_00,Charter Communications,750.0 M,Primary,AT&T,1000.0 M,Secondary,24.182.253.114,75.36.177.1,Charter Communications,AT&T,"WAN 1
Charter Communications
750.0M x 35.0M
WAN 2
AT&T
1000.0M x 1000.0M",,,,,,
NCC 38,NCC 38,MetroNet,1000.0 M,Primary,VZW Cell,Cell,Secondary,195.252.194.188,166.168.232.143,Metronet,Verizon Business,"WAN 1
MetroNet
1000.0M x 1000.0M
WAN 2
VZW Cell
Cell",,,,MetroNet,1000.0M x 1000.0M,195.252.194.188
NCC 48,NCC 48,Brightspeed,300.0 M,Primary,VZW Cell,Cell,Secondary,64.158.8.74,166.169.68.142,Level 3,Verizon Business,"WAN 1
Brightspeed
300.0M x 300.0M
WAN 2
VZW Cell
Cell",,,,Brightspeed,300.0M x 300.0M,64.158.8.74
NCC_00,NCC_00,Charter Communications,600.0 M,Primary,,,Secondary,66.57.166.218,45.23.77.145,Charter Communications,AT&T,"WAN 1
Charter Communications
600.0M x 35.0M",,,,,,
NMA 10,NMA 10,Comcast,300.0 M,Primary,VZW Cell,Cell,Secondary,96.77.22.185,166.248.7.28,Unknown,Verizon Business,"WAN 1
Comcast
300.0M x 35.0M
WAN 2
VZW Cell
Cell",,,,,,
NMA 13,NMA 13,Unite Private Networks,300.0 M,Primary,VZW Cell,Cell,Secondary,209.71.136.18,166.253.101.128,Unite Private Networks LLC.,Verizon Business,"WAN 1
Unite Private Networks
300.0M x 300.0M
WAN 2
VZW Cell
Cell",,,,Unite Private Networks,300.0M x 300.0M,209.71.136.18
NMA_00,NMA_00,Comcast,300.0 M,Primary,CenturyLink,100.0 M,Secondary,96.64.151.241,168.103.98.137,Comcast,CenturyLink,"WAN 1
Comcast
300.0M x 30.0M
WAN 2
CenturyLink
100.0M x 10.0M",,,,,,
NVL 07,NVL 07,Cox Communications,300.0 M,Primary,Verizon Business,300.0M x 30.0M,Secondary,174.71.198.86,166.248.9.203,Unknown,Unknown,"WAN 1
Cox Communications
300.0M x 30.0M
WAN 2
Verizon Business",,,,Cox Business/BOI,300.0M x 50.0M,174.71.198.86
NVL 15,NVL 15,Cox Business/BOI,300.0 M,Primary,CenturyLink,300.0M x 30.0M,Secondary,24.234.120.82,75.171.91.197,Unknown,Unknown,"WAN 1
Cox Business BOI
300.0M x 30.0M
WAN 2
CenturyLink
80.0M x 10.0M",,,,Cox Business/BOI,300.0M x 30.0M,24.234.120.82
ORP 01,ORP 01,Comcast,300.0 M,Primary,Digi,Cell,Secondary,96.95.155.237,166.184.132.163,Unknown,"AT&T Enterprises, LLC","WAN 1
Comcast
300.0M x 30.0M
WAN 2
Digi
Cell",,,,,,
ORP 03,ORP 03,Comcast,300.0 M,Primary,Ziply Fiber,500.0M x 500.0M,Secondary,96.76.103.197,50.126.114.122,Comcast,Unknown,"WAN 1
Comcast
300.0M x 30.0M
WAN 2
Ziply Fiber
500.0M x 500.0M",,,,EB2-Ziply Fiber,500.0M x 500.0M,50.126.114.122
ORP 05,ORP 05,Comcast,300.0 M,Primary,VZW Cell,Cell,Secondary,96.71.178.237,166.253.100.70,Unknown,Verizon Business,"WAN 1
Comcast
300.0M x 30.0M
WAN 2
VZW Cell
Cell",,,,,,
TNE 01,TNE 01,Comcast,300.0 M,Primary,BrightRidge,300.0M x 30.0M,Secondary,96.69.125.117,152.86.78.119,Unknown,Unknown,"WAN 1
Comcast
300.0M x 35.0M
WAN 2
BrightRidge
300.0M x 30.0M",,,,BrightRidge Broadband,300.0M x 30.0M,152.86.78.119
TNN 02,TNN 02,AT&T Broadband II,1000.0 M,Primary,AT&T Broadband II,1000.0M x 1000.0M,Secondary,99.96.219.25,96.74.47.109,AT&T,Comcast,"WAN 1
AT&T Broadband II
1000.0M x 1000.0M",,,,AT&T Broadband II,1000.0M x 1000.0M,99.96.219.25
TNN 06,TNN 06,AT&T Broadband II,1000.0 M,Primary,Comcast,1000.0M x 1000.0M,Secondary,70.237.81.129,50.243.116.185,AT&T,Comcast,"WAN 1
AT&T Broadband II
1000.0M x 1000.0M
WAN 2
Comcast
300.0M x 35.0M",,,,AT&T Broadband II,1000.0M x 1000.0M,70.237.81.129
TNN 11,TNN 11,Comcast,300.0 M,Primary,AT&T Broadband II,300.0M x 300.0M,Secondary,50.252.78.69,76.221.223.145,Comcast,AT&T,"WAN 1
Comcast
300.0M x 35.0M
WAN 2
AT&T Broadband II
300.0M x 300.0M",,,,AT&T Broadband II,300.0M x 300.0M,76.221.223.145
TNN_00,TNN_00,AT&T,300.0 M,Primary,Comcast,300.0 M,Secondary,162.203.252.161,96.69.101.185,Unknown,Unknown,"WAN 1
AT&T
300.0M x 300.0M
WAN 2
Comcast
300.0M x 30.0M",,,,,,
TXA 24,TXA 24,Spectrum,750.0 M,Primary,"AT&T Enterprises, LLC",600.0M x 35.0M,Secondary,67.79.200.206,107.80.172.73,Charter Communications,"AT&T Enterprises, LLC","WAN 1
Spectrum
750.0M x 35.0M
WAN 2
AT&T Enterprises, LLC",,,,Spectrum,750.0M x 35.0M,67.79.200.206
TXD 71,TXD 71,AT&T Broadband II,300.0 M,Primary,VZW Cell,Cell,Secondary,162.205.137.169,166.154.40.58,AT&T,Verizon Business,"WAN 1
AT&T Broadband II
300.0M x 300.0M
WAN 2
VZW Cell
Cell",,,,AT&T Broadband II,300.0M x 300.0M,162.205.137.169
TXD_00,TXD_00,DSR Road Runner BOC | Extended Cable |,600.0 M,Primary,Unknown,,Secondary,50.84.170.198,107.80.177.132,Unknown,"AT&T Enterprises, LLC","WAN 1
DSR Road Runner BOC | Extended Cable |
600.0M x 35.0M
WAN 2
Unknown",,,,,,
TXG 02,TXG 02,Consolidated Communications,300.0 M,Primary,VZW Cell,Cell,Secondary,156.47.166.66,166.163.165.238,"Consolidated Communications, Inc.",Verizon Business,"WAN 1
Consolidated Communications
300.0M x 300.0M
WAN 2
VZW Cell
Cell",,,,Consolidated Communications,300.0M x 300.0M,156.47.166.66
TXG 03,TXG 03,Comcast Workplace,750.0 M,Primary,Starlink,600.0M x 35.0M,Secondary,96.76.181.37,98.97.190.107,Unknown,Unknown,"WAN 1
Comcast Workplace
750.0M x 35.0M
WAN 2
Starlink
Satellite",,,,Comcast Workplace,750.0M x 35.0M,96.76.181.37
TXH 04,TXH 04,AT&T Broadband II,1000.0 M,Primary,Comcast,1000.0M x 1000.0M,Secondary,99.125.136.1,96.79.187.121,Unknown,Unknown,"WAN 1
AT&T Broadband II
1000.0M x 1000.0M
WAN 2
Comcast",,,,AT&T Broadband II,1000.0M x 1000.0M,99.125.136.1
TXH 05,TXH 05,AT&T Broadband II,300.0 M,Primary,Comcast,300.0M x 300.0M,Secondary,99.110.95.201,96.73.96.237,AT&T,Comcast,"WAN 1
AT&T Broadband II
300.0M x 300.0M
WAN 2
Comcast
300.0M x 35.0M",,,,AT&T Broadband II,300.0M x 300.0M,99.110.95.201
TXH 17,TXH 17,Comcast,300.0 M,Primary,AT&T Broadband II,300.0M x 300.0M,Secondary,96.79.164.129,99.76.17.49,Unknown,Unknown,"WAN 1
Comcast
300.0M x 35.0M
WAN 2
AT&T Broadband II
300.0M x 300.0M",,,,AT&T Broadband II,300.0M x 300.0M,99.76.17.49
TXH 24,TXH 24,Comcast,300.0 M,Primary,AT&T Broadband II,300.0M x 300.0M,Secondary,96.76.185.213,99.111.248.9,Comcast,AT&T,"WAN 1
Comcast
300.0M x 35.0M
WAN 2
AT&T Broadband II
300.0M x 300.0M",,,,AT&T Broadband II,300.0M x 300.0M,99.111.248.9
TXH 25,TXH 25,Comcast,300.0 M,Primary,VZW Cell,Cell,Secondary,50.209.123.141,166.168.231.150,Unknown,Verizon Business,"WAN 1
Comcast
300.0M x 35.0M
WAN 2
VZW Cell
Cell",,,,,,
TXH 28,TXH 28,Comcast,300.0 M,Primary,Unknown,,Secondary,96.77.135.141,107.80.182.164,Comcast,"AT&T Enterprises, LLC","WAN 1
Comcast
300.0M x 35.0M
WAN 2
Unknown",,,,,,
TXH 34,TXH 34,AT&T Broadband II,1000.0 M,Primary,Starlink,1000.0M x 1000.0M,Secondary,23.126.108.177,143.105.61.89,Unknown,Unknown,"WAN 1
AT&T Broadband II
1000.0M x 1000.0M
WAN 2
Starlink
Satellite",,,,AT&T Broadband II,1000.0M x 1000.0M,23.126.108.177
TXH 41,TXH 41,AT&T Broadband II,1000.0 M,Primary,Comcast,1000.0M x 1000.0M,Secondary,162.236.70.129,96.73.99.97,Unknown,Unknown,"WAN 1
AT&T Broadband II
1000.0M x 1000.0M
WAN 2
Comcast
300.0M x 35.0M",,,,AT&T Broadband II,1000.0M x 1000.0M,162.236.70.129
TXH 44,TXH 44,Comcast,300.0 M,Primary,Verizon Business,Cell,Secondary,50.194.161.17,166.168.184.33,Comcast,Unknown,"WAN 1
Comcast
300.0M x 30.0M
WAN 2
Verizon Business",,,,,,
TXH 52,TXH 52,AT&T Broadband II,1000.0 M,Primary,Comcast,1000.0M x 1000.0M,Secondary,68.74.126.121,50.210.208.249,AT&T,Comcast,"WAN 1
AT&T Broadband II
1000.0M x 1000.0M
WAN 2
Comcast
300.0M x 35.0M",,,,AT&T Broadband II,1000.0M x 1000.0M,68.74.126.121
TXH 55,TXH 55,AT&T Broadband II,1000.0 M,Primary,"Comcast Cable Communications, LLC",1000.0M x 1000.0M,Secondary,108.223.37.121,96.73.120.17,AT&T,Comcast,"WAN 1
AT&T Broadband II
1000.0M x 1000.0M
WAN 2
Comcast Cable Communications, LLC",,,,AT&T Broadband II,1000.0M x 1000.0M,108.223.37.121
TXH 56,TXH 56,AT&T Broadband II,1000.0 M,Primary,Comcast,1000.0M x 1000.0M,Secondary,172.10.171.81,96.77.159.245,Unknown,Comcast,"WAN 1
AT&T Broadband II
1000.0M x 1000.0M
WAN 2
Comcast
300.0M x 35.0M",,,,AT&T Broadband II,1000.0M x 1000.0M,172.10.171.81
TXH 64,TXH 64,Comcast,300.0 M,Primary,Unknown,,Secondary,96.73.126.69,107.127.155.244,Comcast,"AT&T Enterprises, LLC","WAN 1
Comcast
300.0M x 35.0M
WAN 2
Unknown",,,,,,
TXH 65,TXH 65,AT&T Broadband II,1000.0 M,Primary,Comcast,1000.0M x 1000.0M,Secondary,108.210.135.209,50.249.68.153,AT&T,Comcast,"WAN 1
AT&T Broadband II
1000.0M x 1000.0M
WAN 2
Comcast
300.0M x 35.0M",,,,AT&T Broadband II,1000.0M x 1000.0M,108.210.135.209
TXH 70,TXH 70,Comcast,300.0 M,Primary,Digi,Cell,Secondary,96.91.38.197,107.80.163.194,Unknown,"AT&T Enterprises, LLC","WAN 1
Comcast
300.0M x 35.0M
WAN 2
Digi
Cell",,,,,,
TXH 82,TXH 82,Comcast,300.0 M,Primary,AT&T Broadband II,300.0M x 300.0M,Secondary,96.77.139.49,75.51.12.57,Comcast,AT&T,"WAN 1
Comcast
300.0M x 35.0M
WAN 2
AT&T Broadband II
300.0M x 300.0M",,,,AT&T Broadband II,300.0M x 300.0M,75.51.12.57
TXH 86,TXH 86,Comcast,300.0 M,Primary,Verizon Business,Cell,Secondary,96.73.122.161,166.180.159.109,Comcast,Verizon Business,"WAN 1
Comcast
300.0M x 25.0M
WAN 2
Verizon Business",,,,,,
TXH_00,TXH_00,AT&T,300.0 M,Primary,Comcast,300.0 M,Secondary,162.201.19.73,96.85.28.9,Unknown,Unknown,"WAN 1
AT&T
300.0M x 300.0M
WAN 2
Comcast
300.0M x 30.0M",,,,,,
TXHT00,TXHT00,Comcast,300.0 M,Primary,Unknown,,Secondary,75.148.163.185,0.0.0.0,Unknown,Private IP,"WAN 1
Comcast
300.0M x 30.0M
WAN 2
Unknown",,,,,,
UTS 02,UTS 02,Comcast,300.0 M,Primary,Digi,Cell,Secondary,96.73.19.25,166.184.137.240,Unknown,"AT&T Enterprises, LLC","WAN 1
Comcast
300.0M x 30.0M
WAN 2
Digi
Cell",,,,,,
UTS 07,UTS 07,Comcast,300.0 M,Primary,DSR Lumen DSL,80.0M x 10.0M,Secondary,96.92.90.13,65.100.251.198,Comcast,"CenturyLink Communications, LLC","WAN 1
Comcast
300.0M x 35.0M
WAN 2
DSR Lumen DSL
80.0M x 10.0M",,,,EB2-Lumen DSL,80.0M x 10.0M,65.100.251.193
UTS 11,UTS 11,Comcast,300.0 M,Primary,Centracom,300.0M x 30.0M,Secondary,50.198.188.101,64.77.208.93,Comcast,Unknown,"WAN 1
Comcast
300.0M x 30.0M
WAN 2
Centracom
300.0M x 30.0M",,,,Centracom,300.0M x 30.0M,64.77.208.93
UTS 15,UTS 15,Comcast,600.0 M,Primary,VZW Cell,Cell,Secondary,50.77.46.93,166.248.10.40,Comcast,Verizon Business,"WAN 1
Comcast
600.0M x 35.0M
WAN 2
VZW Cell
Cell",,,,,,
UTS 16,UTS 16,Comcast,300.0 M,Primary,DSR CLink,100.0M x 10.0M,Secondary,96.73.18.105,65.100.251.161,Comcast,Crossroads Plaza Associates,"WAN 1
Comcast
300.0M x 30.0M
WAN 2
DSR CLink
100.0M x 10.0M",,,,EB2-Lumen DSL,100.0M x 10.0M,65.100.251.161
UTS 17,UTS 17,Comcast,300.0 M,Primary,Verizon Business,Cell,Secondary,96.73.31.129,166.248.10.39,Comcast,Unknown,"WAN 1
Comcast
300.0M x 30.0M
WAN 2
Verizon Business",,,,,,
UTS 19,UTS 19,Comcast,300.0 M,Primary,VZW Cell,Cell,Secondary,173.14.230.17,166.248.9.53,Comcast,Verizon Business,"WAN 1
Comcast
300.0M x 30.0M
WAN 2
VZW Cell
Cell",,,,,,
UTS 26,UTS 26,Infowest Inc,250.0 M,Primary,VZW Cell,Cell,Secondary,209.33.214.82,174.247.148.52,Unknown,Verizon Business,"WAN 1
Infowest Inc
250.0M x 250.0M
WAN 2
VZW Cell
Cell",,,,Infowest Inc,250.0M x 250.0M,209.33.214.82
UTS W01,UTS W01,Comcast,600.0 M,Primary,Digi,Cell,Secondary,50.208.244.41,166.184.158.66,Comcast,"AT&T Enterprises, LLC","WAN 1
Comcast
600.0M x 35.0M
WAN 2
Digi
Cell",,,,,,
UTS W02,UTS W02,DSR Comcast Cable,600.0 M,Primary,VZW Cell,Cell,Secondary,50.215.217.150,166.168.231.163,"Comcast Cable Communications, LLC",Verizon Business,"WAN 1
DSR Comcast Cable
600.0M x 35.0M
WAN 2
VZW Cell
Cell",,,,,,
VAF 01 - appliance,VAF 01 - appliance,Comcast,250.0 M,Primary,Digi,Cell,Secondary,50.211.60.57,166.184.103.92,Unknown,"AT&T Enterprises, LLC","WAN 1
Comcast
250.0M x 25.0M
WAN 2
Digi
Cell",,,,,,
VAR 01,VAR 01,Comcast,300.0 M,Primary,VZW Cell,Cell,Secondary,75.150.59.61,107.85.158.120,Comcast,"AT&T Enterprises, LLC","WAN 1
Comcast
300.0M x 30.0M
WAN 2
VZW Cell
Cell",,,,,,
VAR_00,VAR_00,Comcast,600.0 M,Primary,Digi,Cell,Secondary,50.210.2.145,107.85.137.141,Unknown,"AT&T Enterprises, LLC","WAN 1
Comcast
600.0M x 35.0M
WAN 2
Digi
Cell",,,,,,
WAE 01,WAE 01,Comcast,300.0 M,Primary,Verizon Business,Cell,Secondary,50.245.147.185,166.248.7.34,Comcast,Unknown,"WAN 1
Comcast
300.0M x 30.0M
WAN 2
Verizon Business",,,,,,
WAE 02,WAE 02,Comcast,300.0 M,Primary,Verizon Business,Cell,Secondary,173.160.129.105,166.248.10.12,Comcast,Unknown,"WAN 1
Comcast
300.0M x 300.0M
WAN 2
Verizon Business",,,,,,
WAS 09,WAS 09,Comcast,300.0 M,Primary,Digi,Cell,Secondary,173.160.199.17,166.184.138.128,Comcast,"AT&T Enterprises, LLC","WAN 1
Comcast
300.0M x 30.0M
WAN 2
Digi
Cell",,,,,,
WAS 11,WAS 11,Comcast,300.0 M,Primary,Digi,Cell,Secondary,96.74.20.73,166.184.132.102,Comcast,"AT&T Enterprises, LLC","WAN 1
Comcast
300.0M x 30.0M
WAN 2
Digi
Cell",,,,,,
WAS 14,WAS 14,Comcast,300.0 M,Primary,Digi,Cell,Secondary,75.151.126.225,166.184.131.38,Comcast,"AT&T Enterprises, LLC","WAN 1
Comcast
300.0M x 30.0M
WAN 2
Digi
Cell",,,,,,
WAS 23,WAS 23,ComcastAgg CLink,10.0 M,Primary,Digi,Cell,Secondary,65.101.138.25,107.84.141.91,Unknown,Unknown,"WAN 1
ComcastAgg CLink
10.0M x 1.0M
WAN 2
Digi
Cell",,,,,,
WAS W00,WAS W00,Comcast,200.0 M,Primary,Digi Cell,Cell,Secondary,50.210.47.185,166.184.139.176,Unknown,Unknown,"WAN 1
Comcast
200.0M x 200.0M
WAN 2
Digi Cell
Cell",,,,,,
WDTD 01,WDTD 01,AT&T,1000.0 M,Primary,ATT,100.0 M,Secondary,107.132.157.73,166.168.180.168,AT&T,Verizon Business,"WAN 1
AT&T
1000.0M x 1000.0M
WAN 2
ATT
100.0M x 10.0M",,,,,,
