site_id,site_name,primary_provider,primary_ip,primary_bandwidth
ALB 01,ALB 01,AT&T Broadband II,108.209.60.25,200.0M x 200.0M
ALB 03,ALB 03,Spectrum,66.190.127.170,600.0M x 35.0M
ALM 01,ALM 01,Spectrum,35.135.143.110,600.0M x 35.0M
ALM 02,ALM 02,Spectrum,156.19.135.26,300.0M x 20.0M
ALM 03,ALM 03,Spectrum,156.19.130.22,940.0M x 35.0M
ALM 04,ALM 04,AT&T Broadband II,76.242.168.129,1000.0M x 1000.0M
ALN 01,ALN 01,Comcast Workplace,96.82.23.117,300.0M x 30.0M
ALN 02,ALN 02,AT&T Broadband II,162.199.104.113,300.0M x 300.0M
ALS 01,ALS 01,Spectrum,173.197.231.154,600.0M x 35.0M
ALS 02,ALS 02,C Spire,50.86.27.54,1000.0M x 1000.0M
ARL 01,ARL 01,AT&T Broadband II,107.129.220.41,1000.0M x 1000.0M
ARL 02,ARL 02,Comcast Workplace,50.214.80.229,250.0M x 25.0M
ARL 03,ARL 03,Conway Corporation,24.144.4.162,500.0M x 50.0M
ARL 04,ARL 04,Altice West,66.76.116.200,300.0M x 30.0M
ARL 05,ARL 05,AT&T Broadband II,107.140.226.113,1000.0M x 200.0M
ARL 06,ARL 06,Altice West,66.76.87.145,300.0M x 30.0M
ARO 01,ARO 01,Cox Business/BOI,174.76.168.174,300.0M x 30.0M
ARO 02,ARO 02,Cox Business/BOI,98.187.167.3,300.0M x 30.0M
ARO 03,ARO 03,AT&T Broadband II,104.3.161.209,500.0M x 100.0M
ARO 04,ARO 04,Cox Business/BOI,98.187.167.138,300.0M x 30.0M
ARO 05,ARO 05,Yelcot Communications,207.66.103.214,300.0M x 30.0M
ARO 06,ARO 06,AT&T Broadband II,99.11.64.81,1000.0M x 1000.0M
AZC 01,AZC 01,Cox Business/BOI,68.15.189.118,300.0M x 30.0M
AZF 01,AZF 01,CenturyLink Fiber Plus ,72.166.76.98,500.0M x 500.0M
AZF 02,AZF 02,Altice West,NaN,500.0M x 50.0M
AZH 01,AZH 01,Altice West,24.121.227.61,500.0M x 50.0M
AZM 01,AZM 01,Orbitel Communications,208.90.178.254,300.0M x 20.0M
AZN 02,AZN 02,EB2-CableOne Cable,24.117.65.74,300.0M x 30.0M
AZN 03,AZN 03,Sparklight,67.60.206.6,300.0M x 30.0M
AZN 05,AZN 05,TransWorld,69.171.123.138,500.0M x 500.0M
AZN 06,AZN 06,Sparklight,159.118.232.190,300.0M x 30.0M
AZP000,AZP 00,Cox Business/BOI,174.71.173.226,300.0M x 30.0M
AZP 01,AZP 01,Cox Business/BOI,24.250.126.75,300.0M x 30.0M
AZP 05,AZP 05,Cox Business/BOI,72.216.209.162,300.0M x 30.0M
AZP 07,AZP 07,Cox Business/BOI,184.186.205.106,300.0M x 30.0M
AZP 08,AZP 08,Cox Business/BOI,68.15.185.94,300.0M x 30.0M
AZP 09,AZP 09,Cox Business/BOI,24.250.98.131,300.0M x 30.0M
AZP 10,AZP 10,Cox Business/BOI,98.174.224.236,300.0M x 30.0M
AZP 11,AZP 11,Cox Business/BOI,98.172.73.114,300.0M x 30.0M
AZP 13,AZP 13,Cox Business/BOI,184.183.11.229,300.0M x 30.0M
AZP 14,AZP 14,Cox Business/BOI,70.175.28.153,300.0M x 30.0M
AZP 16,AZP 16,Cox Business/BOI,184.183.2.94,300.0M x 30.0M
AZP 17,AZP 17,Cox Business/BOI,24.248.0.187,300.0M x 30.0M
AZP 18,AZP 18,Cox Business/BOI,184.181.22.14,300.0M x 30.0M
AZP 19,AZP 19,Cox Business/BOI,184.190.7.139,300.0M x 30.0M
AZP 20,AZP 20,Saddleback Communications,208.77.60.230,300.0M x 80.0M
AZP 22,AZP 22,Cox Business/BOI,70.177.10.244,300.0M x 30.0M
AZP 23,AZP 23,Cox Business/BOI,98.172.81.76,300.0M x 30.0M
AZP 24,AZP 24,Cox Business/BOI,72.212.133.26,300.0M x 30.0M
AZP 25,AZP 25,Cox Business/BOI,98.174.253.101,300.0M x 30.0M
AZP 26,AZP 26,Cox Business/BOI,70.175.19.222,300.0M x 30.0M
AZP 29,AZP 29,Cox Business/BOI,184.187.210.108,300.0M x 30.0M
AZP 30,AZP 30,Cox Business/BOI,72.215.195.100,300.0M x 30.0M
AZP 31,AZP 31,Cox Business/BOI,24.250.117.149,300.0M x 30.0M
AZP 32,AZP 32,Cox Business/BOI,184.187.215.58,200.0M x 20.0M
AZP 33,AZP 33,Cox Business/BOI,72.212.138.164,300.0M x 30.0M
AZP 34,AZP 34,Cox Business/BOI,70.175.19.221,300.0M x 30.0M
AZP 35,AZP 35,Cox Business/BOI,184.188.109.66,300.0M x 30.0M
AZP 36,AZP 36,Wyyerd Fiber,NaN,2000.0M x 2000.0M
AZP 38,AZP 38,Cox Business/BOI,98.190.138.162,300.0M x 30.0M
AZP 39,AZP 39,Cox Business/BOI,98.190.130.72,300.0M x 30.0M
AZP 42,AZP 42,Cox Business/BOI,24.249.183.88,300.0M x 30.0M
AZP 45,AZP 45,Cox Business/BOI,184.188.208.14,300.0M x 30.0M
AZP 46,AZP 46,Cox Business/BOI,98.191.115.174,300.0M x 30.0M
AZP 47,AZP 47,Cox Business/BOI,24.250.126.108,300.0M x 30.0M
AZP 48,AZP 48,Cox Business/BOI,98.174.240.92,300.0M x 30.0M
AZP 49,AZP 49,CenturyLink/Qwest,65.101.21.49,12.0M x 2.0M
AZP 50,AZP 50,Cox Business/BOI,72.212.146.133,300.0M x 30.0M
AZP 51,AZP 51,Cox Business/BOI,174.79.51.123,300.0M x 30.0M
AZP 53,AZP 53,Cox Business/BOI,72.212.135.50,300.0M x 30.0M
AZP 55,AZP 55,CenturyLink Fiber Plus,204.132.235.26,500.0M x 500.0M
AZP 57,AZP 57,Cox Business/BOI,98.191.119.115,300.0M x 30.0M
AZP 58,AZP 58,Cox Business/BOI,72.194.165.206,300.0M x 30.0M
AZP 59,AZP 59,Cox Business/BOI,70.175.31.234,300.0M x 30.0M
AZP 60,AZP 60,Mediacom/BOI,74.84.70.98,1000.0M x 30.0M
AZP 61,AZP 61,Cox Business/BOI,72.194.182.2,200.0M x 20.0M
AZP 62,AZP 62,Cox Business/BOI ,174.79.57.162,300.0M x 30.0M
AZS 01,AZS 01,Cox Business/BOI,98.190.144.243,300.0M x 30.0M
AZT 01,AZT 01,Cox Business/BOI,72.194.173.124,300.0M x 30.0M
AZT 02,AZT 02,Cox Business/BOI,68.98.215.100,300.0M x 30.0M
AZT 03,AZT 03,Cox Business/BOI,184.183.13.237,300.0M x 30.0M
AZT 06,AZT 06,Comcast Workplace,50.208.236.45,600.0M x 35.0M
AZT 07,AZT 07,Cox Business,72.214.214.230,200.0M x 200.0M
AZT 09,AZT 09,Comcast Workplace,75.146.134.225,600.0M x 35.0M
AZT 10,AZT 10,Cox Business/BOI,98.190.145.73,300.0M x 30.0M
AZT 11,AZT 11,Comcast Workplace,50.248.113.137,600.0M x 35.0M
AZT 14,AZT 14,Cox Business/BOI,68.14.243.158,300.0M x 30.0M
AZY 01,AZY 01,Spectrum,74.62.234.182,600.0M x 35.0M
AZY 02,AZY 02,Spectrum,76.79.115.26,600.0M x 35.0M
CAL000,CAL000,Frontier FIOS,47.180.93.139,500.0M x 500.0M
CAL 01,CAL 01,Spectrum,76.83.31.54,600.0M x 35.0M
CAL 02,CAL 02,Spectrum,137.27.244.230,600.0M x 35.0M
CAL 03,CAL 03,GTT Ethernet,47.180.197.231,50.0M x 10.0M
CAL 04,CAL 04,Spectrum,137.27.235.102,600.0M x 35.0M
CAL 05,CAL 05,Spectrum,69.75.15.162,600.0M x 35.0M
CAL 06,CAL 06,Spectrum,173.196.167.10,600.0M x 35.0M
CAL 07,CAL 07,AT&T Broadband II,162.198.186.161,300.0M x 300.0M
CAL 08 (Formerly Cal 12),CAL 08,Spectrum,137.27.225.142,600.0M x 35.0M
CAL 09,CAL 09,Spectrum,98.152.191.174,600.0M x 35.0M
CAL 10,CAL 10,Spectrum,47.46.116.90,600.0M x 35.0M
CAL 11,CAL 11,Cox Business/BOI,184.188.125.168,300.0M x 30.0M
CAL 12,CAL 12,AT&T Broadband II,45.25.217.241,1000.0M x 1000.0M
CAL 13,CAL 13,EB2-Frontier Fiber,47.181.218.180,1000.0M x 1000.0M
CAL 14,CAL 14,One Ring Networks,72.34.90.78,300.0M x 30.0M
CAL 15,CAL 15,Spectrum,98.153.174.142,600.0M x 35.0M
CAL 18,CAL 18,Spectrum,47.46.116.74,600.0M x 35.0M
CAL 19,CAL 19,AT&T Broadband II,99.29.108.233,1000.0M x 200.0M
CAL 21,CAL 21,AT&T Broadband,23.114.69.105,45.0M x 6.0M
CAL 22,CAL 22,Spectrum,173.196.160.142,600.0M x 35.0M
CAL 23,CAL 23,Spectrum,24.199.26.158,600.0M x 35.0M
CAL 26,CAL 26,Spectrum,67.53.103.142,600.0M x 35.0M
CAL 28,CAL 28,Spectrum,137.27.238.234,600.0M x 35.0M
CAL 31,CAL 31,Spectrum,76.80.189.186,600.0M x 35.0M
CAL 33,CAL 33,Comcast Workplace,23.24.207.137,600.0M x 35.0M
CAL 35,CAL 35,Spectrum,47.46.116.98,600.0M x 35.0M
CAL 37,CAL 37,Spectrum,144.129.44.198,600.0M x 35.0M
CAL 38,CAL 38,Spectrum,71.95.197.18,300.0M x 20.0M
CAL 40,CAL 40,AT&T Broadband II,104.183.137.49,1000.0M x 200.0M
CAL 41,CAL 41,Spectrum,45.59.236.50,940.0M x 35.0M
CAL 42,CAL 42,AT&T Broadband II,107.200.251.9,1000.0M x 1000.0M
CAL 43,CAL 43,Spectrum,68.189.120.98,600.0M x 35.0M
CAL 44,CAL 44,Spectrum,24.199.12.162,600.0M x 35.0M
CAL 46,CAL 46,EB2-Frontier Fiber,47.180.63.69,500.0M x 500.0M
CAL 47,CAL 47,One Ring Networks ,72.34.92.210,300.0M x 30.0M
CAL 48,CAL 48,Cox Business/BOI,98.173.25.45,300.0M x 30.0M
CAL 49,CAL 49,AT&T Broadband II,104.4.217.33,1000.0M x 1000.0M
CAL 50,CAL 50,EB2-Frontier Fiber,47.180.4.158,500.0M x 500.0M
CALW01,CALW01,EB2-Frontier Fiber,47.178.4.124,1000.0M x 1000.0M
CAN00,CAN00,Comcast Workplace,96.81.183.205,250.0M x 25.0M
CAN 02,CAN 02,AT&T Broadband II,23.118.223.49,1000.0M x 1000.0M
CAN 03,CAN 03,Comcast Workplace,50.196.146.221,600.0M x 35.0M
CAN 04,CAN 04,Comcast Workplace,96.76.217.185,250.0M x 25.0M
CAN 05,CAN 05,Comcast Workplace,50.209.152.21,600.0M x 35.0M
CAN 07,CAN 07,Comcast Workplace,75.147.239.149,600.0M x 35.0M
CAN 10,CAN 10,Comcast Workplace,96.71.242.65,600.0M x 35.0M
CAN 11,CAN 11,Comcast Workplace,173.13.137.81,600.0M x 35.0M
CAN 12,CAN 12,Etheric Networks,204.11.231.174,10.0M x 10.0M
CAN 13,CAN 13,Comcast Workplace,50.250.224.109,250.0M x 25.0M
CAN 14,CAN 14,Comcast Workplace,50.208.43.185,250.0M x 25.0M
CAN 15,CAN 15,AT&T Broadband II,45.19.142.201,300.0M x 75.0M
CAN 18,CAN 18,AT&T Broadband II,162.198.215.73,1000.0M x 200.0M
CAN 19,CAN 19,Spectrum,68.189.91.250,600.0M x 35.0M
CAN 20 -B,CAN 20,Consolidated Communications,207.183.228.254,300.0M x 300.0M
CAN 21,CAN 21,Comcast Workplace,173.11.79.109,600.0M x 35.0M
CAN 22,CAN 22,Vista Broadband,206.176.254.42,15.0M x 15.0M
CAN 23,CAN 23,Comcast Workplace,173.8.170.141,600.0M x 35.0M
CAN 24,CAN 24,Comcast Workplace,96.81.191.61,600.0M x 35.0M
CAN 26,CAN 26,Comcast Workplace,50.73.61.21,300.0M x 30.0M
CAN 28,CAN 28,Comcast Workplace,96.71.202.17,600.0M x 35.0M
CAN 29,CAN 29,AT&T Broadband II,162.225.215.225,1000.0M x 1000.0M
CAN 30- B,CAN 30,AT&T Broadband II,75.18.222.33,1000.0M x 1000.0M
CAN 31,CAN 31,Comcast Workplace,75.144.244.65,300.0M x 30.0M
CAN 32,CAN 32,AT&T Broadband II,104.4.77.193,1000.0M x 1000.0M
CAN 33,CAN 33,Comcast Workplace,50.255.1.161,600.0M x 35.0M
CAN 34,CAN 34,Comcast Workplace,23.24.222.45,300.0M x 30.0M
CAN 36,CAN 36,Spectrum,24.180.12.122,600.0M x 35.0M
CAN 37,CAN 37,Comcast Workplace,162.17.80.189,600.0M x 35.0M
CAN 38,CAN 38,AT&T Broadband II,108.251.54.65,2000.0M x 2000.0M
CAN 39,CAN 39,Astound,76.14.161.29,1000.0M x 20.0M
CAN 41,CAN 41,Comcast Workplace,50.211.212.13,600.0M x 35.0M
CAN 42,CAN 42,Comcast Workplace,96.71.204.201,300.0M x 30.0M
CAN 43,CAN 43,AT&T Broadband II,45.26.112.129,300.0M x 75.0M
CAN 44,CAN 44,Comcast Workplace,173.10.12.149,200.0M x 20.0M
CAN 45 -B,CAN 45,AT&T Broadband II,45.16.98.121,300.0M x 300.0M
CAN 46,CAN 46,AT&T Broadband II,162.225.210.97,1000.0M x 1000.0M
CAN 47,CAN 47,Comcast Workplace,71.27.121.133,300.0M x 30.0M
CAN 48,CAN 48,Spectrum,71.92.248.190,600.0M x 35.0M
CAN 49,CAN 49,AT&T Broadband II,162.225.215.145,1000.0M x 1000.0M
CAN 50,CAN 50,Comcast Workplace,66.208.212.153,250.0M x 25.0M
CAN 51,CAN 51,Spectrum,47.47.86.246,600.0M x 35.0M
CAN 52,CAN 52,Consolidated Communications,66.60.178.178,300.0M x 300.0M
CAN 53,CAN 53,Comcast Workplace,96.86.129.253,250.0M x 25.0M
CAN 54,CAN 54,AT&T Broadband II,75.36.6.121,300.0M x 300.0M
CAN 56,CAN 56,Comcast Workplace,96.82.117.145,250.0M x 25.0M
CAN 57,CAN 57,AT&T Broadband II,99.87.224.225,1000.0M x 1000.0M
CAN 58,CAN 58,Comcast Workplace,75.150.3.233,250.0M x 25.0M
CAN 60,CAN 60,AT&T Broadband II,104.49.8.113,1000.0M x 200.0M
CAN 61,CAN 61,AT&T Broadband II,104.11.46.81,1000.0M x 1000.0M
CAO 03,CAO 03,GTT Ethernet,47.180.218.74,50.0M x 10.0M
CAO 05,CAO 05,AT&T Broadband II,108.80.87.129,1000.0M x 1000.0M
CAO 06,CAO 06,Cox Business/BOI,98.189.252.131,300.0M x 30.0M
CAS00,CAS00,Cox Business/BOI,98.178.226.110,300.0M x 30.0M
CAS 01,CAS 01,Cox Business/BOI,184.181.27.110,300.0M x 30.0M
CAS 03,CAS 03,Cox Business/BOI,68.15.1.105,300.0M x 30.0M
CAS 04,CAS 04,Cox Business/BOI,68.15.27.103,300.0M x 30.0M
CAS 05,CAS 05,Cox Business/BOI,98.186.226.135,300.0M x 30.0M
CAS 06,CAS 06,AT&T Broadband II,107.141.97.225,1000.0M x 1000.0M
CAS 07,CAS 07,AT&T Broadband II,162.196.236.73,300.0M x 300.0M
CAS 08,CAS 08,Cox Business/BOI,70.166.8.50,300.0M x 30.0M
CAS 09,CAS 09,Cox Business/BOI,98.178.227.93,300.0M x 30.0M
CAS 10 -B,CAS 10,AT&T Broadband II,108.80.216.1,1000.0M x 1000.0M
CAS 11,CAS 11,AT&T Broadband II,68.94.116.201,1000.0M x 200.0M
CAS 12,CAS 12,AT&T Broadband II,104.9.51.57,1000.0M x 1000.0M
CAS 13,CAS 13,Cox Business/BOI,174.67.169.247,300.0M x 30.0M
CAS 14,CAS 14,Cox Business/BOI,68.105.244.238,300.0M x 30.0M
CAS 15,CAS 15,AT&T Broadband II,108.201.145.89,1000.0M x 1000.0M
CAS 16,CAS 16,Cox Business,98.173.33.135,1000.0M x 35.0M
CAS 17,CAS 17,Cox Business/BOI,68.15.26.234,300.0M x 30.0M
CAS 18,CAS 18,Cox Business/BOI,68.105.250.171,300.0M x 30.0M
CAS 19,CAS 19,Cox Business/BOI,98.173.43.218,300.0M x 30.0M
CAS 20,CAS 20,Spectrum,76.83.53.58,200.0M x 10.0M
CAS 21,CAS 21,Spectrum,76.53.129.210,600.0M x 35.0M
CAS 22,CAS 22,Cox Business/BOI,98.189.80.12,300.0M x 30.0M
CAS 23,CAS 23,Spectrum,76.53.240.54,600.0M x 35.0M
CAS 24,CAS 24,Spectrum,173.198.38.138,600.0M x 35.0M
CAS 25,CAS 25,Spectrum,24.43.80.98,940.0M x 35.0M
CAS 27,CAS 27,Cox Business/BOI,98.189.219.228,300.0M x 30.0M
CAS 28,CAS 28,Cox Business/BOI,68.15.9.83,300.0M x 30.0M
CAS 31,CAS 31,Frontier Fios,47.180.146.117,500.0M x 500.0M
CAS 32,CAS 32,Spectrum,98.153.138.150,600.0M x 35.0M
CAS 33,CAS 33,Spectrum,98.153.179.158,600.0M x 35.0M
CAS 34,CAS 34,Cox Business/BOI,68.15.15.104,300.0M x 30.0M
CAS 36,CAS 36,Spectrum,76.81.227.222,600.0M x 35.0M
CAS 37,CAS 37,Cox Business/BOI,184.189.109.141,300.0M x 30.0M
CAS 38,CAS 38,Cox Business/BOI,184.189.110.7,300.0M x 30.0M
CAS 39,CAS 39,Spectrum,173.198.38.142,600.0M x 35.0M
CAS 43,CAS 43,Spectrum,69.75.186.178,600.0M x 35.0M
CAS 44,CAS 44,Spectrum,69.75.66.142,600.0M x 35.0M
CAS 47,CAS 47,AT&T Broadband II,99.47.87.137,1000.0M x 200.0M
CAS 48,CAS 48,EB2-Frontier Fiber,47.180.235.173,500.0M x 500.0M
CAS 49,CAS 49,Spectrum,76.53.67.30,600.0M x 35.0M
CAS 50,CAS 50,GTT Ethernet,47.180.196.75,50.0M x 10.0M
CAS 51,CAS 51,Cox Business/BOI ,68.15.20.182,300.0M x 30.0M
CAS 53,CAS 53,AT&T Broadband II,75.60.234.33,2000.0M x 2000.0M
COB 01,COB 01,Comcast Workplace,50.211.228.33,600.0M x 35.0M
COD00,COD00,Comcast Workplace,173.164.63.45,600.0M x 35.0M
COD 02,COD 02,Comcast Workplace,96.76.171.13,250.0M x 25.0M
COD 04,COD 04,Comcast Workplace,50.190.67.161,600.0M x 35.0M
COD 05,COD 05,Comcast Workplace,70.89.171.173,600.0M x 35.0M
COD 06,COD 06,Lumen,63.231.93.145,100.0M x 10.0M
COD 07,COD 07,Comcast Workplace,50.214.21.189,250.0M x 25.0M
COD 10,COD 10,Comcast Workplace,50.190.70.173,300.0M x 30.0M
COD 11,COD 11,Comcast Workplace,75.145.115.1,600.0M x 35.0M
COD 14,COD 14,Comcast Workplace,50.246.194.125,250.0M x 25.0M
COD 18,COD 18,Comcast Workplace,50.190.87.25,1000.0M x 35.0M
COD 19,COD 19,CenturyLink Fiber Plus,63.239.214.18,500.0M x 500.0M
COD 20,COD 20,Comcast Workplace,96.78.4.81,300.0M x 30.0M
COD 24,COD 24,Comcast Workplace,96.69.179.121,600.0M x 35.0M
COD 25,COD 25,Comcast Workplace,50.242.141.237,600.0M x 35.0M
COD 26,COD 26,Comcast Workplace,96.66.88.141,600.0M x 35.0M
COD 27,COD 27,Comcast Workplace,50.189.36.57,600.0M x 35.0M
COD 28,COD 28,Comcast Workplace,50.194.145.129,1000.0M x 35.0M
COD 29,COD 29,Comcast Workplace,173.8.235.101,600.0M x 35.0M
COD 30,COD 30,Comcast Workplace,50.214.12.145,300.0M x 30.0M
COD 31,COD 31,MallCom Networks,192.190.112.119,300.0M x 30.0M
COD 34,COD 34,Lumen/Qwest,65.103.115.121,100.0M x 10.0M
COD 35,COD 35,LiveWire Net,66.185.98.122,75.0M x 15.0M
COD 36,COD 36,Comcast Workplace,50.189.32.85,300.0M x 30.0M
COD 37,COD 37,Comcast Workplace,50.246.196.57,250.0M x 25.0M
COD 39,COD 39,Comcast Workplace,96.84.240.97,250.0M x 25.0M
COD 40,COD 40,Comcast Workplace,71.24.134.221,250.0M x 25.0M
COD 42,COD 42,Comcast Workplace,23.24.156.189,600.0M x 35.0M
COG 01,COG 01,Spectrum,69.145.255.206,600.0M x 35.0M
COG 02,COG 02,Comcast Workplace,50.198.210.201,600.0M x 35.0M
COG 03,COG 03,Spectrum,47.47.138.238,600.0M x 35.0M
CON 02,CON 02,Comcast Workplace,50.250.132.165,250.0M x 25.0M
CON 03,CON 03,Comcast Workplace,70.89.171.149,300.0M x 30.0M
COP 02,COP 02,Comcast Workplace,50.198.220.193,600.0M x 35.0M
COP 03,COP 03,Comcast Workplace,173.164.56.61,600.0M x 35.0M
COS 01,COS 01,Comcast Workplace,50.211.225.225,600.0M x 35.0M
COS 02,COS 02,Comcast Workplace,96.75.127.77,250.0M x 25.0M
COS 03,COS 03,Comcast Workplace,50.211.247.101,250.0M x 25.0M
COS 04,COS 04,CenturyLink Fiber Plus,65.155.48.154,500.0M x 500.0M
COS 05,COS 05,Comcast Workplace,96.87.56.41,250.0M x 25.0M
COS 06,COS 06,Comcast Workplace,96.93.223.105,600.0M x 35.0M
COS 07,COS 07,Comcast Workplace,50.185.12.249,600.0M x 35.0M
COW 01,COW 01,Spectrum,47.47.165.38,940.0M x 35.0M
COW 02,COW 02,Elevate Internet,209.206.74.50,1000.0M x 1000.0M
FLD 01,FLD 01,AT&T Broadband II,104.12.114.233,1000.0M x 1000.0M
FLD 02,FLD 02,Spectrum,75.112.34.214,600.0M x 35.0M
FLD 04,FLD 04,Spectrum,67.9.119.254,600.0M x 35.0M
FLF 01,FLF 01,Comcast Workplace,23.31.180.221,600.0M x 35.0M
FLG 01,FLG 01,Cox Business/BOI,70.171.147.187,300.0M x 30.0M
FLG 02,FLG 02,Cox Business/BOI,184.180.146.204,300.0M x 30.0M
FLG 03,FLG 03,AT&T Broadband II,76.250.234.25,1000.0M x 1000.0M
FLJ 00,FLJ 00,Comcast Workplace,96.76.16.49,300.0M x 30.0M
FLJ 01,FLJ 01,Comcast Workplace,74.93.170.109,600.0M x 35.0M
FLJ 02,FLJ 02,Comcast Workplace,96.71.102.189,300.0M x 30.0M
FLJ 03,FLJ 03,Comcast Workplace,50.184.244.137,300.0M x 30.0M
FLJ 05,FLJ 05,Comcast Workplace,50.184.244.141,300.0M x 30.0M
FLJ 06,FLJ 06,Comcast Workplace,96.65.55.85,600.0M x 35.0M
FLJ 07,FLJ 07,Comcast Workplace,50.215.195.161,600.0M x 35.0M
FLJ 09,FLJ 09,Comcast Workplace,173.8.36.41,300.0M x 30.0M
FLJ 10,FLJ 10,Comcast Workplace,96.71.98.25,600.0M x 35.0M
FLJ 11,FLJ 11,AT&T Broadband II,99.14.160.169,500.0M x 100.0M
FLJ 12,FLJ 12,AT&T Broadband II,99.27.27.169,1000.0M x 1000.0M
FLM 01,FLM 01,Spectrum,75.112.40.218,600.0M x 35.0M
FLM 02,FLM 02,Spectrum,71.41.210.34,600.0M x 35.0M
FLO 01,FLO 01,Spectrum,75.112.41.254,600.0M x 35.0M
FLO 02,FLO 02,Spectrum,75.112.39.62,600.0M x 35.0M
FLO 03,FLO 03,Spectrum,71.41.117.78,600.0M x 35.0M
FLO 04,FLO 04,Spectrum,45.3.143.186,600.0M x 35.0M
FLO 05,FLO 05,Spectrum,45.3.171.18,600.0M x 35.0M
FLO 06,FLO 06,Spectrum,97.68.34.70,600.0M x 35.0M
FLO 07,FLO 07,Spectrum,45.3.130.82,600.0M x 35.0M
FLO 08,FLO 08,Spectrum,131.148.46.74,600.0M x 35.0M
FLO 09,FLO 09,Spectrum,131.148.26.138,600.0M x 35.0M
FLO 10,FLO 10,Spectrum,71.41.79.238,600.0M x 35.0M
FLO 11,FLO 11,Comcast Workplace,96.94.20.169,600.0M x 35.0M
FLO 12,FLO 12,Spectrum,97.68.106.46,600.0M x 35.0M
FLO 13,FLO 13,Spectrum,97.68.93.114,600.0M x 35.0M
FLO 14,FLO 14,AT&T Broadband II,99.25.86.105,1000.0M x 200.0M
FLO 15,FLO 15,AT&T Broadband II,68.95.178.169,1000.0M x 1000.0M
FLO 16,FLO 16,Spectrum,144.129.80.126,600.0M x 35.0M
FLP 01,FLP 01,Cox Business/BOI,174.76.192.26,300.0M x 30.0M
FLP 02,FLP 02,AT&T Broadband II,162.233.215.49,200.0M x 200.0M
FLP 03,FLP 03,Mediacom/BOI,72.255.76.90,300.0M x 20.0M
FLP 04,FLP 04,Cox Business/BOI,98.191.245.201,300.0M x 30.0M
FLS 01,FLS 01,Comcast Workplace,96.64.172.49,300.0M x 30.0M
FLS 02,FLS 02,Comcast Workplace,23.24.160.5,600.0M x 35.0M
FLS 03,FLS 03,Comcast Workplace,173.9.149.9,600.0M x 35.0M
FLS 04,FLS 04,AT&T Broadband II,108.223.229.225,1000.0M x 1000.0M
FLT 01,FLT 01,MetroNet,46.110.99.217,300.0M x 300.0M
GAA 00,GAA 00,AT&T Broadband II,64.109.201.225,1000.0M x 1000.0M
GAA 03,GAA 03,Comcast Workplace,96.77.72.189,250.0M x 25.0M
GAA 05,GAA 05,AT&T Broadband II,75.52.170.49,300.0M x 300.0M
GAA 06,GAA 06,Comcast Workplace,96.93.161.169,600.0M x 35.0M
GAA 07,GAA 07,Spectrum,24.178.75.226,600.0M x 35.0M
GAA 08,GAA 08,Comcast Workplace,96.87.236.113,600.0M x 35.0M
GAA 11,GAA 11,Spectrum,75.141.179.26,600.0M x 35.0M
GAA 17,GAA 17,Spectrum,47.46.129.106,600.0M x 35.0M
GAA 19,GAA 19,Spectrum,96.38.200.190,600.0M x 35.0M
GAA 22,GAA 22,Cox Business/BOI,184.176.62.247,300.0M x 30.0M
GAA 24,GAA 24,Spectrum,71.85.69.170,600.0M x 35.0M
GAA 26,GAA 26,Cox Business/BOI,72.212.183.137,300.0M x 30.0M
GAA 29,GAA 29,AT&T Broadband II,104.180.210.185,1000.0M x 1000.0M
GAA 31,GAA 31,Spectrum,47.46.148.246,600.0M x 35.0M
GAA 32,GAA 32,Comcast Workplace,96.91.136.237,300.0M x 30.0M
GAA 33,GAA 33,Comcast Workplace,96.73.212.193,250.0M x 25.0M
GAA 34,GAA 34,Comcast Workplace,96.89.79.69,600.0M x 35.0M
GAA 35,GAA 35,Comcast Workplace,50.248.240.73,600.0M x 35.0M
GAA 36,GAA 36,Comcast Workplace,96.94.172.105,300.0M x 30.0M
GAA 37,GAA 37,Comcast Workplace,173.160.71.21,250.0M x 25.0M
GAA 38,GAA 38,Cox Business/BOI,70.186.63.72,300.0M x 30.0M
GAA 39,GAA 39,Comcast Workplace,50.215.240.117,250.0M x 25.0M
GAA 40,GAA 40,Comcast Workplace,50.243.202.233,250.0M x 25.0M
GAA 41,GAA 41,Comcast Workplace,71.25.170.29,250.0M x 25.0M
GAA 42,GAA 42,Comcast Workplace,96.77.126.169,600.0M x 35.0M
GAA 43,GAA 43,Spectrum,96.38.224.146,940.0M x 35.0M
GAA 44,GAA 44,Comcast Workplace,173.160.65.217,250.0M x 25.0M
GAA 45,GAA 45,Mediacom/BOI,192.119.222.34,300.0M x 20.0M
GAA 46,GAA 46,AT&T Broadband II,99.14.165.1,2000.0M x 2000.0M
GAACALLCTR,GAACALLCTR,Spectrum,47.46.162.82,600.0M x 35.0M
GAE 01,GAE 01,Comcast Workplace,74.94.242.169,600.0M x 35.0M
GAE 02,GAE 02,Comcast Workplace,50.77.1.249,250.0M x 25.0M
GAE 03,GAE 03,Comcast Workplace,173.163.230.157,250.0M x 25.0M
GAN 01,GAN 01,Comcast Workplace,75.146.81.49,600.0M x 35.0M
GAS 01,GAS 01,Mediacom/BOI,74.84.120.114,1000.0M x 30.0M
IAC 01,IAC 01,Mediacom/BOI,45.59.13.82,1000.0M x 30.0M
IAC 02,IAC 02,Mediacom/BOI,72.255.120.130,1000.0M x 30.0M
IAD 01,IAD 01,Mediacom/BOI,192.119.207.250,1000.0M x 30.0M
IAD 02,IAD 02,Mediacom/BOI,72.255.109.246,300.0M x 20.0M
IAD 03,IAD 03,EB2-Centurylink Fiber,67.41.108.209,500.0M x 100.0M
IAD 04,IAD 04,Mediacom/BOI,72.255.116.186,1000.0M x 30.0M
IAD 05,IAD 05,Mediacom/BOI,107.167.215.206,1000.0M x 30.0M
IAF 01,IAF 01,Mediacom/BOI,198.40.226.150,300.0M x 20.0M
IAI 01,IAI 01,Mediacom/BOI,104.201.99.58,1000.0M x 30.0M
IAN 01,IAN 01,Mediacom/BOI,72.255.114.186,1000.0M x 30.0M
IAN 03,IAN 03,Mediacom/BOI,74.84.121.118,1000.0M x 30.0M
IAQ 01,IAQ 01,Mediacom/BOI,45.59.5.34,300.0M x 20.0M
IAQ 02,IAQ 02,Mediacom/BOI,72.255.79.154,1000.0M x 30.0M
IAS 01,IAS 01,Sparklight,24.119.182.98,300.0M x 30.0M
IDB 01,IDB 01,Cable One ,96.18.66.90,300.0M x 50.0M
IDB 03,IDB 03,EB2-CableOne Cable,69.92.163.142,300.0M x 30.0M
IDB 04,IDB 04,CenturyLink Fiber Plus,65.140.187.146,500.0M x 500.0M
IDB 05,IDB 05,EB2-CableOne Cable,24.117.252.114,300.0M x 30.0M
IDB 06,IDB 06,EB2-CableOne Cable,24.116.129.22,300.0M x 50.0M
IDB 07,IDB 07,EB2-CableOne Cable,24.117.183.106,300.0M x 30.0M
IDN 01,IDN 01,Spectrum,24.123.118.30,600.0M x 35.0M
ILC00,ILC00,Comcast Workplace,96.74.249.185,300.0M x 30.0M
ILC 03,ILC 03,Comcast Workplace,173.15.46.121,250.0M x 25.0M
ILC 05,ILC 05,Comcast Workplace,50.249.209.161,600.0M x 35.0M
ILC 07,ILC 07,Comcast Workplace,96.81.204.185,600.0M x 35.0M
ILC 08,ILC 08,Comcast Workplace,75.146.110.61,600.0M x 35.0M
ILC 13,ILC 13,Comcast Workplace,96.90.104.229,600.0M x 35.0M
ILC 14,ILC 14,Comcast Workplace,96.72.69.113,600.0M x 35.0M
ILC 16,ILC 16,Comcast Workplace,50.254.12.245,600.0M x 35.0M
ILC 17,ILC 17,Comcast Workplace,162.17.19.41,600.0M x 35.0M
ILC 21,ILC 21,AT&T Broadband II,45.20.166.73,1000.0M x 200.0M
ILC 22,ILC 22,Comcast Workplace,75.146.107.81,600.0M x 35.0M
ILC 25,ILC 25,Comcast Workplace,173.161.84.205,600.0M x 35.0M
ILC 27,ILC 27,Comcast Workplace,162.17.14.217,600.0M x 35.0M
ILC 30,ILC 30,Comcast Workplace,173.15.49.97,600.0M x 35.0M
ILC 32,ILC 32,Comcast Workplace,96.70.42.113,600.0M x 35.0M
ILC 33,ILC 33,AT&T Broadband II,99.76.24.121,1000.0M x 200.0M
ILC 34,ILC 34,AT&T Broadband II,108.233.6.49,300.0M x 300.0M
ILC 35,ILC 35,Comcast Workplace,96.90.119.25,600.0M x 35.0M
ILC 36,ILC 36,Comcast Workplace,96.65.73.197,300.0M x 30.0M
ILC 37,ILC 37,Comcast Workplace,96.81.242.229,600.0M x 35.0M
ILR01,ILR01,Comcast Workplace,74.94.116.73,600.0M x 35.0M
ILR 02,ILR 02,Comcast Workplace,173.9.227.189,250.0M x 25.0M
ILS 01,ILS 01,Comcast Workplace,173.15.45.97,600.0M x 35.0M
ILW 01,ILW 01,Spectrum,68.188.19.150,600.0M x 35.0M
ILW 02,ILW 02,Spectrum,97.86.173.134,600.0M x 35.0M
ILX 01,ILX 01,Comcast Workplace,173.165.103.213,250.0M x 25.0M
INC 01,INC 01,Comcast Workplace,96.65.67.77,600.0M x 35.0M
INC 02,INC 02,Comcast Workplace,75.150.222.109,600.0M x 35.0M
INC 03,INC 03,Comcast Workplace,96.95.113.13,600.0M x 35.0M
INE 01,INE 01,Astound,207.180.180.10,500.0M x 20.0M
INE 02,INE 02,AT&T Broadband II,104.181.53.201,1000.0M x 200.0M
INF 03,INF 03,Comcast Workplace,173.15.90.217,250.0M x 25.0M
INF 04,INF 04,GTT Ethernet,50.102.128.2,50.0M x 10.0M
INI 01,INI 01,AT&T Broadband II,104.4.44.153,1000.0M x 1000.0M
INI 02,INI 02,Comcast Workplace,96.85.177.225,600.0M x 35.0M
INI 06,INI 06,Comcast Workplace,96.79.81.149,600.0M x 35.0M
INI 07,INI 07,Spectrum,24.123.208.98,600.0M x 35.0M
INI 08,INI 08,Comcast Workplace,96.90.27.121,600.0M x 35.0M
INI 10,INI 10,AT&T Broadband II,75.61.116.25,1000.0M x 1000.0M
INI 12,INI 12,Comcast Workplace,96.94.237.121,600.0M x 35.0M
INI 13,INI 13,Comcast Workplace,50.212.144.125,250.0M x 25.0M
INI 14,INI 14,Comcast Workplace,96.94.231.173,600.0M x 35.0M
INI 15,INI 15,Comcast Workplace,96.82.60.17,600.0M x 35.0M
INI 16,INI 16,Comcast Workplace,96.85.176.197,600.0M x 35.0M
INIW00,INIW00,Comcast Workplace,50.195.198.237,250.0M x 25.0M
INJ 01,INJ 01,Spectrum,71.66.34.26,600.0M x 35.0M
INL 01,INL 01,Comcast Workplace,96.82.50.57,600.0M x 35.0M
INN 01,INN 01,Comcast Workplace,96.95.126.105,600.0M x 35.0M
INW 03,INW 03,Comcast Workplace,173.165.49.113,600.0M x 35.0M
KONFARA,KONFARA,Cox Business/BOI,70.175.22.38,500.0M x 50.0M
KSK00N,KSK00N,Spectrum,150.220.245.70,300.0M x 20.0M
KSK 02,KSK 02,Spectrum,98.100.123.146,600.0M x 35.0M
KSK 03,KSK 03,Spectrum,74.62.160.234,600.0M x 35.0M
KSK 04,KSK 04,Spectrum,74.62.164.206,600.0M x 35.0M
KSK 05,KSK 05,Comcast Workplace,70.88.84.245,300.0M x 30.0M
KSK 06,KSK 06,Spectrum,72.131.218.210,600.0M x 35.0M
KSL 01,KSL 01,Midcontinent,24.124.116.54,500.0M x 50.0M
KSM 01,KSM 01,Cox Business/BOI,72.205.196.166,300.0M x 30.0M
KSM 02,KSM 02,Cox Business/BOI,68.99.117.157,300.0M x 30.0M
KST 01,KST 01,AT&T Broadband II,162.228.253.137,1000.0M x 1000.0M
KSW 01,KSW 01,Cox Business/BOI,72.200.247.28,300.0M x 30.0M
KSW 02,KSW 02,Cox Business/BOI,184.187.231.235,300.0M x 30.0M
KSW 03,KSW 03,Cox Business/BOI,70.163.33.102,300.0M x 30.0M
KYB 01,KYB 01,Spectrum,74.143.198.194,600.0M x 35.0M
KYE 01,KYE 01,Comcast Workplace,75.148.61.125,250.0M x 25.0M
KYL 01,KYL 01,Spectrum,70.60.43.18,940.0M x 35.0M
KYL 02,KYL 02,Spectrum,24.106.90.178,600.0M x 35.0M
KYL 03,KYL 03,Spectrum,98.123.3.126,600.0M x 35.0M
KYN 00,KYN 00,Cincinnati Bell,66.42.186.206,400.0M x 200.0M
LAB 01,LAB 01,Cox Business/BOI,68.96.156.235,300.0M x 30.0M
LAB 02,LAB 02,Cox Business/BOI,68.96.147.246,300.0M x 30.0M
LAB 03,LAB 03,Cox Business/BOI,72.215.247.249,300.0M x 30.0M
LAB 04,LAB 04,AT&T Broadband II,99.26.78.105,1000.0M x 1000.0M
LAB 06,LAB 06,AT&T Broadband II,99.76.204.153,1000.0M x 1000.0M
LAS 01,LAS 01,Comcast Workplace,198.0.21.249,600.0M x 35.0M
LAS 02,LAS 02,Altice West,66.76.161.89,500.0M x 50.0M
LAS 03,LAS 03,AT&T Broadband II,NaN,1000.0M x 1000.0M
MIA00,MIA00,Comcast Workplace,50.252.88.137,600.0M x 35.0M
MIA 01,MIA 01,Comcast Workplace,96.76.228.17,250.0M x 25.0M
MIA 04,MIA 04,Comcast Workplace,96.66.59.149,250.0M x 25.0M
MIA 16,MIA 16,Comcast Workplace,162.17.131.57,300.0M x 30.0M
MIAC02,MIAC02,AT&T Broadband II,108.85.98.249,1000.0M x 200.0M
MIB 01,MIB 01,Comcast Workplace,173.13.12.141,300.0M x 30.0M
MID 01,MID 01,Spectrum,24.172.185.102,600.0M x 35.0M
MID 04,MID 04,Comcast Workplace,70.88.123.209,300.0M x 30.0M
MID 06,MID 06,Comcast Workplace,96.76.242.241,600.0M x 35.0M
MID 10,MID 10,Spectrum,131.148.165.98,940.0M x 35.0M
MID 11,MID 11,Comcast Workplace,162.17.137.105,600.0M x 35.0M
MID 12,MID 12,Comcast Workplace,50.197.115.1,600.0M x 35.0M
MID 20,MID 20,Comcast Workplace,173.14.56.41,300.0M x 30.0M
MID 22,MID 22,Comcast Workplace,75.147.228.165,600.0M x 35.0M
MID 23,MID 23,Comcast Workplace,75.145.232.69,600.0M x 35.0M
MID 25,MID 25,Comcast Workplace,50.77.235.41,300.0M x 30.0M
MID 26,MID 26,Comcast Workplace,96.66.29.189,600.0M x 35.0M
MID 27,MID 27,Spectrum,47.50.24.46,600.0M x 35.0M
MIF 25,MIF 25,Spectrum,47.50.11.14,940.0M x 35.0M
MIF 26,MIF 26,Comcast Workplace,96.85.104.161,600.0M x 35.0M
MIG 08,MIG 08,Comcast Workplace,173.167.20.17,300.0M x 30.0M
MIG 09,MIG 09,Comcast Workplace,96.80.209.81,600.0M x 35.0M
MIG 23,MIG 23,Comcast Workplace,173.13.5.193,600.0M x 35.0M
MIG 24,MIG 24,Comcast Workplace,173.162.52.189,300.0M x 30.0M
MIG 29,MIG 29,Spectrum,47.50.106.18,600.0M x 35.0M
MIG 30,MIG 30,Comcast Workplace,75.144.75.53,600.0M x 35.0M
MIH 27,MIH 27,Comcast Workplace,96.64.20.101,600.0M x 35.0M
MIHW00,MIHW00,Comcast Workplace,173.167.236.165,250.0M x 25.0M
MIK 06,MIK 06,Spectrum,47.50.92.186,600.0M x 35.0M
MIK 14,MIK 14,Spectrum,24.180.122.254,600.0M x 35.0M
MIK 30,MIK 30,Comcast Workplace,75.151.13.237,300.0M x 30.0M
MIK 31,MIK 31,Spectrum,97.86.65.38,600.0M x 35.0M
MIL 00,MIL 00,Comcast Workplace,173.15.250.73,250.0M x 25.0M
MIL 11,MIL 11,Comcast Workplace,50.245.105.77,250.0M x 25.0M
MIL 28,MIL 28,Comcast Direct,nan,
MIM 01,MIM 01,Spectrum,71.13.110.74,940.0M x 35.0M
MIN 01,MIN 01,Spectrum,66.188.41.46,300.0M x 20.0M
MIP 01,MIP 01,Spectrum,66.188.28.62,600.0M x 35.0M
MIS 12,MIS 12,Spectrum,47.50.120.198,600.0M x 35.0M
MIS 17,MIS 17,Spectrum,24.231.193.218,600.0M x 35.0M
MIS 20,MIS 20,Spectrum,24.231.194.158,600.0M x 35.0M
MIT 26,MIT 26,Spectrum,97.86.93.230,600.0M x 35.0M
MNM 00 New,MNM 00,Comcast Workplace,173.165.242.141,600.0M x 35.0M
MNM 01,MNM 01,Comcast Workplace,50.209.23.197,600.0M x 35.0M
MNM 06,MNM 06,Comcast Workplace,75.146.165.229,600.0M x 35.0M
MNM 07,MNM 07,Comcast Workplace,96.93.241.101,600.0M x 35.0M
MNM 08,MNM 08,Comcast Workplace,50.212.182.85,250.0M x 25.0M
MNM 10,MNM 10,Comcast Workplace,96.87.155.65,250.0M x 25.0M
MNM 12,MNM 12,Spectrum,24.181.149.18,600.0M x 35.0M
MNM 13,MNM 13,Comcast Workplace,50.209.16.33,600.0M x 35.0M
MNM 14,MNM 14,Comcast Workplace,50.211.22.161,600.0M x 35.0M
MNM 15,MNM 15,Spectrum,66.191.136.66,600.0M x 35.0M
MNM 17,MNM 17,Comcast Workplace,96.75.137.93,600.0M x 35.0M
MNM 18,MNM 18,Comcast Workplace,50.209.29.89,600.0M x 35.0M
MNM 19,MNM 19,MetroNet,195.252.240.66,300.0M x 300.0M
MNM 20,MNM 20,Spectrum,24.196.62.150,600.0M x 35.0M
MNM 21,MNM 21,Comcast Workplace,173.8.127.65,250.0M x 25.0M
MNM 22,MNM 22,Spectrum,47.49.101.114,940.0M x 35.0M
MNM 23,MNM 23,Spectrum,24.181.150.230,600.0M x 35.0M
MNM 26,MNM 26,Comcast Workplace,50.211.25.85,600.0M x 35.0M
MNM 27,MNM 27,CenturyLink Fiber Plus,65.125.124.178,500.0M x 500.0M
MNM 31,MNM 31,Comcast Workplace,70.89.198.5,300.0M x 30.0M
MNMW01,MNMW01,Comcast Workplace,50.211.20.237,600.0M x 35.0M
MOK 01,MOK 01,Spectrum,98.100.117.174,600.0M x 35.0M
MOK 02,MOK 02,Spectrum,70.115.87.122,600.0M x 35.0M
MOK 03,MOK 03,Spectrum,70.115.81.26,600.0M x 35.0M
MOK 05,MOK 05,Comcast Workplace,70.91.182.209,600.0M x 35.0M
MOK 06,MOK 06,Comcast Workplace,50.240.67.221,600.0M x 35.0M
MOK 07,MOK 07,Spectrum ,70.115.24.82,600.0M x 35.0M
MON 01,MON 01,Altice West,66.76.79.145,500.0M x 50.0M
MOO 02,MOO 02,Mediacom/BOI,72.255.84.218,1000.0M x 30.0M
MOO 03,MOO 03,Mediacom/BOI,64.237.17.58,1000.0M x 30.0M
MOR 01,MOR 01,Fidelity Communications,149.76.254.206,350.0M x 20.0M
MOS 00,MOS 00,Spectrum,24.182.253.114,600.0M x 35.0M
MOS 01,MOS 01,Spectrum,97.87.195.122,600.0M x 35.0M
MOS 02,MOS 02,AT&T Broadband II,108.192.139.137,300.0M x 300.0M
MOS 03,MOS 03,Spectrum,68.188.35.194,300.0M x 20.0M
MOS 04,MOS 04,Spectrum,68.188.105.222,600.0M x 35.0M
MOS 05,MOS 05,Spectrum,71.86.47.194,940.0M x 35.0M
MOS 06,MOS 06,AT&T Broadband II,104.8.211.201,200.0M x 40.0M
MOS 07,MOS 07,AT&T Broadband II,107.209.41.193,1000.0M x 200.0M
MOS 08,MOS 08,Spectrum,24.241.105.158,600.0M x 35.0M
MOS 09,MOS 09,Spectrum,97.87.146.162,600.0M x 35.0M
MOS 10,MOS 10,Spectrum,24.241.104.110,600.0M x 35.0M
MOS 12,MOS 12,Spectrum,47.50.179.106,600.0M x 35.0M
MOS XX,MOS XX,Spectrum,47.50.140.114,600.0M x 35.0M
MSN 01,MSN 01,Comcast Workplace,173.166.199.197,600.0M x 35.0M
MSN 02,MSN 02,C Spire,173.235.182.210,300.0M x 300.0M
MTB 01,MTB 01,Spectrum ,47.47.128.254,600.0M x 35.0M
MTM 01,MTM 01,Spectrum,47.47.186.114,600.0M x 35.0M
MTM 02,MTM 02,Spectrum,137.26.72.118,600.0M x 35.0M
NCC 01,NCC 01,Spectrum,173.95.192.126,600.0M x 35.0M
NCC 02,NCC 02,Spectrum,24.199.234.50,600.0M x 35.0M
NCC 03,NCC 03,Spectrum,98.101.86.162,600.0M x 35.0M
NCC 04,NCC 04,Spectrum,66.57.20.130,600.0M x 35.0M
NCC 05,NCC 05,Spectrum,173.42.44.150,600.0M x 35.0M
NCC 06,NCC 06,Spectrum,66.57.131.38,600.0M x 35.0M
NCC 07,NCC 07,Spectrum,173.42.17.126,600.0M x 35.0M
NCC 08,NCC 08,AT&T Broadband II,76.248.76.1,1000.0M x 1000.0M
NCC 09,NCC 09,Spectrum,96.10.9.82,940.0M x 35.0M
NCC 10,NCC 10,Spectrum,24.142.198.110,600.0M x 35.0M
NCC 11,NCC 11,Spectrum,173.42.50.70,600.0M x 35.0M
NCC 13,NCC 13,Spectrum,173.42.50.90,600.0M x 35.0M
NCC 14,NCC 14,Spectrum,173.42.60.10,600.0M x 35.0M
NCC 15,NCC 15,Spectrum,70.62.83.50,600.0M x 35.0M
NCC 16,NCC 16,Spectrum,74.218.243.174,600.0M x 35.0M
NCC 17,NCC 17,Spectrum,70.63.77.82,600.0M x 35.0M
NCC 18,NCC 18,Spectrum,24.199.211.46,600.0M x 35.0M
NCC 19,NCC 19,Spectrum,173.42.50.78,600.0M x 35.0M
NCC 20 -B,NCC 20,Spectrum,66.57.129.46,600.0M x 35.0M
NCC 21,NCC 21,Spectrum,173.42.50.74,600.0M x 35.0M
NCC 23,NCC 23,Spectrum,173.42.94.202,600.0M x 35.0M
NCC 24,NCC 24,Spectrum,47.49.183.158,600.0M x 35.0M
NCC 25,NCC 25,Spectrum,24.199.160.230,600.0M x 35.0M
NCC 26,NCC 26,AT&T Broadband II,23.126.1.41,1000.0M x 1000.0M
NCC 27,NCC 27,Spectrum,156.19.62.218,600.0M x 35.0M
NCC 28,NCC 28,Spectrum,144.253.15.46,600.0M x 35.0M
NCC 30,NCC 30,Spectrum,96.10.47.50,600.0M x 35.0M
NCC 33,NCC 33,Spectrum,70.62.110.186,600.0M x 35.0M
NCC 35,NCC 35,Altice,208.180.149.183,500.0M x 50.0M
NCC 36,NCC 36,Spectrum,66.57.79.162,600.0M x 35.0M
NCC 37,NCC 37,Spectrum,174.108.204.246,600.0M x 35.0M
NCC 39,NCC 39,Spectrum,24.172.12.190,600.0M x 35.0M
NCC 40,NCC 40,Spectrum,24.172.234.246,600.0M x 35.0M
NCC 41,NCC 41,Spectrum,173.42.50.238,600.0M x 35.0M
NCC 42,NCC 42,AT&T Broadband II,104.13.12.121,100.0M x 20.0M
NCC 43,NCC 43,Spectrum,47.49.163.174,600.0M x 35.0M
NCC 44,NCC 44,Spectrum,174.99.171.30,600.0M x 35.0M
NCC 45,NCC 45,Spectrum,96.10.113.218,600.0M x 35.0M
NCC 46,NCC 46,Spectrum,70.63.76.162,600.0M x 35.0M
NCC 47,NCC 47,Spectrum,74.219.25.130,600.0M x 35.0M
NCC 51,NCC 51,Altice West,207.192.229.44,100.0M x 10.0M
NCC 52,NCC 52,Spectrum,173.95.111.214,600.0M x 35.0M
NCC W00,NCC W00,Spectrum,66.57.166.218,600.0M x 35.0M
NCN 01,NCN 01,Spectrum,24.172.12.22,600.0M x 35.0M
NDG 01,NDG 01,Midcontinent,24.220.46.162,500.0M x 50.0M
NEG 01,NEG 01,Spectrum,71.8.217.226,600.0M x 35.0M
NEL 01,NEL 01,Spectrum,76.79.25.54,600.0M x 35.0M
NMA00,NMA00,Comcast Workplace,96.64.151.241,300.0M x 30.0M
NMA 01,NMA 01,Comcast Workplace,50.240.15.89,300.0M x 30.0M
NMA 02,NMA 02,Comcast Workplace,50.188.167.53,300.0M x 30.0M
NMA 03,NMA 03,Comcast Workplace,50.77.43.201,600.0M x 35.0M
NMA 04,NMA 04,Comcast Workplace,23.31.114.133,300.0M x 30.0M
NMA 05,NMA 05,Comcast Workplace,173.163.241.109,600.0M x 35.0M
NMA 06,NMA 06,Comcast Workplace,71.25.95.217,300.0M x 30.0M
NMA 07,NMA 07,Comcast Workplace,96.92.66.77,1000.0M x 35.0M
NMA 08,NMA 08,Comcast Workplace,96.77.28.109,600.0M x 35.0M
NMA 09,NMA 09,SparkLight,67.60.99.2,300.0M x 30.0M
NMA 11,NMA 11,TDS Cable,24.49.160.42,300.0M x 30.0M
NMA 12,NMA 12,Comcast Workplace,96.77.26.145,600.0M x 35.0M
NMA Call Center,NMA Call Center,Comcast Workplace,74.92.206.225,600.0M x 35.0M
NMAW00,NMAW00,Comcast Workplace,96.92.78.213,600.0M x 35.0M
NMC 01,NMC 01,Altice West,66.76.20.2,300.0M x 30.0M
NMF 01,NMF 01,Comcast Workplace,23.31.119.25,600.0M x 35.0M
NMH 01,NMH 01,Windstream,184.81.233.98,500.0M x 500.0M
NML 01,NML 01,Comcast Workplace,71.25.90.169,300.0M x 30.0M
NMR 01,NMR 01,Sparklight,24.119.46.66,300.0M x 30.0M
NMS 03,NMS 03,Comcast Workplace,50.213.132.113,250.0M x 25.0M
NNM 09,NNM 09,Comcast Workplace,50.249.116.145,600.0M x 35.0M
NVL000,NVL000,Cox Business/BOI,24.234.187.243,300.0M x 30.0M
NVL 03,NVL 03,Cox Business/BOI,174.67.84.78,300.0M x 30.0M
NVL 04,NVL 04,Cox Business/BOI,174.75.33.72,300.0M x 30.0M
NVL 05,NVL 05,Cox Business/BOI,24.234.148.98,300.0M x 30.0M
NVL 06,NVL 06,Cox Business/BOI,24.234.31.50,300.0M x 30.0M
NVL 08,NVL 08,CenturyLink Fiber Plus,65.153.152.146,500.0M x 500.0M
NVL 09,NVL 09,Cox Business/BOI,24.234.158.114,300.0M x 30.0M
NVL 11,NVL 11,Cox Business/BOI,174.71.227.27,300.0M x 30.0M
NVL 13,NVL 13,Cox Business/BOI,98.180.231.172,300.0M x 30.0M
NVL 14,NVL 14,Cox Business/BOI,24.234.115.121,300.0M x 30.0M
NVL 17,NVL 17,Cox Business/BOI,68.1.199.169,300.0M x 30.0M
NVL 22,NVL 22,Cox Business/BOI,98.180.225.154,300.0M x 30.0M
NVL 23,NVL 23,Cox Business/BOI,184.176.163.195,300.0M x 30.0M
NVL 24,NVL 24,Cox Business/BOI,174.67.82.218,300.0M x 30.0M
NVL 25,NVL 25,CenturyLink Fiber Plus,65.140.77.202,500.0M x 500.0M
NVL 26,NVL 26,Cox Business/BOI,24.234.138.82,300.0M x 30.0M
NVLW 01,NVLW 01,Cox Business/BOI,24.120.171.73,300.0M x 30.0M
NVR 01,NVR 01,Spectrum,47.48.75.78,600.0M x 35.0M
NVR 02,NVR 02,Spectrum,97.92.107.50,600.0M x 35.0M
NVR 04,NVR 04,Spectrum,68.190.176.202,600.0M x 35.0M
NVR 05,NVR 05,Spectrum,24.176.187.90,600.0M x 35.0M
OHC 03,OHC 03,Spectrum,74.87.216.206,600.0M x 35.0M
OHC 04,OHC 04,Spectrum,24.106.248.118,600.0M x 35.0M
OHC 05,OHC 05,Spectrum,98.100.57.174,600.0M x 35.0M
OHC 06,OHC 06,Spectrum,147.0.109.194,600.0M x 35.0M
OHC 07,OHC 07,Spectrum,74.142.94.158,600.0M x 35.0M
OHC 08,OHC 08,Spectrum,98.100.62.186,600.0M x 35.0M
OHC 10,OHC 10,Spectrum,173.198.38.138,600.0M x 35.0M
OHD 02,OHD 02,Spectrum,98.102.180.10,600.0M x 35.0M
OHD 03,OHD 03,Spectrum,74.219.228.166,940.0M x 35.0M
OHD 04,OHD 04,Spectrum,74.143.122.162,600.0M x 35.0M
OHL 01,OHL 01,Spectrum,98.102.18.154,600.0M x 35.0M
OHN 01,OHN 01,Spectrum,24.56.64.170,600.0M x 35.0M
OHN 02,OHN 02,AT&T Broadband II,107.211.81.177,1000.0M x 200.0M
OHN 03,OHN 03,Spectrum,67.53.174.202,600.0M x 35.0M
OHN 04,OHN 04,Windstream,64.24.227.230,400.0M x 400.0M
OHN 05,OHN 05,Spectrum,74.143.158.26,600.0M x 35.0M
OHN 06,OHN 06,Armstrong Cable,24.101.188.52,300.0M x 300.0M
OHS 01,OHS 01,Spectrum,70.62.144.78,600.0M x 35.0M
OHS 02,OHS 02,Spectrum,24.142.129.2,600.0M x 35.0M
OHS 03,OHS 03,Spectrum,71.67.62.174,600.0M x 35.0M
OHS 04,OHS 04,Spectrum,71.67.64.2,600.0M x 35.0M
OHS 05,OHS 05,Spectrum,71.67.57.246,600.0M x 35.0M
OHT 01,OHT 01,AT&T Broadband II,75.61.152.97,300.0M x 300.0M
OHT 02,OHT 02,Spectrum,98.123.12.250,600.0M x 35.0M
OKA 01,OKA 01,SparkLight,159.118.225.250,300.0M x 30.0M
OKE 01,OKE 01,AT&T Broadband II,69.227.69.201,1000.0M x 200.0M
OKO00,OKO00,Cox Business/BOI,68.228.123.109,300.0M x 30.0M
OKO 02,OKO 02,Cox Business/BOI,98.174.180.151,300.0M x 30.0M
OKO 03,OKO 03,Cox Business/BOI,24.248.169.51,300.0M x 30.0M
OKO 04,OKO 04,Cox Business/BOI,68.99.64.218,300.0M x 30.0M
OKO 05,OKO 05,Cox Business/BOI,72.198.170.125,300.0M x 30.0M
OKO 06,OKO 06,Cox Business/BOI,72.200.243.6,300.0M x 30.0M
OKO 07,OKO 07,AT&T Broadband II,23.112.171.153,1000.0M x 1000.0M
OKO 08,OKO 08,Cox Business/BOI,72.204.204.142,300.0M x 30.0M
OKO 09,OKO 09,Cox Business/BOI,184.186.193.250,300.0M x 30.0M
OKO 10,OKO 10,Cox Business/BOI,98.179.49.45,300.0M x 30.0M
OKO 11,OKO 11,Cox Business/BOI,68.109.210.125,300.0M x 30.0M
OKO 12,OKO 12,AT&T Broadband II,45.26.241.57,300.0M x 75.0M
OKO 13,OKO 13,Cox Business/BOI,24.249.100.154,300.0M x 30.0M
OKO 14,OKO 14,Vyve,24.112.100.163,500.0M x 50.0M
OKO 15,OKO 15,AT&T Broadband II,104.1.124.193,1000.0M x 1000.0M
OKT 01,OKT 01,Cox Business/BOI,68.228.127.108,300.0M x 30.0M
OKT 02,OKT 02,Cox Business/BOI,174.78.187.86,300.0M x 30.0M
OKT 03,OKT 03,Cox Business/BOI,70.164.58.119,300.0M x 30.0M
OKT 05,OKT 05,Cox Business/BOI,98.184.114.134,300.0M x 30.0M
OKT 06,OKT 06,Cox Business/BOI ,174.77.124.141,300.0M x 30.0M
OKT 07,OKT 07,AT&T Broadband II,99.148.54.209,500.0M x 100.0M
OKT 08,OKT 08,Cox Business/BOI,98.175.15.27,300.0M x 30.0M
ORM 01,ORM 01,Spectrum,97.90.122.186,600.0M x 35.0M
ORM 02,ORM 02,Spectrum,68.185.58.190,600.0M x 35.0M
ORP 02,ORP 02,Comcast Workplace,96.71.186.1,250.0M x 25.0M
ORP 04,ORP 04,Comcast Workplace,96.79.127.209,600.0M x 35.0M
ORP 07,ORP 07,Ziply Fiber,192.183.197.170,1000.0M x 1000.0M
ORP 08,ORP 08,TDS Telecom,69.130.234.114,300.0M x 30.0M
ORP 09,ORP 09,Comcast Workplace,173.11.1.77,250.0M x 25.0M
ORP 10,ORP 10,Comcast Workplace,96.76.121.5,300.0M x 30.0M
ORP 11,ORP 11,Comcast Workplace,50.214.77.149,300.0M x 30.0M
ORP 12,ORP 12,Comcast Workplace,50.196.2.241,600.0M x 35.0M
PAC 01,PAC 01,Breezeline,72.28.198.15,300.0M x 30.0M
PAN 01,PAN 01,Comcast Workplace,50.186.72.13,600.0M x 35.0M
PAN 02,PAN 02,EB2-Penteledata Cable,NaN,300.0M x 30.0M
PAP 01,PAP 01,EB2-RCN Cable,216.164.196.131,250.0M x 15.0M
PAP 02,PAP 02,Comcast Workplace,50.251.53.21,600.0M x 35.0M
PAW 01,PAW 01,Comcast Workplace,50.248.77.209,600.0M x 35.0M
PAW 02,PAW 02,Comcast Workplace,71.27.80.173,600.0M x 35.0M
SCA 01,SCA 01,Breezeline (Formerly Atlantic Broadband),72.28.166.48,500.0M x 40.0M
SCC 01,SCC 01,Spectrum,144.253.8.134,600.0M x 35.0M
SCC 02,SCC 02,Spectrum,47.46.230.78,600.0M x 35.0M
SCC 03,SCC 03,Comporium Com DDSL,68.235.226.162,1000.0M x 35.0M
SCC 04,SCC 04,Spectrum,144.253.17.22,600.0M x 35.0M
SCC 05,SCC 05,Spectrum,156.19.61.102,600.0M x 35.0M
SCC 06,SCC 06,Spectrum,173.95.231.94,600.0M x 35.0M
SCC 07,SCC 07,Spectrum,70.60.121.234,600.0M x 35.0M
SCC 08,SCC 08,Spectrum,173.42.5.178,600.0M x 35.0M
SCC 09,SCC 09,Spectrum,173.42.23.254,600.0M x 35.0M
SCC 10,SCC 10,Spectrum,156.19.56.210,600.0M x 35.0M
SCC 11,SCC 11,Spectrum,96.10.89.218,600.0M x 35.0M
SCC 12,SCC 12,Spectrum,173.42.94.246,600.0M x 35.0M
SCC 13,SCC 13,Hargray Telephone Co.,64.20.130.194,300.0M x 30.0M
SCC 14,SCC 14,Spectrum,66.57.201.190,600.0M x 35.0M
SCC 15,SCC 15,Spectrum,174.108.179.122,600.0M x 35.0M
SCC 16,SCC 16,Spectrum,70.61.116.2,600.0M x 35.0M
SCC 17,SCC 17,Spectrum,70.63.254.34,600.0M x 35.0M
SCC 18,SCC 18,Comcast Workplace,173.165.153.65,600.0M x 35.0M
SCC 19,SCC 19,AT&T Broadband II,99.88.212.9,1000.0M x 1000.0M
SDR 01,SDR 01,Midcontinent,24.111.131.190,500.0M x 500.0M
SDS 01,SDS 01,Midcontinent,24.111.10.222,1000.0M x 60.0M
TNC 01,TNC 01,Spectrum,96.38.34.202,600.0M x 35.0M
TNC 02,TNC 02,Comcast Workplace,74.95.105.125,600.0M x 35.0M
TNC 03,TNC 03,Comcast Workplace,75.149.108.105,600.0M x 35.0M
TNE 02,TNE 02,Spectrum ,137.27.62.170,600.0M x 35.0M
TNK 01,TNK 01,Spectrum,137.27.57.138,600.0M x 35.0M
TNK 02,TNK 02,Comcast Workplace,96.74.40.1,250.0M x 25.0M
TNK 03,TNK 03,Comcast Workplace,96.69.104.121,300.0M x 30.0M
TNM 02,TNM 02,Comcast Workplace,96.81.27.57,250.0M x 25.0M
TNM 03,TNM 03,Comcast Workplace,75.151.208.13,300.0M x 30.0M
TNM 04,TNM 04,Comcast Workplace,75.145.217.113,600.0M x 35.0M
TNM 05,TNM 05,Spectrum ,137.27.56.202,600.0M x 35.0M
TNN00,TNN00,Comcast Workplace,96.69.101.185,300.0M x 30.0M
TNN 03,TNN 03,Comcast Workplace,96.69.118.169,600.0M x 35.0M
TNN 04,TNN 04,Comcast Workplace,50.194.1.177,600.0M x 35.0M
TNN 05,TNN 05,Comcast Workplace,75.151.60.13,600.0M x 35.0M
TNN 07,TNN 07,Comcast Workplace,96.85.55.241,600.0M x 35.0M
TNN 08,TNN 08,Comcast Workplace,50.213.159.233,250.0M x 25.0M
TNN 09,TNN 09,Spectrum,137.27.57.30,600.0M x 35.0M
TNN 10,TNN 10,Spectrum,137.27.43.238,600.0M x 35.0M
TNN 12,TNN 12,Comcast Workplace,74.93.244.81,600.0M x 35.0M
TNN 13,TNN 13,AT&T Broadband II,104.4.22.81,300.0M x 300.0M
TNN 14,TNN 14,Spectrum,96.38.28.106,940.0M x 35.0M
TNN 15,TNN 15,Comcast Workplace,96.74.37.101,600.0M x 35.0M
TNN 16,TNN 16,Comcast Workplace,50.254.254.117,600.0M x 35.0M
TXA 01,TXA 01,Spectrum,71.78.177.218,600.0M x 35.0M
TXA 02,TXA 02,Spectrum,70.118.5.238,600.0M x 35.0M
TXA 03,TXA 03,Spectrum,NaN,600.0M x 35.0M
TXA 04,TXA 04,Spectrum,97.105.15.182,600.0M x 35.0M
TXA 05,TXA 05,Spectrum,75.87.49.14,600.0M x 35.0M
TXA 06,TXA 06,Spectrum,150.220.131.42,600.0M x 35.0M
TXA 07,TXA 07,Spectrum,150.220.131.26,600.0M x 35.0M
TXA 08,TXA 08,Spectrum,71.40.76.202,600.0M x 35.0M
TXA 09,TXA 09,Spectrum,24.153.247.10,600.0M x 35.0M
TXA 10,TXA 10,Spectrum,71.40.126.70,600.0M x 35.0M
TXA 11,TXA 11,Spectrum,71.41.135.94,600.0M x 35.0M
TXA 13,TXA 13,Spectrum,98.6.39.218,600.0M x 35.0M
TXA 14,TXA 14,Spectrum,50.84.160.190,600.0M x 35.0M
TXA 15,TXA 15,Spectrum,75.87.52.134,600.0M x 35.0M
TXA 16,TXA 16,Spectrum,150.220.131.22,600.0M x 35.0M
TXA 17,TXA 17,Spectrum,150.220.208.206,600.0M x 35.0M
TXA 18,TXA 18,Spectrum,98.6.149.210,600.0M x 35.0M
TXA 19,TXA 19,Spectrum,150.220.139.30,600.0M x 35.0M
TXA 20,TXA 20,Spectrum,97.105.58.234,600.0M x 35.0M
TXA 21,TXA 21,Altice,208.180.124.69,500.0M x 50.0M
TXA 22,TXA 22,Spectrum,150.220.28.150,600.0M x 35.0M
TXA 23,TXA 23,Spectrum,67.78.45.154,300.0M x 20.0M
TXC 01,TXC 01,Spectrum,24.153.245.246,600.0M x 35.0M
TXC 03,TXC 03,Spectrum,70.113.232.226,600.0M x 35.0M
TXC 04,TXC 04,Spectrum,98.6.65.114,600.0M x 35.0M
TXC 05,TXC 05,Spectrum,150.220.222.206,600.0M x 35.0M
TXC 06,TXC 06,Altice,173.219.32.142,500.0M x 50.0M
TXC 07,TXC 07,Spectrum,71.41.150.102,600.0M x 35.0M
TXC 08,TXC 08,Spectrum,150.220.207.254,600.0M x 35.0M
TXC 09,TXC 09,Spectrum,97.77.33.182,600.0M x 35.0M
TXC 10,TXC 10,Spectrum,67.78.39.94,600.0M x 35.0M
TXC 11,TXC 11,Altice,66.76.46.54,500.0M x 50.0M
TXC 12,TXC 12,AT&T Broadband II,162.237.84.57,1000.0M x 1000.0M
TXC 13,TXC 13,Spectrum,150.220.139.18,600.0M x 35.0M
TXC 14,TXC 14,Spectrum,71.78.5.110,940.0M x 35.0M
TXC 15,TXC 15,Spectrum,97.79.174.186,600.0M x 35.0M
TXC 16,TXC 16,Altice,208.180.237.252,500.0M x 50.0M
TXC 17,TXC 17,Spectrum,98.6.81.222,600.0M x 35.0M
TXC 18,TXC 18,Spectrum,50.84.207.42,600.0M x 35.0M
TXC 19,TXC 19,Spectrum,67.78.88.118,600.0M x 35.0M
TXC 20,TXC 20,Spectrum,98.6.101.62,600.0M x 35.0M
TXC 21,TXC 21,Spectrum,98.6.130.254,600.0M x 35.0M
TXD 00,TXD 00,Spectrum,50.84.170.198,600.0M x 35.0M
TXD00,TXD00,Spectrum,50.84.170.198,600.0M x 35.0M
TXD 01,TXD 01,Spectrum,47.51.226.222,600.0M x 35.0M
TXD 02,TXD 02,Spectrum,98.6.216.154,600.0M x 35.0M
TXD 04,TXD 04,Spectrum,172.87.144.182,600.0M x 35.0M
TXD 05,TXD 05,Spectrum,70.118.1.50,940.0M x 35.0M
TXD 06,TXD 06,Spectrum,70.92.57.110,600.0M x 35.0M
TXD 08,TXD 08,Spectrum,98.6.82.238,600.0M x 35.0M
TXD 09,TXD 09,Spectrum,98.6.152.90,600.0M x 35.0M
TXD 10,TXD 10,Spectrum,98.6.216.146,600.0M x 35.0M
TXD 11,TXD 11,Spectrum,71.15.97.230,940.0M x 35.0M
TXD 12,TXD 12,Spectrum,47.51.235.182,600.0M x 35.0M
TXD 13,TXD 13,Spectrum,97.79.245.62,600.0M x 35.0M
TXD 15,TXD 15,Spectrum,97.77.110.30,300.0M x 20.0M
TXD 17,TXD 17,Spectrum,150.220.200.254,600.0M x 35.0M
TXD 18,TXD 18,Spectrum,71.42.251.182,600.0M x 35.0M
TXD 19,TXD 19,Spectrum,150.220.200.230,600.0M x 35.0M
TXD 20,TXD 20,Spectrum,98.6.60.226,600.0M x 35.0M
TXD 22,TXD 22,Spectrum,70.118.0.218,600.0M x 35.0M
TXD 23,TXD 23,Spectrum,67.79.29.210,600.0M x 35.0M
TXD 25,TXD 25,Spectrum,98.6.174.166,600.0M x 35.0M
TXD 26,TXD 26,Spectrum,67.48.52.214,600.0M x 35.0M
TXD 28,TXD 28,Spectrum,98.6.99.58,600.0M x 35.0M
TXD 29,TXD 29,Spectrum,71.41.187.58,600.0M x 35.0M
TXD 30,TXD 30,Spectrum,70.118.80.222,600.0M x 35.0M
TXD 31,TXD 31,Spectrum,98.6.82.122,600.0M x 35.0M
TXD 32,TXD 32,Spectrum,150.220.131.242,600.0M x 35.0M
TXD 33,TXD 33,Spectrum,97.105.4.198,600.0M x 35.0M
TXD 34,TXD 34,Spectrum,70.113.250.14,600.0M x 35.0M
TXD 35,TXD 35,Spectrum,150.220.135.46,600.0M x 35.0M
TXD 36,TXD 36,Spectrum,97.77.228.22,600.0M x 35.0M
TXD 37,TXD 37,Spectrum,67.78.38.74,940.0M x 35.0M
TXD 38,TXD 38,Spectrum,98.6.99.74,600.0M x 35.0M
TXD 39,TXD 39,Spectrum,96.39.208.102,600.0M x 35.0M
TXD 40,TXD 40,Spectrum,68.187.35.114,940.0M x 35.0M
TXD 41,TXD 41,Spectrum,47.51.237.26,600.0M x 35.0M
TXD 42,TXD 42,Spectrum,172.87.130.182,600.0M x 35.0M
TXD 43,TXD 43,Spectrum,70.113.241.58,600.0M x 35.0M
TXD 44,TXD 44,Spectrum,137.27.187.202,940.0M x 35.0M
TXD 45,TXD 45,Spectrum,72.129.168.226,600.0M x 35.0M
TXD 46,TXD 46,AT&T Broadband II,108.204.136.209,1000.0M x 1000.0M
TXD 47,TXD 47,AT&T Broadband II,107.132.155.129,1000.0M x 1000.0M
TXD 48,TXD 48,Spectrum,108.178.99.34,600.0M x 35.0M
TXD 50,TXD 50,Spectrum,71.40.111.46,600.0M x 35.0M
TXD 51,TXD 51,Spectrum,24.178.208.158,600.0M x 35.0M
TXD 52,TXD 52,Spectrum,72.129.172.250,600.0M x 35.0M
TXD 54,TXD 54,Spectrum,24.240.248.154,600.0M x 35.0M
TXD 55,TXD 55,Spectrum,24.153.245.106,600.0M x 35.0M
TXD 56,TXD 56,Spectrum,24.178.216.26,940.0M x 35.0M
TXD 57,TXD 57,Spectrum,67.78.106.150,600.0M x 35.0M
TXD 58,TXD 58,Spectrum,24.242.180.146,600.0M x 35.0M
TXD 59,TXD 59,Spectrum,137.27.189.6,600.0M x 35.0M
TXD 60,TXD 60,Spectrum Business,98.6.198.210,500.0M x 500.0M
TXD 61,TXD 61,Spectrum,47.51.232.242,600.0M x 35.0M
TXD 62,TXD 62,Cable One,160.3.116.250,300.0M x 50.0M
TXD 63,TXD 63,Cable One,96.18.58.190,300.0M x 50.0M
TXD 64,TXD 64,Spectrum,47.51.224.214,600.0M x 35.0M
TXD 65,TXD 65,AT&T Broadband II,172.3.101.25,1000.0M x 1000.0M
TXD 66,TXD 66,Spectrum,98.6.60.254,600.0M x 35.0M
TXD 67,TXD 67,Spectrum,192.154.182.110,600.0M x 35.0M
TXD 68,TXD 68,Spectrum,98.6.249.126,600.0M x 35.0M
TXD 69,TXD 69,Spectrum,24.240.248.6,600.0M x 35.0M
TXD 70,TXD 70,Spectrum,50.84.25.90,940.0M x 35.0M
TXD 72,TXD 72,AT&T Broadband II,107.139.66.185,500.0M x 100.0M
TXD 73,TXD 73,Spectrum,98.6.124.154,600.0M x 35.0M
TXD 74,TXD 74,Spectrum,47.51.228.218,600.0M x 35.0M
TXD 75,TXD 75,Spectrum,68.187.43.70,600.0M x 35.0M
TXD 76,TXD 76,Altice,66.76.52.128,500.0M x 50.0M
TXD 77,TXD 77,Spectrum,150.220.202.210,600.0M x 35.0M
TXD 78,TXD 78,Spectrum,71.78.213.170,600.0M x 35.0M
TXD 79,TXD 79,Altice,66.76.70.123,500.0M x 50.0M
TXD 80,TXD 80,AT&T Broadband II,104.11.158.65,1000.0M x 200.0M
TXD 81,TXD 81,Spectrum,70.115.32.30,600.0M x 35.0M
TXD 82,TXD 82,AT&T Broadband II,76.237.81.217,1000.0M x 200.0M
TXD 83,TXD 83,Spectrum,70.118.86.98,940.0M x 35.0M
TXD 84,TXD 84,VyVe,24.112.126.202,500.0M x 50.0M
TXD 85,TXD 85,Spectrum,70.118.99.238,600.0M x 35.0M
TXD 86,TXD 86,Spectrum,137.27.173.238,600.0M x 35.0M
TXD 87,TXD 87,Frontier FIOS,47.190.70.186,500.0M x 500.0M
TXD 88,TXD 88,Altice West,66.76.51.189,500.0M x 50.0M
TXD 89,TXD 89,AT&T Broadband II,104.54.182.97,1000.0M x 1000.0M
TXD 91,TXD 91,Frontier FIOS,47.190.133.14,200.0M x 200.0M
TXD 92,TXD 92,AT&T Broadband II,108.241.214.209,200.0M x 200.0M
TXD 93,TXD 93,Altice West,64.72.38.133,100.0M x 10.0M
TXD 94,TXD 94,Spectrum,75.139.242.194,600.0M x 35.0M
TXD 95,TXD 95,Spectrum,137.27.171.134,600.0M x 35.0M
TXD 96,TXD 96,AT&T Broadband II,99.56.151.185,1000.0M x 1000.0M
TXE 01,TXE 01,Spectrum,150.220.202.206,600.0M x 35.0M
TXE 02,TXE 02,Spectrum,71.78.229.38,600.0M x 35.0M
TXE 03,TXE 03,Spectrum,50.84.87.14,600.0M x 35.0M
TXE 05,TXE 05,Spectrum,67.78.46.226,600.0M x 35.0M
TXE 06,TXE 06,Spectrum,150.220.202.202,600.0M x 35.0M
TXE 07,TXE 07,Spectrum,71.78.116.106,600.0M x 35.0M
TXG 01,TXG 01,AT&T Broadband II,99.26.239.81,2000.0M x 2000.0M
TXH00,TXH00,Comcast Workplace,96.85.28.9,300.0M x 30.0M
TXH 01,TXH 01,AT&T Broadband II,104.4.63.209,1000.0M x 1000.0M
TXH 02,TXH 02,Comcast Workplace,50.209.112.37,600.0M x 35.0M
TXH 03,TXH 03,Comcast Workplace,198.0.66.93,600.0M x 35.0M
TXH 10,TXH 10,Comcast Workplace,50.249.71.157,600.0M x 35.0M
TXH 12,TXH 12,Comcast Workplace,50.209.113.197,600.0M x 35.0M
TXH 15,TXH 15,Comcast Workplace,50.209.122.101,600.0M x 35.0M
TXH 16,TXH 16,Comcast Workplace,50.209.116.117,600.0M x 35.0M
TXH 18,TXH 18,Comcast Workplace,173.11.161.13,250.0M x 25.0M
TXH 20,TXH 20,Comcast Workplace,50.213.171.5,250.0M x 25.0M
TXH 21,TXH 21,Comcast Workplace,50.192.76.253,600.0M x 35.0M
TXH 22,TXH 22,Altice,208.180.4.52,500.0M x 50.0M
TXH 23,TXH 23,Altice West,66.76.13.154,500.0M x 50.0M
TXH 26,TXH 26,Spectrum,97.77.145.54,600.0M x 35.0M
TXH 27,TXH 27,Comcast Workplace,50.209.109.97,600.0M x 35.0M
TXH 29,TXH 29,Comcast Workplace,96.65.228.173,600.0M x 35.0M
TXH 30,TXH 30,Comcast Workplace,50.209.107.161,600.0M x 35.0M
TXH 31,TXH 31,Comcast Workplace,96.73.85.37,300.0M x 30.0M
TXH 33,TXH 33,Comcast Workplace,198.0.88.13,300.0M x 30.0M
TXH 37,TXH 37,Comcast Workplace,50.188.80.85,600.0M x 35.0M
TXH 39,TXH 39,Comcast Workplace,50.197.200.25,600.0M x 35.0M
TXH 43,TXH 43,Altice West,208.180.223.58,500.0M x 50.0M
TXH 45,TXH 45,Comcast Workplace,50.194.168.221,600.0M x 35.0M
TXH 46,TXH 46,Comcast Workplace,96.93.81.173,600.0M x 35.0M
TXH 48,TXH 48,Altice,173.219.22.185,500.0M x 50.0M
TXH 49,TXH 49,Comcast Workplace,74.95.149.213,600.0M x 35.0M
TXH 50,TXH 50,AT&T Broadband II,99.65.252.65,300.0M x 300.0M
TXH 51,TXH 51,Comcast Workplace,50.209.113.169,600.0M x 35.0M
TXH 53 - B,TXH 53,Comcast Workplace,96.73.110.89,600.0M x 35.0M
TXH 54,TXH 54,Comcast Workplace,50.254.126.177,600.0M x 35.0M
TXH 57,TXH 57,Comcast Workplace,50.188.77.1,300.0M x 30.0M
TXH 58,TXH 58,Comcast Workplace,96.68.99.209,600.0M x 35.0M
TXH 59,TXH 59,Spectrum,24.242.165.230,600.0M x 35.0M
TXH 60,TXH 60,Comcast Workplace,96.65.229.217,600.0M x 35.0M
TXH 61,TXH 61,Comcast Workplace,50.78.223.25,250.0M x 25.0M
TXH 62,TXH 62,Spectrum,24.173.224.254,600.0M x 35.0M
TXH 63,TXH 63,Comcast Workplace,96.68.118.181,600.0M x 35.0M
TXH 66,TXH 66,Comcast Workplace,50.197.216.105,600.0M x 35.0M
TXH 67,TXH 67,Comcast Workplace,50.209.113.113,600.0M x 35.0M
TXH 68,TXH 68,Comcast Workplace,96.65.254.209,600.0M x 35.0M
TXH 69,TXH 69,Spectrum,70.113.243.122,600.0M x 35.0M
TXH 71,TXH 71,AT&T Broadband II,162.201.16.17,1000.0M x 1000.0M
TXH 72,TXH 72,Comcast Workplace,50.209.108.33,600.0M x 35.0M
TXH 73,TXH 73,Comcast Workplace,96.79.182.253,300.0M x 30.0M
TXH 74,TXH 74,Altice,208.180.4.110,500.0M x 50.0M
TXH 75,TXH 75,Comcast Workplace,96.68.106.113,600.0M x 35.0M
TXH 77,TXH 77,Comcast Workplace,50.208.72.229,600.0M x 35.0M
TXH 78,TXH 78,Comcast Workplace,96.68.115.205,300.0M x 30.0M
TXH 79,TXH 79,Comcast Workplace,96.88.55.1,600.0M x 35.0M
TXH 80,TXH 80,Comcast Workplace,23.30.65.17,600.0M x 35.0M
TXH 83,TXH 83,Comcast Workplace,75.148.168.125,250.0M x 25.0M
TXH 84,TXH 84,Comcast Workplace,50.209.107.33,600.0M x 35.0M
TXH 85,TXH 85,Altice West,173.219.73.189,500.0M x 50.0M
TXH 87,TXH 87,Comcast Workplace,96.73.64.77,600.0M x 35.0M
TXH 88,TXH 88,Comcast Workplace,74.95.150.225,250.0M x 25.0M
TXH 89,TXH 89,Comcast Workplace,96.79.163.117,250.0M x 25.0M
TXH 90,TXH 90,Comcast Workplace,50.209.113.173,600.0M x 35.0M
TXH 91,TXH 91,Livcom,8.2.208.171,200.0M x 200.0M
TXH 92,TXH 92,Comcast Workplace,96.88.62.237,250.0M x 25.0M
TXH 93,TXH 93,AT&T Broadband II,99.50.12.161,1000.0M x 1000.0M
TXH 94,TXH 94,Comcast Workplace,50.209.110.57,300.0M x 30.0M
TXH 95,TXH 95,Comcast Workplace,96.65.232.233,250.0M x 25.0M
TXH 96,TXH 96,Comcast Workplace,96.85.24.45,250.0M x 25.0M
TXH 97,TXH 97,AT&T Broadband II,23.126.108.201,1000.0M x 200.0M
TXH SE Flex DTU,TXH SE Flex DTU,Comcast Workplace,50.209.109.209,600.0M x 35.0M
TXH Training,TXH Training,Comcast Workplace,75.148.163.185,300.0M x 30.0M
TXHW00,TXHW00,Comcast Workplace,50.210.214.113,600.0M x 35.0M
TXL 01,TXL 01,Altice West,66.76.182.71,500.0M x 50.0M
TXL 02,TXL 02,Altice,208.180.110.229,500.0M x 50.0M
TXL 03,TXL 03,Altice,66.76.255.5,500.0M x 50.0M
TXL 05,TXL 05,Vexus,65.182.82.213,550.0M x 275.0M
TXM 01,TXM 01,AT&T Broadband II,107.128.86.113,1000.0M x 1000.0M
TXM 02,TXM 02,Altice,208.180.5.61,500.0M x 50.0M
TXM 03,TXM 03,Altice,208.180.5.183,300.0M x 30.0M
TXN 01,TXN 01,Spectrum,71.42.136.70,600.0M x 35.0M
TXO 01,TXO 01,AT&T Broadband II,172.13.226.113,1000.0M x 200.0M
TXO 02,TXO 02,Cable One ,24.116.31.158,300.0M x 50.0M
TXS 00,TXS000,Spectrum,71.78.86.2,600.0M x 35.0M
TXS 02,TXS 02,Spectrum,108.178.107.106,600.0M x 35.0M
TXS 05,TXS 05,Spectrum,97.105.89.22,940.0M x 35.0M
TXS 06,TXS 06,Spectrum,97.105.186.230,600.0M x 35.0M
TXS 07,TXS 07,Spectrum,97.105.126.54,600.0M x 35.0M
TXS 08,TXS 08,Spectrum,70.113.225.54,940.0M x 35.0M
TXS 09,TXS 09,AT&T Broadband II,76.255.15.17,1000.0M x 1000.0M
TXS 11,TXS 11,Spectrum,150.220.208.238,600.0M x 35.0M
TXS 12,TXS 12,Spectrum,97.105.18.226,600.0M x 35.0M
TXS 13 -B,TXS 13,Spectrum,67.79.227.50,600.0M x 35.0M
TXS 14,TXS 14,Spectrum,70.113.230.246,600.0M x 35.0M
TXS 15,TXS 15,Spectrum,67.79.106.110,600.0M x 35.0M
TXS 16,TXS 16,Spectrum,150.220.131.54,600.0M x 35.0M
TXS 17,TXS 17,Spectrum,24.173.84.122,600.0M x 35.0M
TXS 18,TXS 18,Spectrum,97.105.101.162,600.0M x 35.0M
TXS 19,TXS 19,Spectrum,150.220.131.50,600.0M x 35.0M
TXS 20,TXS 20,Spectrum,24.153.161.206,600.0M x 35.0M
TXS 21,TXS 21,Spectrum,70.113.232.82,600.0M x 35.0M
TXS 22,TXS 22,Spectrum,98.6.120.34,600.0M x 35.0M
TXS 23,TXS 23,Spectrum,67.78.107.122,600.0M x 35.0M
TXS 24,TXS 24,Spectrum,67.79.241.126,600.0M x 35.0M
TXS 25,TXS 25,Spectrum,64.183.186.214,600.0M x 35.0M
TXS 26,TXS 26,Spectrum,70.116.227.178,600.0M x 35.0M
TXS 27,TXS 27,Spectrum,71.41.135.90,600.0M x 35.0M
TXS 28,TXS 28,AT&T Broadband II,104.176.95.145,500.0M x 100.0M
TXS 29,TXS 29,Spectrum,71.78.32.74,300.0M x 20.0M
TXS 30,TXS 30,Spectrum,50.84.69.66,300.0M x 20.0M
TXS 31,TXS 31,Spectrum,97.105.40.142,600.0M x 35.0M
TXW 01,TXW 01,Altice,66.76.17.70,500.0M x 50.0M
TXW 02,TXW 02,Altice,173.219.127.91,500.0M x 50.0M
TXW 03,TXW 03,Altice West,66.76.135.93,500.0M x 50.0M
TXW 04,TXW 04,Altice,173.219.174.18,500.0M x 50.0M
TXW 05,TXW 05,Altice,66.76.179.24,500.0M x 50.0M
TXW 06,TXW 06,Altice West,66.76.135.32,500.0M x 50.0M
TXW 07,TXW 07,Altice West,66.76.17.42,500.0M x 50.0M
TXW 09,TXW 09,Altice,66.76.178.81,500.0M x 50.0M
UTS 00,UTS 00,Zayo Communications,209.66.104.34,100.0M x 100.0M
UTS 01,UTS 01,Comcast Workplace,50.184.169.237,600.0M x 35.0M
UTS 03,UTS 03,Comcast Workplace,96.73.12.109,600.0M x 35.0M
UTS 04,UTS 04,Comcast Workplace,173.10.21.245,250.0M x 25.0M
UTS 05,UTS 05,Comcast Workplace,96.86.214.241,600.0M x 35.0M
UTS 06,UTS 06,Comcast Workplace,96.92.90.185,250.0M x 25.0M
UTS 09,UTS 09,Comcast Workplace,96.86.207.181,600.0M x 35.0M
UTS 12,UTS 12,TDS Cable,184.61.190.6,500.0M x 100.0M
UTS 14,UTS 14,Comcast Workplace,50.252.139.53,600.0M x 35.0M
UTS 18,UTS 18,Comcast Workplace,50.73.40.245,600.0M x 35.0M
UTS 20,UTS 20,Comcast Workplace,173.8.88.141,250.0M x 25.0M
UTS 21,UTS 21,Comcast Workplace,50.79.70.81,600.0M x 35.0M
UTS 23,UTS 23,Comcast Workplace,50.255.206.137,600.0M x 35.0M
UTS 24,UTS 24,Comcast Workplace,50.255.207.237,600.0M x 35.0M
UTS 25,UTS 25,Comcast Workplace,50.252.142.41,600.0M x 35.0M
UTSW01,UTSW01,Comcast Workplace,50.208.244.41,600.0M x 35.0M
UTSW02,UTSW02,Comcast Workplace,50.215.217.149,600.0M x 35.0M
VAB 01,VAB 01,Spectrum,24.216.21.74,600.0M x 35.0M
VAB 02,VAB 02,Cox Business/BOI,174.73.77.11,300.0M x 30.0M
VAB 03,VAB 03,Verizon FIOS,173.50.103.27,500.0M x 500.0M
VAB 04,VAB 04,Verizon FIOS,96.225.166.41,500.0M x 500.0M
VAB 05,VAB 05,Cox Business/BOI,174.73.65.62,300.0M x 30.0M
VAB 06,VAB 06,Cox Business/BOI,184.189.19.70,300.0M x 30.0M
VAB 07,VAB 07,Verizon FIOS  ,173.50.103.34,500.0M x 500.0M
VAB 08,VAB 08,Cox Business/BOI,174.73.73.147,300.0M x 30.0M
VAB 09,VAB 09,Cox Business/BOI,184.189.27.67,300.0M x 30.0M
VAF 01,VAF 01,Comcast Workplace,50.211.60.57,250.0M x 25.0M
VAF 02,VAF 02,Comcast Workplace,70.89.233.61,600.0M x 35.0M
VAR 00,VAR 00,Comcast Workplace,50.210.2.145,600.0M x 35.0M
VAR 02,VAR 02,Comcast Workplace,23.25.122.237,200.0M x 20.0M
VAR 03,VAR 03,Comcast Workplace,50.211.36.105,300.0M x 30.0M
VAR 04,VAR 04,Comcast Workplace,50.211.50.13,600.0M x 35.0M
VAR 05,VAR 05,EB2-Verizon Fiber,108.4.93.83,500.0M x 500.0M
VAR 06,VAR 06,Comcast Workplace,96.82.4.41,600.0M x 35.0M
VAR 07,VAR 07,Comcast Workplace,71.24.36.21,250.0M x 25.0M
VAT 01,VAT 01,Spectrum,137.27.57.174,600.0M x 35.0M
VAW 01,VAW 01,Comcast Workplace,50.184.133.5,300.0M x 30.0M
VAW 02,VAW 02,Cox Business/BOI,70.182.217.41,1000.0M x 50.0M
VAW 03,VAW 03,Comcast Workplace,70.89.235.5,600.0M x 35.0M
WAE 03,WAE 03,Spectrum,97.90.49.166,600.0M x 35.0M
WAE 04,WAE 04,Spectrum,156.19.242.226,600.0M x 35.0M
WAS00,WAS00,Ziply Fiber,50.34.4.82,1000.0M x 1000.0M
WAS 01,WAS 01,Comcast Workplace,173.160.151.13,600.0M x 35.0M
WAS 02,WAS 02,Comcast Workplace,74.95.126.153,250.0M x 25.0M
WAS 04,WAS 04,Centurylink Fiber-Plus,67.135.214.202,500.0M x 500.0M
WAS 06,WAS 06,CenturyLink Fiber Plus,65.141.56.50,500.0M x 500.0M
WAS 08,WAS 08,Comcast Workplace,173.160.194.57,300.0M x 30.0M
WAS 13,WAS 13,Comcast Workplace,23.25.131.237,600.0M x 35.0M
WAS 15,WAS 15,Comcast Workplace,50.191.24.1,300.0M x 30.0M
WAS 17,WAS 17,Comcast Workplace,50.210.40.229,600.0M x 35.0M
WAS 18,WAS 18,Spectrum,68.185.54.210,600.0M x 35.0M
WAS 19,WAS 19,Comcast Workplace,50.78.41.173,300.0M x 30.0M
WAS 20,WAS 20,Comcast Workplace,50.78.171.129,300.0M x 30.0M
WAS 21,WAS 21,Comcast Workplace,50.197.75.77,600.0M x 35.0M
WAS 22,WAS 22,Comcast Workplace,96.74.5.117,600.0M x 35.0M
WAS 26,WAS 26,Comcast Workplace,173.160.247.197,250.0M x 25.0M
WAS 28,WAS 28,Comcast Workplace,173.160.197.253,300.0M x 30.0M
WAS 29,WAS 29,Comcast Workplace,96.78.55.213,600.0M x 35.0M
WAV 01,WAV 01,Comcast Workplace,50.209.34.133,600.0M x 35.0M
WAV 02,WAV 02,Comcast Workplace,96.79.127.145,600.0M x 35.0M
WAY 01,WAY 01,Spectrum,156.19.242.106,600.0M x 35.0M
WDCO01,COX 01,Comcast Workplace,50.189.54.253,600.0M x 35.0M
WDIL01,WDIL01,AT&T Broadband II,104.185.193.161,1000.0M x 1000.0M
WDTD01,WDTD01,AT&T Broadband II,107.132.157.73,1000.0M x 1000.0M
WIA 01,WIA 01,Spectrum,24.106.17.30,600.0M x 35.0M
WIA 02,WIA 02,Spectrum,76.58.175.102,600.0M x 35.0M
WIC 01,WIC 01,AT&T Broadband II,107.208.180.193,1000.0M x 1000.0M
WIE 01,WIE 01,Spectrum,74.87.87.130,600.0M x 35.0M
WIE 02,WIE 02,AT&T Broadband II,108.76.171.161,1000.0M x 1000.0M
WIG 01,WIG 01,Spectrum,98.103.62.50,600.0M x 35.0M
WIL 01,WIL 01,Spectrum,66.191.122.198,600.0M x 35.0M
WIM 01,WIM 01,Spectrum,68.191.188.14,600.0M x 35.0M
WIM 02,WIM 02,Spectrum,71.67.212.242,600.0M x 35.0M
WIM 03,WIM 03,Spectrum,66.190.47.50,600.0M x 35.0M
WIM 04,WIM 04,Spectrum,71.86.224.190,600.0M x 35.0M
WIM 05,WIM 05,AT&T Broadband II,108.235.184.113,1000.0M x 1000.0M
WIM 06,WIM 06,Spectrum,47.49.86.250,940.0M x 35.0M
WIO 01,WIO 01,Spectrum,98.102.81.218,940.0M x 35.0M
WIW 01,WIW 01,Spectrum,137.26.245.82,600.0M x 35.0M
WVE 01,WVE 01,Comcast Workplace,173.10.132.157,250.0M x 25.0M
WYO 01,WYO 01,Spectrum,69.145.29.194,600.0M x 35.0M
WYO 02,WYO 02,Spectrum,47.47.166.130,300.0M x 20.0M
WYO 03,WYO 03,Mountain West Technologies,66.119.61.198,500.0M x 500.0M
