hostname,ip_address,position,model,serial_number,port_location,vendor,shared_with
ALA-3130-Rack3-ENC3-A.dtc_phx.com,10.101.255.120,Standalone,WS-CBS3130X-S,FOC1420H01S,,,
,,Module,800-27645-02,FDO141815M2,Switch 1 - Slot 1 - TwinGig Converter Module,,
,,Module,800-27645-02,FDO14181F25,Switch 1 - Slot 2 - TwinGig Converter Module,,
ALA-3130-Rack3-ENC3-B.dtc_phx.com,10.101.255.121,Standalone,WS-CBS3130X-S,FOC1437H010,,,
,,Module,800-27645-02,FDO14340BUE,Switch 1 - Slot 1 - TwinGig Converter Module,,
,,Module,800-27645-02,FDO14340AJT,Switch 1 - Slot 2 - TwinGig Converter Module,,
AL-3130-R16-ENC1-B.dtc_phx.com,10.101.255.119,Standalone,WS-CBS3130X-S,FOC1420H012,,,
,,Module,800-27645-02,FDO141813Y8,Switch 1 - Slot 1 - TwinGig Converter Module,,
,,Module,800-27645-02,FDO141814P2,Switch 1 - Slot 2 - TwinGig Converter Module,,
AL-3130-R16-Enc1-A.dtc_phx.com,10.101.255.118,Standalone,WS-CBS3130X-S,FOC1437H012,,,
,,Module,800-27645-02,FDO14340A8H,Switch 1 - Slot 1 - TwinGig Converter Module,,
,,Module,800-27645-02,FDO14340AFL,Switch 1 - Slot 2 - TwinGig Converter Module,,
AL-3130-R3-ENC2-B.dtc_phx.com,10.101.255.117,Standalone,WS-CBS3130X-S,FOC1420H01Z,,,
,,Module,800-27645-02,FDO141816DL,Switch 1 - Slot 1 - TwinGig Converter Module,,
,,Module,800-27645-02,FDO141816MQ,Switch 1 - Slot 2 - TwinGig Converter Module,,
AL-3130-R3-ENC2-A.dtc_phx.com,10.101.255.115,Standalone,WS-CBS3130X-S,FOC1420H01R,,,
,,Module,800-27645-02,FDO14181E8Y,Switch 1 - Slot 1 - TwinGig Converter Module,,
,,Module,800-27645-02,FDO141800PJ,Switch 1 - Slot 2 - TwinGig Converter Module,,
MDF-3130-I9-StackA,10.0.255.51,Master,WS-CBS3130X-S-F,FOC1217H0FC,,,
,,Slave,WS-CBS3130X-S,FOC1414H06C,,,
,,Slave,WS-CBS3130X-S-F,FOC1445H03L,,,
,,Module,800-27645-01,FDO12120A23,Switch 1 - Slot 1 - TwinGig Converter Module,,
,,Module,800-27645-01,FDO12120A7L,Switch 1 - Slot 2 - TwinGig Converter Module,,
,,Module,800-27645-02,FDO140403PA,Switch 2 - Slot 1 - TwinGig Converter Module,,
,,Module,800-27645-02,FDO1404072D,Switch 2 - Slot 2 - TwinGig Converter Module,,
,,Module,800-27645-02,FDO143319D1,Switch 3 - Slot 1 - TwinGig Converter Module,,
,,Module,800-27645-02,FDO14340B30,Switch 3 - Slot 2 - TwinGig Converter Module,,
MDF-3130-I9-StackB,10.0.255.52,Master,WS-CBS3130X-S,FOC1934Q01N,,,
,,Slave,WS-CBS3130X-S-F,FOC1402H02Y,,,
,,Slave,WS-CBS3130X-S,FOC1934Q012,,,
,,Module,800-27645-03,FDO18501G0E,Switch 1 - Slot 1 - TwinGig Converter Module,,
,,Module,800-27645-03,FDO18501G7N,Switch 1 - Slot 2 - TwinGig Converter Module,,
,,Module,800-27645-02,FDO134708SX,Switch 2 - Slot 1 - TwinGig Converter Module,,
,,Module,800-27645-02,FDO13430JEY,Switch 2 - Slot 2 - TwinGig Converter Module,,
,,Module,800-27645-03,FDO18471WB7,Switch 3 - Slot 1 - TwinGig Converter Module,,
,,Module,800-27645-03,FDO18471WBB,Switch 3 - Slot 2 - TwinGig Converter Module,,
MDF-3130-O3-ENC1-B,10.0.255.47,Standalone,WS-CBS3130X-S-F,FOC1216H09U,,,
,,Module,800-27645-02,FDO13180593,Switch 1 - Slot 1 - TwinGig Converter Module,,
,,Module,800-27645-02,FDO1318067T,Switch 1 - Slot 2 - TwinGig Converter Module,,
Alameda-IDFA-3750-Stack.dtc_phx.com,10.101.255.50,Master,WS-C3750-48PS-S,FDO1239X2T5,,,
,,Slave,WS-C3750-48PS-S,FDO1239X2Q6,,,
,,SFP,Unspecified,FNS12410EPW,GigabitEthernet1/0/1,,
,,SFP,Unspecified,AGM142623D0,GigabitEthernet1/0/3,,
,,SFP,Unspecified,AGM151125MA,GigabitEthernet1/0/4,,
,,SFP,Unspecified,AGS084401HZ,GigabitEthernet1/0/2,,
,,SFP,GLC-T,00000MTC13390224,GigabitEthernet2/0/3,,
,,SFP,GLC-T,00000MTC1611071N,GigabitEthernet2/0/4,,
,,SFP,Unspecified,AGM1248152A,GigabitEthernet2/0/1,,
,,SFP,Unspecified,FNS12410DKJ,GigabitEthernet2/0/2,,
MDF-3130-J9-ENC3-A.trtc,10.0.255.56,Master,WS-CBS3130X-S-F,FOC1518H098,,,
,,Slave,WS-CBS3130X-S-F,FOC1616H02D,,,
,,Module,800-27645-02,FDO151512MP,Switch 1 - Slot 1 - TwinGig Converter Module,,
,,Module,800-27645-02,FDO151615AS,Switch 1 - Slot 2 - TwinGig Converter Module,,
,,Module,800-27645-02,FDO16020CYM,Switch 2 - Slot 1 - TwinGig Converter Module,,
,,Module,800-27645-02,FDO16020CWS,Switch 2 - Slot 2 - TwinGig Converter Module,,
MDF-3130-J9-ENC3-B.trtc,10.0.255.57,Master,WS-CBS3130X-S-F,FOC1518H047,,,
,,Slave,WS-CBS3130X-S-F,FOC1616H02L,,,
,,Module,800-27645-02,FDO151615AP,Switch 1 - Slot 1 - TwinGig Converter Module,,
,,Module,800-27645-02,FDO151614LG,Switch 1 - Slot 2 - TwinGig Converter Module,,
,,Module,800-27645-02,FDO16020N9T,Switch 2 - Slot 1 - TwinGig Converter Module,,
,,Module,800-27645-02,FDO16020N8S,Switch 2 - Slot 2 - TwinGig Converter Module,,
Alameda-IDFB-3750-Stack.dtc_phx.com,10.101.255.60,Standalone,WS-C3750-48PS-S,CAT0847R1TZ,,,
,,SFP,Unspecified,AGS084401JC,GigabitEthernet1/0/1,,
,,SFP,Unspecified,FNS0846B2E1,GigabitEthernet1/0/2,,
Alameda-IDFC-3750-Stack.dtc_phx.com,10.101.255.70,Master,WS-C3750-48PS-S,FDO1239X2T6,,,
,,Slave,WS-C3750-48PS-S,FDO1239X2T0,,,
,,Slave,WS-C3750-48PS-S,FDO1239X2PZ,,,
,,Slave,WS-C3750-48PS-S,FDO1421X2Z7,,,
,,SFP,Unspecified,FNS12410ENQ,GigabitEthernet1/0/1,,
,,SFP,Unspecified,FNS111711YV,GigabitEthernet1/0/3,,
,,SFP,Unspecified,AGM12491920,GigabitEthernet2/0/1,,
,,SFP,Unspecified,FNS111711YX,GigabitEthernet2/0/3,,
,,SFP,Unspecified,FNS111711H1,GigabitEthernet2/0/4,,
,,SFP,Unspecified,FNS12420JKG,GigabitEthernet3/0/1,,
Alameda-IDFD-3750-Stack.dtc_phx.com,10.101.255.80,Standalone,WS-C3750-48PS-S,FDO1239X2TA,,,
,,SFP,Unspecified,FNS12370NSR,GigabitEthernet1/0/1,,
,,SFP,Unspecified,FNS14141W1R,GigabitEthernet1/0/2,,
Alameda-IDFE-3750-Stack.dtc_phx.com,10.101.255.90,Master,WS-C3750V2-48PS-S,FDO1738Y16S,,,
,,Slave,WS-C3750V2-48PS-S,FDO1738Y19V,,,
,,Slave,WS-C3750V2-48PS-S,FDO1738Y02E,,,
,,SFP,Unspecified,FNS12410EP2,GigabitEthernet1/0/1,,
,,SFP,Unspecified,FNS111711YP,GigabitEthernet1/0/2,,
,,SFP,Unspecified,AGM140616AD,GigabitEthernet3/0/1,,
,,SFP,SFP-GE-S,FNS132700J1,GigabitEthernet3/0/2,,
IDF1A-4510.trtc.com,10.0.255.121,Standalone,WS-C4510R+E,FXS1937Q20A,,,
,,Module,WS-X4748-RJ45V+E,CAT1944L6DD,Linecard(slot 1),,
,,Module,WS-X4648-RJ45V+E,JAE193901BA,Linecard(slot 2),,
,,Module,WS-X4648-RJ45V+E,JAE193903GW,Linecard(slot 3),,
,,Module,WS-X4648-RJ45V+E,JAE19390160,Linecard(slot 4),,
,,SFP,WS-X45-SUP8-E,CAT1944L38J,Supervisor(slot 5),,
,,SFP,SFP-10G-SR,JUR18410YL8,TenGigabitEthernet5/1,,
,,SFP,SFP-10G-SR,FNS17251XE9,TenGigabitEthernet5/3,,
,,SFP,SFP-10G-SR,JUR184002YT,TenGigabitEthernet6/1,,
,,SFP,SFP-10G-SR,FNS17251XDJ,TenGigabitEthernet6/3,,
IDF1B-4510-SW1.trtc.com,10.0.255.123,Standalone,WS-C4510R+E,FXS1937Q21S,,,
,,Module,WS-X4748-RJ45V+E,CAT1944L0AJ,Linecard(slot 1),,
,,Module,WS-X4648-RJ45V+E,JAE19390156,Linecard(slot 2),,
,,Module,WS-X4648-RJ45V+E,JAE193809KY,Linecard(slot 3),,
,,Module,WS-X4648-RJ45V+E,JAE193809EC,Linecard(slot 4),,
,,Module,WS-X4648-RJ45V+E,JAE1939017W,Linecard(slot 7),,
,,Module,WS-X4648-RJ45V+E,JAE1939015R,Linecard(slot 8),,
,,Module,WS-X4648-RJ45V+E,JAE193901EB,Linecard(slot 9),,
,,Module,WS-X4748-RJ45V+E,CAT1944L1KU,Linecard(slot 10),,
,,SFP,WS-X45-SUP8-E,CAT2012L3UB,Supervisor(slot 5),,
,,SFP,SFP-10G-SR,FNS20230TWN,TenGigabitEthernet5/1,,
,,SFP,SFP-10G-SR,FNS20230BHT,TenGigabitEthernet5/2,,
,,SFP,WS-X45-SUP8-E,CAT1944L2Z4,Supervisor(slot 6),,
,,SFP,SFP-10G-SR,FNS2023060F,TenGigabitEthernet6/1,,
,,SFP,SFP-10G-SR,FNS20230BJ8,TenGigabitEthernet6/2,,
IDF1B-4510-SW2.trtc.com,10.0.255.124,Standalone,WS-C4510R+E,FXS2002Q1HM,,,
,,Module,WS-X4748-RJ45V+E,CAT1950L6QP,Linecard(slot 1),,
,,Module,WS-X4748-RJ45V+E,CAT1950L6VV,Linecard(slot 2),,
,,Module,WS-X4748-RJ45V+E,CAT1944L66H,Linecard(slot 3),,
,,Module,WS-X4648-RJ45V+E,JAE193901FH,Linecard(slot 4),,
,,SFP,WS-X45-SUP8-E,CAT1944L358,Supervisor(slot 5),,
,,SFP,SFP-10G-SR,AVD2123AN22,TenGigabitEthernet5/1,,
,,SFP,SFP-10G-SR,AVD2123AN1R,TenGigabitEthernet5/2,,
,,SFP,WS-X45-SUP8-E,CAT2023L1L8,Supervisor(slot 6),,
,,SFP,SFP-10G-SR,AVD2123AG2A,TenGigabitEthernet6/1,,
,,SFP,SFP-10G-SR,FNS21250ERR,TenGigabitEthernet6/2,,
IDF1C-9410-SW.trtc.com,10.0.255.61,Standalone,C9410R,FXS2232Q00R,,,
,,Module,C9400-LC-48P,JAE22310F8W,Slot 1 Linecard,,
,,Module,C9400-LC-48P,JAE22320JRF,Slot 2 Linecard,,
,,Module,C9400-LC-48P,JAE22380JCT,Slot 3 Linecard,,
,,Module,C9400-LC-48P,JAE22380SPT,Slot 4 Linecard,,
,,Module,C9400-SUP-1XL,JAE223409C3,Slot 5 Supervisor,,
,,Module,C9400-SUP-1XL,JAE223409DL,Slot 6 Supervisor,,
,,Module,C9400-LC-48P,JAE22380TBN,Slot 7 Linecard,,
,,Module,C9400-LC-48P,JAE22380SPS,Slot 8 Linecard,,
,,Module,C9400-LC-48P,JAE22380SLE,Slot 9 Linecard,,
,,Module,C9400-LC-48P,JAD2350022B,Slot 10 Linecard,,
,,SFP,SFP-10G-SR,FNS222205LM,TenGigabitEthernet5/0/1,,
,,SFP,SFP-10G-SR,FNS22211BPF,TenGigabitEthernet5/0/2,,
,,SFP,SFP-10G-SR,FNS222205KV,TenGigabitEthernet6/0/1,,
,,SFP,SFP-10G-SR,SPC141103D9,TenGigabitEthernet6/0/2,,
IDF2B-9410-SW.trtc.com,10.0.255.125,Standalone,C9410R,FXS2230Q254,,,
,,Module,C9400-LC-48P,JAE22340958,Slot 1 Linecard,,
,,Module,C9400-LC-48P,JAE2234096L,Slot 2 Linecard,,
,,Module,C9400-LC-48P,JAE22380SK8,Slot 3 Linecard,,
,,Module,C9400-LC-48P,JAE22380TC2,Slot 4 Linecard,,
,,Module,C9400-SUP-1XL,JAE22320FZP,Slot 5 Supervisor,,
,,Module,C9400-SUP-1XL,JAE223409FB,Slot 6 Supervisor,,
,,Module,C9400-LC-48P,JAE22380SKZ,Slot 7 Linecard,,
,,Module,C9400-LC-48P,JAE22380TBC,Slot 8 Linecard,,
,,Module,C9400-LC-48P,JAE22380SWG,Slot 9 Linecard,,
,,Module,C9400-LC-48P,JAE22391H9L,Slot 10 Linecard,,
,,SFP,SFP-10G-SR,FNS222205KK,TenGigabitEthernet5/0/1,,
,,SFP,SFP-10G-SR,FNS22211AC5,TenGigabitEthernet5/0/2,,
,,SFP,SFP-10G-SR,FNS222202WN,TenGigabitEthernet6/0/1,,
,,SFP,SFP-10G-SR,FNS22211BP1,TenGigabitEthernet6/0/2,,
IDF2C-9410-SW.trtc.com,10.0.255.62,Standalone,C9410R,FXS2232Q05J,,,
,,Module,C9400-LC-48P,JAE2234094V,Slot 1 Linecard,,
,,Module,C9400-LC-48P,JAE22320JPH,Slot 2 Linecard,,
,,Module,C9400-LC-48P,JAE22391K82,Slot 3 Linecard,,
,,Module,C9400-LC-48P,JAE22380TBZ,Slot 4 Linecard,,
,,Module,C9400-SUP-1XL,JAE222906C8,Slot 5 Supervisor,,
,,Module,C9400-SUP-1XL,JAE223108EB,Slot 6 Supervisor,,
,,Module,C9400-LC-48P,JAE22380SKF,Slot 7 Linecard,,
,,SFP,SFP-10G-SR,FNS2222092R,TenGigabitEthernet5/0/1,,
,,SFP,SFP-10G-SR,FNS222205P0,TenGigabitEthernet5/0/2,,
,,SFP,SFP-10G-SR,FNS222206FS,TenGigabitEthernet6/0/1,,
,,SFP,SFP-10G-SR,FNS222205NG,TenGigabitEthernet6/0/2,,
aladasa06a,10.101.255.35,Standalone,DCS-7050SX3-48YC8,JPA2314P1UM,,,
,,SFP,QSFP-40GSR4-AN-L,USW1000001025821,"""""",,
,,SFP,QSFP-100G-SR4,XMH225102086,"""""",,
,,SFP,QSFP-100G-SR4,XMH225102081,"""""",,
IDF2A-4510.trtc.com,10.0.255.122,Standalone,WS-C4510R+E,FXS1937Q20J,,,
,,Module,WS-X4748-RJ45V+E,CAT1943LAMS,Linecard(slot 1),,
,,Module,WS-X4648-RJ45V+E,JAE1939016A,Linecard(slot 2),,
,,Module,WS-X4648-RJ45V+E,JAE193903H5,Linecard(slot 3),,
,,Module,WS-X4648-RJ45V+E,JAE1939015U,Linecard(slot 4),,
,,Module,WS-X4648-RJ45V+E,JAE1939017X,Linecard(slot 7),,
,,Module,WS-X4648-RJ45V+E,JAE19390171,Linecard(slot 8),,
,,Module,WS-X4648-RJ45V+E,JAE193809FA,Linecard(slot 9),,
,,Module,WS-X4748-RJ45V+E,CAT1944L0JX,Linecard(slot 10),,
,,SFP,SFP-10G-SR,FNS17251XEG,TenGigabitEthernet5/1,,
,,SFP,SFP-10G-SR,FNS17251FZ8,TenGigabitEthernet5/3,,
,,SFP,WS-X45-SUP8-E,CAT1944L33U,Supervisor(slot 6),,
,,SFP,SFP-10G-SR,FNS20230BJ7,TenGigabitEthernet6/1,,
,,SFP,SFP-10G-SR,FNS17251XE4,TenGigabitEthernet6/3,,
aladasa06b,10.101.255.36,Standalone,DCS-7050SX3-48YC8,JPA2313P3HE,,,
,,SFP,QSFP-40GSR4-AN-L,USW1000001025822,"""""",,
,,SFP,QSFP-100G-SR4,XMH225102083,"""""",,
,,SFP,QSFP-100G-SR4,XMH225102104,"""""",,
aladasa08a,10.101.255.37,Standalone,DCS-7050SX3-48YC8,JPA2314P1V5,,,
,,SFP,QSFP-40GSR4-AN-L,USW1000001025816,"""""",,
,,SFP,QSFP-100G-SR4,XMH225102282,"""""",,
,,SFP,QSFP-100G-SR4,XMH224400686,"""""",,
cordaso12a,10.0.255.115,Standalone,DCS-7050SX3-48YC8,JPA2314P1VK,,,
,,SFP,QSFP-40GSR4-AN-L,USW1000001025820,"""""",,
,,SFP,QSFP-100G-SR4,XMH225102097,"""""",,
,,SFP,QSFP-100G-SR4,XMH230301157,"""""",,
aladasa08b,10.101.255.38,Standalone,DCS-7050SX3-48YC8,JPA2314P1V7,,,
,,SFP,QSFP-40GSR4-AN-L,USW1000001025815,"""""",,
,,SFP,QSFP-100G-SR4,XMH225000098,"""""",,
,,SFP,QSFP-100G-SR4,XMH224401066,"""""",,
cordaso12b,10.0.255.116,Standalone,DCS-7050SX3-48YC8,JPA2314P1SG,,,
,,SFP,QSFP-40GSR4-AN-L,USW1000001025819,"""""",,
,,SFP,QSFP-100G-SR4,XMH230301155,"""""",,
,,SFP,QSFP-100G-SR4,XMH230301166,"""""",,
cordasq12a,10.0.255.117,Standalone,DCS-7050SX3-48YC8,JPA2314P1S8,,,
,,SFP,QSFP-40GSR4-AN-L,USW1000001025818,"""""",,
,,SFP,QSFP-100G-SR4,XMH225100626,"""""",,
,,SFP,QSFP-100G-SR4,XMH225100604,"""""",,
cordasq12b,10.0.255.118,Standalone,DCS-7050SX3-48YC8,JMX2319A6E6,,,
,,SFP,QSFP-40GSR4-AN-L,USW1000001025817,"""""",,
,,SFP,QSFP-100G-SR4,XMH225100629,"""""",,
,,SFP,QSFP-100G-SR4,XMH225100614,"""""",,
AL-MPLS-R1.dtc_phx.com,10.101.255.248,Standalone,C8300-1N1S-4T2X,FLM274610LV,,,
,,Module,C8300-1N1S-4T2X,,module 0,,
,,Module,C8300-1N1S-4T2X,,module 1,,
,,Module,C8300-1N1S-4T2X,FDO27410DQF,module R0,,
,,Module,C8300-1N1S-4T2X,,module F0,,
,,SFP,SFP-GE-L,FNS140708XX,subslot 0/0 transceiver 4,,
,,SFP,SFP-GE-S,FNS132701M6,subslot 0/0 transceiver 5,,
HQ-MPLS-R1.dtc_phx.com,10.0.255.248,Standalone,C8300-1N1S-4T2X,FLM274610LT,,,
,,Module,C8300-1N1S-4T2X,,module 0,,
,,Module,C8300-1N1S-4T2X,,module 1,,
,,Module,C8300-1N1S-4T2X,FDO27410DPX,module R0,,
,,Module,C8300-1N1S-4T2X,,module F0,,
,,SFP,SFP-GE-L,FNS13290RA9,subslot 0/0 transceiver 4,,
,,SFP,GLC-SX-MMD,AGA1747RGCF,subslot 0/0 transceiver 5,,
HQ-7000-01-CORE.dtc_phx.com,10.0.100.194,Standalone,N7K-C7010,TBM13322374,,,
,,Module,N7K-F312FQ-25,JAE191207AK,10/40 Gbps Ethernet Module,,"HQ-7000-01-PCI.dtc_phx.com, HQ-7000-01-EDGE, HQ-7000-01-ADMIN"
,,Module,N7K-SUP2E,JAF1825AQAN,Supervisor Module-2,,"HQ-7000-01-PCI.dtc_phx.com, HQ-7000-01-EDGE, HQ-7000-01-ADMIN"
,,Module,N7K-SUP2E,JAF1827ARNH,Supervisor Module-2,,"HQ-7000-01-PCI.dtc_phx.com, HQ-7000-01-EDGE, HQ-7000-01-ADMIN"
,,Module,N7K-F312FQ-25,JAE184905NJ,10/40 Gbps Ethernet Module,,"HQ-7000-01-PCI.dtc_phx.com, HQ-7000-01-EDGE, HQ-7000-01-ADMIN"
,,Module,N7K-F312FQ-25,JAE182305KD,10/40 Gbps Ethernet Module,,"HQ-7000-01-PCI.dtc_phx.com, HQ-7000-01-EDGE, HQ-7000-01-ADMIN"
,,Module,N7K-F248XP-25E,JAF1827AHFJ,1/10 Gbps Ethernet Module,,"HQ-7000-01-PCI.dtc_phx.com, HQ-7000-01-EDGE, HQ-7000-01-ADMIN"
,,Module,N7K-F248XP-25E,JAF1827AHET,1/10 Gbps Ethernet Module,,"HQ-7000-01-PCI.dtc_phx.com, HQ-7000-01-EDGE, HQ-7000-01-ADMIN"
,,Module,N7K-C7010-FAB-2,JAF1828ANTQ,Fabric card module,,"HQ-7000-01-PCI.dtc_phx.com, HQ-7000-01-EDGE, HQ-7000-01-ADMIN"
,,Module,N7K-C7010-FAB-2,JAF1812ALPP,Fabric card module,,"HQ-7000-01-PCI.dtc_phx.com, HQ-7000-01-EDGE, HQ-7000-01-ADMIN"
,,Module,N7K-C7010-FAB-2,JAF1828ANTN,Fabric card module,,"HQ-7000-01-PCI.dtc_phx.com, HQ-7000-01-EDGE, HQ-7000-01-ADMIN"
,,Module,N7K-C7010-FAB-2,JAF1828ANPG,Fabric card module,,"HQ-7000-01-PCI.dtc_phx.com, HQ-7000-01-EDGE, HQ-7000-01-ADMIN"
,,Module,N7K-C7010-FAB-2,JAF1828ANRL,Fabric card module,,"HQ-7000-01-PCI.dtc_phx.com, HQ-7000-01-EDGE, HQ-7000-01-ADMIN"
,,SFP,QSFP-40G-SR4,AVP2016S0AD,Transceiver(slot:1-port:1),,"HQ-7000-01-PCI.dtc_phx.com, HQ-7000-01-EDGE, HQ-7000-01-ADMIN"
,,SFP,QSFP-40G-SR-BD,AVM1843U629,Transceiver(slot:1-port:2),,"HQ-7000-01-PCI.dtc_phx.com, HQ-7000-01-EDGE, HQ-7000-01-ADMIN"
,,SFP,QSFP-40G-SR4,AVP2017S04R,Transceiver(slot:1-port:3),,"HQ-7000-01-PCI.dtc_phx.com, HQ-7000-01-EDGE, HQ-7000-01-ADMIN"
,,SFP,QSFP-40G-SR4,JFQ2021209A,Transceiver(slot:1-port:5),,"HQ-7000-01-PCI.dtc_phx.com, HQ-7000-01-EDGE, HQ-7000-01-ADMIN"
,,SFP,QSFP-40G-SR4,AVP1939S2PV,Transceiver(slot:1-port:7),,"HQ-7000-01-PCI.dtc_phx.com, HQ-7000-01-EDGE, HQ-7000-01-ADMIN"
,,SFP,QSFP-40G-SR4,AVP1938S242,Transceiver(slot:1-port:9),,"HQ-7000-01-PCI.dtc_phx.com, HQ-7000-01-EDGE, HQ-7000-01-ADMIN"
,,SFP,QSFP-40G-SR4,JFQ202020E6,Transceiver(slot:1-port:11),,"HQ-7000-01-PCI.dtc_phx.com, HQ-7000-01-EDGE, HQ-7000-01-ADMIN"
,,SFP,QSFP-40G-SR-BD,AVM1827S3DX,Transceiver(slot:7-port:1),,"HQ-7000-01-PCI.dtc_phx.com, HQ-7000-01-EDGE, HQ-7000-01-ADMIN"
,,SFP,QSFP-40G-SR-BD,AVM1827S151,Transceiver(slot:7-port:2),,"HQ-7000-01-PCI.dtc_phx.com, HQ-7000-01-EDGE, HQ-7000-01-ADMIN"
,,SFP,QSFP-40G-SR-BD,AVM1827S0Y0,Transceiver(slot:7-port:3),,"HQ-7000-01-PCI.dtc_phx.com, HQ-7000-01-EDGE, HQ-7000-01-ADMIN"
,,SFP,QSFP-40G-SR-BD,AVM1843U628,Transceiver(slot:7-port:4),,"HQ-7000-01-PCI.dtc_phx.com, HQ-7000-01-EDGE, HQ-7000-01-ADMIN"
,,SFP,QSFP-40G-SR-BD,AVM1827S1YW,Transceiver(slot:7-port:5),,"HQ-7000-01-PCI.dtc_phx.com, HQ-7000-01-EDGE, HQ-7000-01-ADMIN"
,,SFP,QSFP-40G-SR-BD,AVM1827S086,Transceiver(slot:7-port:7),,"HQ-7000-01-PCI.dtc_phx.com, HQ-7000-01-EDGE, HQ-7000-01-ADMIN"
,,SFP,QSFP-40G-SR-BD,AVM1827S07V,Transceiver(slot:7-port:9),,"HQ-7000-01-PCI.dtc_phx.com, HQ-7000-01-EDGE, HQ-7000-01-ADMIN"
,,SFP,QSFP-40G-SR-BD,AVM1830U0W7,Transceiver(slot:7-port:10),,"HQ-7000-01-PCI.dtc_phx.com, HQ-7000-01-EDGE, HQ-7000-01-ADMIN"
,,SFP,QSFP-40G-SR-BD,AVM1827S4J6,Transceiver(slot:7-port:11),,"HQ-7000-01-PCI.dtc_phx.com, HQ-7000-01-EDGE, HQ-7000-01-ADMIN"
,,SFP,QSFP-40G-SR-BD,AVM1830U2CH,Transceiver(slot:7-port:12),,"HQ-7000-01-PCI.dtc_phx.com, HQ-7000-01-EDGE, HQ-7000-01-ADMIN"
,,SFP,QSFP-40G-SR-BD,AVM1827S4J9,Transceiver(slot:8-port:1),,"HQ-7000-01-PCI.dtc_phx.com, HQ-7000-01-EDGE, HQ-7000-01-ADMIN"
,,SFP,QSFP-40G-SR-BD,AVM1827S0TG,Transceiver(slot:8-port:2),,"HQ-7000-01-PCI.dtc_phx.com, HQ-7000-01-EDGE, HQ-7000-01-ADMIN"
,,SFP,QSFP-40G-SR-BD,AVM1827S07U,Transceiver(slot:8-port:3),,"HQ-7000-01-PCI.dtc_phx.com, HQ-7000-01-EDGE, HQ-7000-01-ADMIN"
,,SFP,QSFP-40G-SR-BD,AVM1827S150,Transceiver(slot:8-port:5),,"HQ-7000-01-PCI.dtc_phx.com, HQ-7000-01-EDGE, HQ-7000-01-ADMIN"
,,SFP,QSFP-40G-SR-BD,AVM1827S07W,Transceiver(slot:8-port:7),,"HQ-7000-01-PCI.dtc_phx.com, HQ-7000-01-EDGE, HQ-7000-01-ADMIN"
,,SFP,QSFP-40G-SR-BD,AVM1821S24T,Transceiver(slot:8-port:9),,"HQ-7000-01-PCI.dtc_phx.com, HQ-7000-01-EDGE, HQ-7000-01-ADMIN"
,,SFP,QSFP-40G-SR-BD,AVM1830U0ZJ,Transceiver(slot:8-port:10),,"HQ-7000-01-PCI.dtc_phx.com, HQ-7000-01-EDGE, HQ-7000-01-ADMIN"
,,SFP,QSFP-40G-SR-BD,AVM1827S0TT,Transceiver(slot:8-port:11),,"HQ-7000-01-PCI.dtc_phx.com, HQ-7000-01-EDGE, HQ-7000-01-ADMIN"
,,SFP,QSFP-40G-SR-BD,AVM1830U0W8,Transceiver(slot:8-port:12),,"HQ-7000-01-PCI.dtc_phx.com, HQ-7000-01-EDGE, HQ-7000-01-ADMIN"
,,SFP,SFP-10G-SR,ECL133100TS,Transceiver(slot:9-port:5),,"HQ-7000-01-PCI.dtc_phx.com, HQ-7000-01-EDGE, HQ-7000-01-ADMIN"
,,SFP,SFP-10G-SR,ECL133100UF,Transceiver(slot:9-port:6),,"HQ-7000-01-PCI.dtc_phx.com, HQ-7000-01-EDGE, HQ-7000-01-ADMIN"
,,SFP,SFP-10G-SR,ECL133104WW,Transceiver(slot:9-port:9),,"HQ-7000-01-PCI.dtc_phx.com, HQ-7000-01-EDGE, HQ-7000-01-ADMIN"
,,SFP,SFP-10G-SR,SPC141103DZ,Transceiver(slot:9-port:10),,"HQ-7000-01-PCI.dtc_phx.com, HQ-7000-01-EDGE, HQ-7000-01-ADMIN"
,,SFP,GLC-SX-MMD,OPM21310Q7G,Transceiver(slot:9-port:14),,"HQ-7000-01-PCI.dtc_phx.com, HQ-7000-01-EDGE, HQ-7000-01-ADMIN"
,,SFP,SFP-10G-SR,ECL1330037K,Transceiver(slot:9-port:15),,"HQ-7000-01-PCI.dtc_phx.com, HQ-7000-01-EDGE, HQ-7000-01-ADMIN"
,,SFP,SFP-10G-SR,ACP28020BW9,Transceiver(slot:9-port:16),,"HQ-7000-01-PCI.dtc_phx.com, HQ-7000-01-EDGE, HQ-7000-01-ADMIN"
,,SFP,SFP-10G-LR,ECL1523016Y,Transceiver(slot:9-port:20),,"HQ-7000-01-PCI.dtc_phx.com, HQ-7000-01-EDGE, HQ-7000-01-ADMIN"
,,SFP,SFP-10G-SR,FNS17251GDY,Transceiver(slot:9-port:25),,"HQ-7000-01-PCI.dtc_phx.com, HQ-7000-01-EDGE, HQ-7000-01-ADMIN"
,,SFP,SFP-10G-SR,ECL133102MM,Transceiver(slot:9-port:26),,"HQ-7000-01-PCI.dtc_phx.com, HQ-7000-01-EDGE, HQ-7000-01-ADMIN"
,,SFP,SFP-10G-SR,FNS2021052R,Transceiver(slot:9-port:27),,"HQ-7000-01-PCI.dtc_phx.com, HQ-7000-01-EDGE, HQ-7000-01-ADMIN"
,,SFP,SFP-10G-SR,AVD21229BC9,Transceiver(slot:9-port:28),,"HQ-7000-01-PCI.dtc_phx.com, HQ-7000-01-EDGE, HQ-7000-01-ADMIN"
,,SFP,SFP-10G-SR,FNS2222093B,Transceiver(slot:9-port:29),,"HQ-7000-01-PCI.dtc_phx.com, HQ-7000-01-EDGE, HQ-7000-01-ADMIN"
,,SFP,SFP-10G-SR,FNS22220930,Transceiver(slot:9-port:30),,"HQ-7000-01-PCI.dtc_phx.com, HQ-7000-01-EDGE, HQ-7000-01-ADMIN"
,,SFP,SFP-10G-SR,FNS22220955,Transceiver(slot:9-port:31),,"HQ-7000-01-PCI.dtc_phx.com, HQ-7000-01-EDGE, HQ-7000-01-ADMIN"
,,SFP,SFP-10G-SR,SPC141103DK,Transceiver(slot:10-port:1),,"HQ-7000-01-PCI.dtc_phx.com, HQ-7000-01-EDGE, HQ-7000-01-ADMIN"
,,SFP,SFP-10G-SR,ECL141104FJ,Transceiver(slot:10-port:2),,"HQ-7000-01-PCI.dtc_phx.com, HQ-7000-01-EDGE, HQ-7000-01-ADMIN"
,,SFP,SFP-10G-SR,ECL133101VR,Transceiver(slot:10-port:3),,"HQ-7000-01-PCI.dtc_phx.com, HQ-7000-01-EDGE, HQ-7000-01-ADMIN"
,,SFP,SFP-10G-SR,ECL133101ZJ,Transceiver(slot:10-port:5),,"HQ-7000-01-PCI.dtc_phx.com, HQ-7000-01-EDGE, HQ-7000-01-ADMIN"
,,SFP,SFP-10G-SR,ECL133101P9,Transceiver(slot:10-port:6),,"HQ-7000-01-PCI.dtc_phx.com, HQ-7000-01-EDGE, HQ-7000-01-ADMIN"
,,SFP,SFP-10G-SR,ECL1412005Y,Transceiver(slot:10-port:9),,"HQ-7000-01-PCI.dtc_phx.com, HQ-7000-01-EDGE, HQ-7000-01-ADMIN"
,,SFP,SFP-10G-LR,SPC180706CE,Transceiver(slot:10-port:12),,"HQ-7000-01-PCI.dtc_phx.com, HQ-7000-01-EDGE, HQ-7000-01-ADMIN"
,,SFP,SFP-10G-SR,FNS17251GE3,Transceiver(slot:10-port:19),,"HQ-7000-01-PCI.dtc_phx.com, HQ-7000-01-EDGE, HQ-7000-01-ADMIN"
,,SFP,SFP-10G-SR,FNS17251G3C,Transceiver(slot:10-port:20),,"HQ-7000-01-PCI.dtc_phx.com, HQ-7000-01-EDGE, HQ-7000-01-ADMIN"
,,SFP,SFP-10G-SR,JUR184203MQ,Transceiver(slot:10-port:21),,"HQ-7000-01-PCI.dtc_phx.com, HQ-7000-01-EDGE, HQ-7000-01-ADMIN"
,,SFP,SFP-10G-SR,JUR18400LKN,Transceiver(slot:10-port:22),,"HQ-7000-01-PCI.dtc_phx.com, HQ-7000-01-EDGE, HQ-7000-01-ADMIN"
,,SFP,SFP-10G-SR,JUR18420TYS,Transceiver(slot:10-port:23),,"HQ-7000-01-PCI.dtc_phx.com, HQ-7000-01-EDGE, HQ-7000-01-ADMIN"
,,SFP,SFP-10G-SR,FNS17251GDP,Transceiver(slot:10-port:25),,"HQ-7000-01-PCI.dtc_phx.com, HQ-7000-01-EDGE, HQ-7000-01-ADMIN"
,,SFP,SFP-10G-SR,FNS21250GSY,Transceiver(slot:10-port:26),,"HQ-7000-01-PCI.dtc_phx.com, HQ-7000-01-EDGE, HQ-7000-01-ADMIN"
,,SFP,SFP-10G-SR,FNS20230H05,Transceiver(slot:10-port:27),,"HQ-7000-01-PCI.dtc_phx.com, HQ-7000-01-EDGE, HQ-7000-01-ADMIN"
,,SFP,SFP-10G-SR,FNS20230GY6,Transceiver(slot:10-port:28),,"HQ-7000-01-PCI.dtc_phx.com, HQ-7000-01-EDGE, HQ-7000-01-ADMIN"
,,SFP,SFP-10G-SR,FNS2222092M,Transceiver(slot:10-port:29),,"HQ-7000-01-PCI.dtc_phx.com, HQ-7000-01-EDGE, HQ-7000-01-ADMIN"
,,SFP,SFP-10G-SR,FNS2222093C,Transceiver(slot:10-port:30),,"HQ-7000-01-PCI.dtc_phx.com, HQ-7000-01-EDGE, HQ-7000-01-ADMIN"
,,SFP,SFP-10G-SR,FNS22220985,Transceiver(slot:10-port:31),,"HQ-7000-01-PCI.dtc_phx.com, HQ-7000-01-EDGE, HQ-7000-01-ADMIN"
,,SFP,SFP-10G-SR,ECL13310208,Transceiver(slot:10-port:44),,"HQ-7000-01-PCI.dtc_phx.com, HQ-7000-01-EDGE, HQ-7000-01-ADMIN"
HQ-7000-02-CORE.dtc_phx.com,10.0.100.210,Standalone,N7K-C7010,JAF1429DSFM,,,
,,Module,N7K-F312FQ-25,JAE191207AJ,10/40 Gbps Ethernet Module,,"HQ-7000-02-PCI.dtc_phx.com, HQ-7000-02-ADMIN, HQ-7000-02-EDGE.dtc_phx.com"
,,Module,N7K-SUP2E,JAF1827ARRJ,Supervisor Module-2,,"HQ-7000-02-PCI.dtc_phx.com, HQ-7000-02-ADMIN, HQ-7000-02-EDGE.dtc_phx.com"
,,Module,N7K-SUP2E,JAF1827ASAR,Supervisor Module-2,,"HQ-7000-02-PCI.dtc_phx.com, HQ-7000-02-ADMIN, HQ-7000-02-EDGE.dtc_phx.com"
,,Module,N7K-F312FQ-25,JAE182305LE,10/40 Gbps Ethernet Module,,"HQ-7000-02-PCI.dtc_phx.com, HQ-7000-02-ADMIN, HQ-7000-02-EDGE.dtc_phx.com"
,,Module,N7K-F312FQ-25,JAE182305MB,10/40 Gbps Ethernet Module,,"HQ-7000-02-PCI.dtc_phx.com, HQ-7000-02-ADMIN, HQ-7000-02-EDGE.dtc_phx.com"
,,Module,N7K-F248XP-25E,JAF1827AHDM,1/10 Gbps Ethernet Module,,"HQ-7000-02-PCI.dtc_phx.com, HQ-7000-02-ADMIN, HQ-7000-02-EDGE.dtc_phx.com"
,,Module,N7K-F248XP-25E,JAF1827AHFT,1/10 Gbps Ethernet Module,,"HQ-7000-02-PCI.dtc_phx.com, HQ-7000-02-ADMIN, HQ-7000-02-EDGE.dtc_phx.com"
,,Module,N7K-C7010-FAB-2,JAF1828ANMR,Fabric card module,,"HQ-7000-02-PCI.dtc_phx.com, HQ-7000-02-ADMIN, HQ-7000-02-EDGE.dtc_phx.com"
,,Module,N7K-C7010-FAB-2,JAF1828ANRQ,Fabric card module,,"HQ-7000-02-PCI.dtc_phx.com, HQ-7000-02-ADMIN, HQ-7000-02-EDGE.dtc_phx.com"
,,Module,N7K-C7010-FAB-2,JAF1828ANRM,Fabric card module,,"HQ-7000-02-PCI.dtc_phx.com, HQ-7000-02-ADMIN, HQ-7000-02-EDGE.dtc_phx.com"
,,Module,N7K-C7010-FAB-2,JAF1827ANPS,Fabric card module,,"HQ-7000-02-PCI.dtc_phx.com, HQ-7000-02-ADMIN, HQ-7000-02-EDGE.dtc_phx.com"
,,Module,N7K-C7010-FAB-2,JAF1828ANNG,Fabric card module,,"HQ-7000-02-PCI.dtc_phx.com, HQ-7000-02-ADMIN, HQ-7000-02-EDGE.dtc_phx.com"
,,SFP,QSFP-40G-SR4,JFQ202120BB,Transceiver(slot:1-port:1),,"HQ-7000-02-PCI.dtc_phx.com, HQ-7000-02-ADMIN, HQ-7000-02-EDGE.dtc_phx.com"
,,SFP,QSFP-40G-SR-BD,AVM1843U627,Transceiver(slot:1-port:2),,"HQ-7000-02-PCI.dtc_phx.com, HQ-7000-02-ADMIN, HQ-7000-02-EDGE.dtc_phx.com"
,,SFP,QSFP-40G-SR4,FIW2020004J,Transceiver(slot:1-port:3),,"HQ-7000-02-PCI.dtc_phx.com, HQ-7000-02-ADMIN, HQ-7000-02-EDGE.dtc_phx.com"
,,SFP,QSFP-40G-SR4,JFQ202020KE,Transceiver(slot:1-port:5),,"HQ-7000-02-PCI.dtc_phx.com, HQ-7000-02-ADMIN, HQ-7000-02-EDGE.dtc_phx.com"
,,SFP,QSFP-40G-SR4,JFQ2021205E,Transceiver(slot:1-port:7),,"HQ-7000-02-PCI.dtc_phx.com, HQ-7000-02-ADMIN, HQ-7000-02-EDGE.dtc_phx.com"
,,SFP,QSFP-40G-SR4,AVP1939S3PE,Transceiver(slot:1-port:9),,"HQ-7000-02-PCI.dtc_phx.com, HQ-7000-02-ADMIN, HQ-7000-02-EDGE.dtc_phx.com"
,,SFP,QSFP-40G-SR4,AVP2017S088,Transceiver(slot:1-port:11),,"HQ-7000-02-PCI.dtc_phx.com, HQ-7000-02-ADMIN, HQ-7000-02-EDGE.dtc_phx.com"
,,SFP,QSFP-40G-SR-BD,AVM1821S0EF,Transceiver(slot:7-port:1),,"HQ-7000-02-PCI.dtc_phx.com, HQ-7000-02-ADMIN, HQ-7000-02-EDGE.dtc_phx.com"
,,SFP,QSFP-40G-SR-BD,AVM1821S24Z,Transceiver(slot:7-port:2),,"HQ-7000-02-PCI.dtc_phx.com, HQ-7000-02-ADMIN, HQ-7000-02-EDGE.dtc_phx.com"
,,SFP,QSFP-40G-SR-BD,AVM1821S0EE,Transceiver(slot:7-port:3),,"HQ-7000-02-PCI.dtc_phx.com, HQ-7000-02-ADMIN, HQ-7000-02-EDGE.dtc_phx.com"
,,SFP,QSFP-40G-SR-BD,AVM1843U62A,Transceiver(slot:7-port:4),,"HQ-7000-02-PCI.dtc_phx.com, HQ-7000-02-ADMIN, HQ-7000-02-EDGE.dtc_phx.com"
,,SFP,QSFP-40G-SR-BD,AVM1821S24X,Transceiver(slot:7-port:5),,"HQ-7000-02-PCI.dtc_phx.com, HQ-7000-02-ADMIN, HQ-7000-02-EDGE.dtc_phx.com"
,,SFP,QSFP-40G-SR-BD,AVM1821S0EK,Transceiver(slot:7-port:7),,"HQ-7000-02-PCI.dtc_phx.com, HQ-7000-02-ADMIN, HQ-7000-02-EDGE.dtc_phx.com"
,,SFP,QSFP-40G-SR-BD,AVM1815S0EN,Transceiver(slot:7-port:8),,"HQ-7000-02-PCI.dtc_phx.com, HQ-7000-02-ADMIN, HQ-7000-02-EDGE.dtc_phx.com"
,,SFP,QSFP-40G-SR-BD,AVM1827S29Y,Transceiver(slot:7-port:9),,"HQ-7000-02-PCI.dtc_phx.com, HQ-7000-02-ADMIN, HQ-7000-02-EDGE.dtc_phx.com"
,,SFP,QSFP-40G-SR-BD,AVM1830U70T,Transceiver(slot:7-port:10),,"HQ-7000-02-PCI.dtc_phx.com, HQ-7000-02-ADMIN, HQ-7000-02-EDGE.dtc_phx.com"
,,SFP,QSFP-40G-SR-BD,AVM1827S4J7,Transceiver(slot:7-port:11),,"HQ-7000-02-PCI.dtc_phx.com, HQ-7000-02-ADMIN, HQ-7000-02-EDGE.dtc_phx.com"
,,SFP,QSFP-40G-SR-BD,AVM1830U782,Transceiver(slot:7-port:12),,"HQ-7000-02-PCI.dtc_phx.com, HQ-7000-02-ADMIN, HQ-7000-02-EDGE.dtc_phx.com"
,,SFP,QSFP-40G-SR-BD,AVM1821S0EG,Transceiver(slot:8-port:1),,"HQ-7000-02-PCI.dtc_phx.com, HQ-7000-02-ADMIN, HQ-7000-02-EDGE.dtc_phx.com"
,,SFP,QSFP-40G-SR-BD,AVM1821S24W,Transceiver(slot:8-port:2),,"HQ-7000-02-PCI.dtc_phx.com, HQ-7000-02-ADMIN, HQ-7000-02-EDGE.dtc_phx.com"
,,SFP,QSFP-40G-SR-BD,AVM1821S0EC,Transceiver(slot:8-port:3),,"HQ-7000-02-PCI.dtc_phx.com, HQ-7000-02-ADMIN, HQ-7000-02-EDGE.dtc_phx.com"
,,SFP,QSFP-40G-SR-BD,AVM1821S24V,Transceiver(slot:8-port:5),,"HQ-7000-02-PCI.dtc_phx.com, HQ-7000-02-ADMIN, HQ-7000-02-EDGE.dtc_phx.com"
,,SFP,QSFP-40G-SR-BD,AVM1821S24N,Transceiver(slot:8-port:7),,"HQ-7000-02-PCI.dtc_phx.com, HQ-7000-02-ADMIN, HQ-7000-02-EDGE.dtc_phx.com"
,,SFP,QSFP-40G-SR-BD,AVM1827S4JB,Transceiver(slot:8-port:9),,"HQ-7000-02-PCI.dtc_phx.com, HQ-7000-02-ADMIN, HQ-7000-02-EDGE.dtc_phx.com"
,,SFP,QSFP-40G-SR-BD,AVM1830U71C,Transceiver(slot:8-port:10),,"HQ-7000-02-PCI.dtc_phx.com, HQ-7000-02-ADMIN, HQ-7000-02-EDGE.dtc_phx.com"
,,SFP,QSFP-40G-SR-BD,AVM1827S4J8,Transceiver(slot:8-port:11),,"HQ-7000-02-PCI.dtc_phx.com, HQ-7000-02-ADMIN, HQ-7000-02-EDGE.dtc_phx.com"
,,SFP,QSFP-40G-SR-BD,AVM1830U0Z7,Transceiver(slot:8-port:12),,"HQ-7000-02-PCI.dtc_phx.com, HQ-7000-02-ADMIN, HQ-7000-02-EDGE.dtc_phx.com"
,,SFP,SFP-10G-SR,ECL1412005N,Transceiver(slot:9-port:1),,"HQ-7000-02-PCI.dtc_phx.com, HQ-7000-02-ADMIN, HQ-7000-02-EDGE.dtc_phx.com"
,,SFP,SFP-10G-SR,ECL133102M1,Transceiver(slot:9-port:5),,"HQ-7000-02-PCI.dtc_phx.com, HQ-7000-02-ADMIN, HQ-7000-02-EDGE.dtc_phx.com"
,,SFP,SFP-10G-SR,ECL133100PG,Transceiver(slot:9-port:6),,"HQ-7000-02-PCI.dtc_phx.com, HQ-7000-02-ADMIN, HQ-7000-02-EDGE.dtc_phx.com"
,,SFP,SFP-10G-SR,ECL133102PF,Transceiver(slot:9-port:9),,"HQ-7000-02-PCI.dtc_phx.com, HQ-7000-02-ADMIN, HQ-7000-02-EDGE.dtc_phx.com"
,,SFP,SFP-10G-SR,ECL1412010Y,Transceiver(slot:9-port:10),,"HQ-7000-02-PCI.dtc_phx.com, HQ-7000-02-ADMIN, HQ-7000-02-EDGE.dtc_phx.com"
,,SFP,GLC-SX-MMD,OPM21310Q83,Transceiver(slot:9-port:14),,"HQ-7000-02-PCI.dtc_phx.com, HQ-7000-02-ADMIN, HQ-7000-02-EDGE.dtc_phx.com"
,,SFP,SFP-10G-SR,ACP271604S4,Transceiver(slot:9-port:15),,"HQ-7000-02-PCI.dtc_phx.com, HQ-7000-02-ADMIN, HQ-7000-02-EDGE.dtc_phx.com"
,,SFP,SFP-10G-SR,ACP28020BTX,Transceiver(slot:9-port:16),,"HQ-7000-02-PCI.dtc_phx.com, HQ-7000-02-ADMIN, HQ-7000-02-EDGE.dtc_phx.com"
,,SFP,SFP-10G-LR,ECL1523017U,Transceiver(slot:9-port:20),,"HQ-7000-02-PCI.dtc_phx.com, HQ-7000-02-ADMIN, HQ-7000-02-EDGE.dtc_phx.com"
,,SFP,SFP-10G-SR,FNS17251GEB,Transceiver(slot:9-port:25),,"HQ-7000-02-PCI.dtc_phx.com, HQ-7000-02-ADMIN, HQ-7000-02-EDGE.dtc_phx.com"
,,SFP,SFP-10G-SR,FNS17251XC1,Transceiver(slot:9-port:26),,"HQ-7000-02-PCI.dtc_phx.com, HQ-7000-02-ADMIN, HQ-7000-02-EDGE.dtc_phx.com"
,,SFP,SFP-10G-SR,JUR2020G1LG,Transceiver(slot:9-port:27),,"HQ-7000-02-PCI.dtc_phx.com, HQ-7000-02-ADMIN, HQ-7000-02-EDGE.dtc_phx.com"
,,SFP,SFP-10G-SR,AVD2123AG32,Transceiver(slot:9-port:28),,"HQ-7000-02-PCI.dtc_phx.com, HQ-7000-02-ADMIN, HQ-7000-02-EDGE.dtc_phx.com"
,,SFP,SFP-10G-SR,FNS22211BQM,Transceiver(slot:9-port:29),,"HQ-7000-02-PCI.dtc_phx.com, HQ-7000-02-ADMIN, HQ-7000-02-EDGE.dtc_phx.com"
,,SFP,SFP-10G-SR,FNS222209CT,Transceiver(slot:9-port:30),,"HQ-7000-02-PCI.dtc_phx.com, HQ-7000-02-ADMIN, HQ-7000-02-EDGE.dtc_phx.com"
,,SFP,SFP-10G-SR,FNS222206GV,Transceiver(slot:9-port:31),,"HQ-7000-02-PCI.dtc_phx.com, HQ-7000-02-ADMIN, HQ-7000-02-EDGE.dtc_phx.com"
,,SFP,SFP-10G-SR,ECL141104JP,Transceiver(slot:10-port:1),,"HQ-7000-02-PCI.dtc_phx.com, HQ-7000-02-ADMIN, HQ-7000-02-EDGE.dtc_phx.com"
,,SFP,SFP-10G-SR,SPC141103DL,Transceiver(slot:10-port:2),,"HQ-7000-02-PCI.dtc_phx.com, HQ-7000-02-ADMIN, HQ-7000-02-EDGE.dtc_phx.com"
,,SFP,SFP-10G-SR,ECL133100PA,Transceiver(slot:10-port:3),,"HQ-7000-02-PCI.dtc_phx.com, HQ-7000-02-ADMIN, HQ-7000-02-EDGE.dtc_phx.com"
,,SFP,SFP-10G-SR,SPC141103DA,Transceiver(slot:10-port:5),,"HQ-7000-02-PCI.dtc_phx.com, HQ-7000-02-ADMIN, HQ-7000-02-EDGE.dtc_phx.com"
,,SFP,SFP-10G-SR,ECL133101US,Transceiver(slot:10-port:6),,"HQ-7000-02-PCI.dtc_phx.com, HQ-7000-02-ADMIN, HQ-7000-02-EDGE.dtc_phx.com"
,,SFP,SFP-10G-SR,ECL141104F2,Transceiver(slot:10-port:7),,"HQ-7000-02-PCI.dtc_phx.com, HQ-7000-02-ADMIN, HQ-7000-02-EDGE.dtc_phx.com"
,,SFP,SFP-10G-SR,ECL1412005G,Transceiver(slot:10-port:9),,"HQ-7000-02-PCI.dtc_phx.com, HQ-7000-02-ADMIN, HQ-7000-02-EDGE.dtc_phx.com"
,,SFP,SFP-10G-SR,FNS17251GDV,Transceiver(slot:10-port:19),,"HQ-7000-02-PCI.dtc_phx.com, HQ-7000-02-ADMIN, HQ-7000-02-EDGE.dtc_phx.com"
,,SFP,SFP-10G-SR,FNS17251GNZ,Transceiver(slot:10-port:20),,"HQ-7000-02-PCI.dtc_phx.com, HQ-7000-02-ADMIN, HQ-7000-02-EDGE.dtc_phx.com"
,,SFP,SFP-10G-SR,JUR18420AG8,Transceiver(slot:10-port:21),,"HQ-7000-02-PCI.dtc_phx.com, HQ-7000-02-ADMIN, HQ-7000-02-EDGE.dtc_phx.com"
,,SFP,SFP-10G-SR,JUR184119BE,Transceiver(slot:10-port:22),,"HQ-7000-02-PCI.dtc_phx.com, HQ-7000-02-ADMIN, HQ-7000-02-EDGE.dtc_phx.com"
,,SFP,SFP-10G-SR,JUR184114E4,Transceiver(slot:10-port:23),,"HQ-7000-02-PCI.dtc_phx.com, HQ-7000-02-ADMIN, HQ-7000-02-EDGE.dtc_phx.com"
,,SFP,SFP-10G-SR,FNS17251GE5,Transceiver(slot:10-port:25),,"HQ-7000-02-PCI.dtc_phx.com, HQ-7000-02-ADMIN, HQ-7000-02-EDGE.dtc_phx.com"
,,SFP,SFP-10G-SR,ECL1331020F,Transceiver(slot:10-port:26),,"HQ-7000-02-PCI.dtc_phx.com, HQ-7000-02-ADMIN, HQ-7000-02-EDGE.dtc_phx.com"
,,SFP,SFP-10G-SR,FNS20230BJL,Transceiver(slot:10-port:27),,"HQ-7000-02-PCI.dtc_phx.com, HQ-7000-02-ADMIN, HQ-7000-02-EDGE.dtc_phx.com"
,,SFP,SFP-10G-SR,FNS212509SE,Transceiver(slot:10-port:28),,"HQ-7000-02-PCI.dtc_phx.com, HQ-7000-02-ADMIN, HQ-7000-02-EDGE.dtc_phx.com"
,,SFP,SFP-10G-SR,FNS222203NS,Transceiver(slot:10-port:29),,"HQ-7000-02-PCI.dtc_phx.com, HQ-7000-02-ADMIN, HQ-7000-02-EDGE.dtc_phx.com"
,,SFP,SFP-10G-SR,FNS22211AQC,Transceiver(slot:10-port:30),,"HQ-7000-02-PCI.dtc_phx.com, HQ-7000-02-ADMIN, HQ-7000-02-EDGE.dtc_phx.com"
,,SFP,SFP-10G-SR,FNS22211ANU,Transceiver(slot:10-port:31),,"HQ-7000-02-PCI.dtc_phx.com, HQ-7000-02-ADMIN, HQ-7000-02-EDGE.dtc_phx.com"
,,SFP,SFP-10G-SR,ECL133104WZ,Transceiver(slot:10-port:44),,"HQ-7000-02-PCI.dtc_phx.com, HQ-7000-02-ADMIN, HQ-7000-02-EDGE.dtc_phx.com"
Alameda-Rack3-3750-Stack,10.101.255.101,Master,WS-C3750G-48TS-S,FOC1306W6AH,,,
,,Slave,WS-C3750G-48TS-S,FOC1250W6L0,,,
Alameda-Rack4-3750-Stack.dtc_phx.com,10.101.255.102,Standalone,WS-C3750G-48TS-S,FOC1306W4BG,,,
,,SFP,Unspecified,AGM1249191S,GigabitEthernet2/0/49,,
AL-Rack2-2960-01.dtc_phx.com,10.101.255.29,Standalone,WS-C2960-48TT-L,FOC1324V4A3,,,
Alameda-Rack5-3750-Stack.dtc_phx.com,10.101.255.105,Standalone,WS-C3750G-48TS-E,FOC1050Y671,,,
MDF-3750-I9-SwA.dtc_phx.com,10.0.255.53,Standalone,WS-C3750G-48TS-S,FOC1435Y2M3,,,
MDF-3750-I9-SwB.dtc_phx.com,10.0.255.54,Standalone,WS-C3750G-48TS-S,FOC1306W6A0,,,
MDF-3750-L3.dtc_phx.com,10.0.255.46,Master,WS-C3750G-48TS-E,FOC1044Y017,,,
,,Slave,WS-C3750G-48TS-S,FOC1435Y2KE,,,
MDF-3750-Stk-J9.dtc_phx.com,10.0.255.36,Master,WS-C3750G-48TS-S,FOC1107Y3ZW,,,
,,Slave,WS-C3750G-48TS-S,FOC1107Y40V,,,
Alameda-Rack4-3750-A.dtc_phx.com,10.101.255.103,Standalone,WS-C3750G-48TS-S,FOC1411Y8FB,,,
,,SFP,Unspecified,AGM184749GG,GigabitEthernet1/0/49,,
,,SFP,Unspecified,AGM184749GK,GigabitEthernet1/0/50,,
,,SFP,Unspecified,AGM182927AC,GigabitEthernet1/0/51,,
,,SFP,Unspecified,AGM1829272J,GigabitEthernet1/0/52,,
MDF-3750-Stk-M9.dtc_phx.com,10.0.255.39,Master,WS-C3750G-48TS-S,FOC1104Y2RY,,,
,,Slave,WS-C3750G-48TS-S,FOC1104Y2R4,,,
MDF-3750-Stk-N9.dtc_phx.com,10.0.255.42,Master,WS-C3750G-48TS-S,FOC1139Y21T,,,
,,Slave,WS-C3750G-48TS-S,FOC1138Y0A9,,,
MDF-3750-Stk-O9.dtc_phx.com,10.0.255.43,Master,WS-C3750G-48TS-S,FOC1138Y0A4,,,
,,Slave,WS-C3750G-48TS-S,FOC1139Y21R,,,
MDF-3750-Stk-P9.dtc_phx.com,10.0.255.44,Master,WS-C3750G-48TS-S,FOC1139Y225,,,
,,Slave,WS-C3750G-48TS-S,FOC1138Y0AG,,,
Alameda-IDFA-VG224,10.101.14.21,Standalone,VG224,FHK1242F1UG,,,
Alameda-IDFB-VG224.trtc.com,10.101.14.22,Standalone,VG224,FHK1335F2S8,,,
Alameda-IDFC-VG224,10.101.14.23,Standalone,VG224,FHK1242F1UF,,,
Alameda-IDFD-VG224,10.101.14.24,Standalone,VG224,FHK1242F1UH,,,
Alameda-IDFE-VG224,10.101.14.25,Standalone,VG224,FHK1242F1UJ,,,
Alameda-MDF-VG224,10.101.14.26,Standalone,VG224,FGL1449104B,,,
Asset-SW8-2960.trtc.com,10.101.108.17,Standalone,WS-C2960S-48TS-S,FOC1717W5HQ,,,
,,SFP,GLC-T,00000MTC1611073T,GigabitEthernet0/49,,
,,SFP,Unspecified,AGM151125MY,GigabitEthernet0/50,,
CFG_03_SW.trtc.com,10.101.255.124,Standalone,WS-C2960S-24TS-S,FOC1621W5PW,,,
,,SFP,Unspecified,AGM151522WP,GigabitEthernet0/25,,
CFG_04_SW.dtc_phx.com,10.101.108.21,Standalone,WS-C3750G-48TS-S,FOC1230Y0RB,,,
,,SFP,Unspecified,AGM201541ER,GigabitEthernet1/0/49,,
,,SFP,Unspecified,FNS15501ENR,GigabitEthernet1/0/50,,
IDF-A-2960X-SecCam.dtc_phx.com,10.101.255.10,Standalone,WS-C2960X-24PS-L,FOC2117S06X,,,
IDF-B-2960X-SecCam.dtc_phx.com,10.101.255.11,Standalone,WS-C2960X-24PS-L,FCW2117B2BR,,,
IDF-C-2960X-SecCam.dtc_phx.com,10.101.255.12,Standalone,WS-C2960X-24PS-L,FCW2117B2B7,,,
IDF-D-2960CX-SecCam.dtc_phx.com,10.101.255.13,Standalone,WS-C2960CX-8PC-L,FOC2122Z0VF,,,
IDF-E-2960CX-SecCam.dtc_phx.com,10.101.255.14,Standalone,WS-C2960CX-8PC-L,FOC2121Z5BM,,,
SVALTOR,10.101.100.138,Master,WS-C3750G-24TS-S1U,FOC1417Y1BH,,,
,,Slave,WS-C3750G-24TS-S1U,FOC1414Z66M,,,
svgw3.dtc_phx.com,10.101.99.254,Standalone,CISCO3945-CHASSIS,FTX1714AJPG,,,
,,Module,C3900-SPE250/K9,FOC1712123E,Cisco Services Performance Engine 250 for Cisco 3900 ISR on Slot 0,,
,,Module,PVDM3-64,FOC17114L7Z,PVDM3 DSP DIMM with 64 Channels on Slot 0 SubSlot 3,,
svxcode2.dtc_phx.com,10.101.99.205,Standalone,CISCO3945-CHASSIS,FTX1431AKK8,,,
,,Module,C3900-SPE150/K9,FOC14304JQL,Cisco Services Performance Engine 150 for Cisco 3900 ISR on Slot 0,,
,,Module,PVDM3-256,FOC17440HHQ,PVDM3 DSP DIMM with 256 Channels on Slot 0 SubSlot 4,,
svxgw3.dtc_phx.com,10.101.99.200,Standalone,CISCO3945-CHASSIS,FTX1434A166,,,
,,Module,C3900-SPE150/K9,FOC14304KEK,Cisco Services Performance Engine 150 for Cisco 3900 ISR on Slot 0,,
,,Module,PVDM3-64,FOC143221FG,PVDM3 DSP DIMM with 64 Channels on Slot 0 SubSlot 4,,
svxgw4.dtc_phx.com,10.101.98.201,Standalone,CISCO3945-CHASSIS,FTX1434A169,,,
,,Module,C3900-SPE150/K9,FOC14300RQW,Cisco Services Performance Engine 150 for Cisco 3900 ISR on Slot 0,,
,,Module,PVDM3-64,FOC16347YRK,PVDM3 DSP DIMM with 64 Channels on Slot 0 SubSlot 4,,
2960-CX-Series-NOC.dtc_phx.com,10.0.255.10,Standalone,WS-C2960CX-8PC-L,FOC2007W393,,,
IDF-2C-2960CX-SecCam.dtc_phx.com,10.0.255.9,Standalone,WS-C2960CX-8PC-L,FOC2122Z0XA,,,
IDFCNF-3750-Stack.dtc_phx.com,10.0.255.66,Master,WS-C3750-48PS-S,FDO1122Z5B9,,,
,,Slave,WS-C3750-48PS-S,FDO1122Z5DV,,,
,,SFP,Unspecified,FNS111711YU,GigabitEthernet1/0/1,,
,,SFP,Unspecified,FNS111711YT,GigabitEthernet2/0/1,,
IDFHQ-3750-TestLab.trtc.com,10.0.255.84,Standalone,WS-C3750-48PS-S,FDO1122Z5DR,,,
MDF-3130-O3-ENC1-A,10.0.255.93,Standalone,WS-CBS3130X-S-F,FOC1216H09K,,,
,,Module,800-27645-02,FDO131905PY,Switch 1 - Slot 1 - TwinGig Converter Module,,
,,Module,800-27645-02,FDO131908ZG,Switch 1 - Slot 2 - TwinGig Converter Module,,
svgw1.dtc_phx.com,10.0.99.254,Standalone,CISCO3945-CHASSIS,FTX1714AJPE,,,
,,Module,C3900-SPE250/K9,FOC171211ZD,Cisco Services Performance Engine 250 for Cisco 3900 ISR on Slot 0,,
,,Module,PVDM3-64,FOC17114L7M,PVDM3 DSP DIMM with 64 Channels on Slot 0 SubSlot 3,,
SVHQTOR.DTC_PHX.COM.trtc.com,10.0.99.1,Master,WS-C3750G-48TS-S,FOC1104Y2P4,,,
,,Slave,WS-C3750G-48TS-S,FOC1107Y42Z,,,
,,SFP,Unspecified,AGM184749F8,GigabitEthernet1/0/49,,
,,SFP,Unspecified,AGM184749FA,GigabitEthernet1/0/50,,
svxcode1.dtc_phx.com,10.0.99.205,Standalone,CISCO3945-CHASSIS,FTX1434A16G,,,
,,Module,C3900-SPE150/K9,FOC14314JRH,Cisco Services Performance Engine 150 for Cisco 3900 ISR on Slot 0,,
,,Module,PVDM3-256,FOC17440HKB,PVDM3 DSP DIMM with 256 Channels on Slot 0 SubSlot 4,,
svxgw1.dtc_phx.com,10.0.99.200,Standalone,CISCO3945-CHASSIS,FTX1434A167,,,
,,Module,C3900-SPE150/K9,FOC14300S16,Cisco Services Performance Engine 150 for Cisco 3900 ISR on Slot 0,,
,,Module,PVDM3-64,FOC143221FH,PVDM3 DSP DIMM with 64 Channels on Slot 0 SubSlot 4,,
svxgw2.dtc_phx.com,10.0.99.201,Standalone,CISCO3945-CHASSIS,FTX1434A168,,,
,,Module,C3900-SPE150/K9,FOC14304JTQ,Cisco Services Performance Engine 150 for Cisco 3900 ISR on Slot 0,,
,,Module,PVDM3-64,FOC143220B9,PVDM3 DSP DIMM with 64 Channels on Slot 0 SubSlot 4,,
TestLab2950-03.trtc.com,10.0.255.76,Standalone,WS-C2950-24,FHK0717W1SE,,,
HQ-7000-01-CORE.dtc_phx.com,10.0.255.239,Standalone,N7K-C7010,TBM13322374,,,
,,Module,N7K-F312FQ-25,JAE191207AK,10/40 Gbps Ethernet Module,,"HQ-7000-01-PCI.dtc_phx.com, HQ-7000-01-EDGE, HQ-7000-01-ADMIN"
,,Module,N7K-SUP2E,JAF1825AQAN,Supervisor Module-2,,"HQ-7000-01-PCI.dtc_phx.com, HQ-7000-01-EDGE, HQ-7000-01-ADMIN"
,,Module,N7K-SUP2E,JAF1827ARNH,Supervisor Module-2,,"HQ-7000-01-PCI.dtc_phx.com, HQ-7000-01-EDGE, HQ-7000-01-ADMIN"
,,Module,N7K-F312FQ-25,JAE184905NJ,10/40 Gbps Ethernet Module,,"HQ-7000-01-PCI.dtc_phx.com, HQ-7000-01-EDGE, HQ-7000-01-ADMIN"
,,Module,N7K-F312FQ-25,JAE182305KD,10/40 Gbps Ethernet Module,,"HQ-7000-01-PCI.dtc_phx.com, HQ-7000-01-EDGE, HQ-7000-01-ADMIN"
,,Module,N7K-F248XP-25E,JAF1827AHFJ,1/10 Gbps Ethernet Module,,"HQ-7000-01-PCI.dtc_phx.com, HQ-7000-01-EDGE, HQ-7000-01-ADMIN"
,,Module,N7K-F248XP-25E,JAF1827AHET,1/10 Gbps Ethernet Module,,"HQ-7000-01-PCI.dtc_phx.com, HQ-7000-01-EDGE, HQ-7000-01-ADMIN"
,,Module,N7K-C7010-FAB-2,JAF1828ANTQ,Fabric card module,,"HQ-7000-01-PCI.dtc_phx.com, HQ-7000-01-EDGE, HQ-7000-01-ADMIN"
,,Module,N7K-C7010-FAB-2,JAF1812ALPP,Fabric card module,,"HQ-7000-01-PCI.dtc_phx.com, HQ-7000-01-EDGE, HQ-7000-01-ADMIN"
,,Module,N7K-C7010-FAB-2,JAF1828ANTN,Fabric card module,,"HQ-7000-01-PCI.dtc_phx.com, HQ-7000-01-EDGE, HQ-7000-01-ADMIN"
,,Module,N7K-C7010-FAB-2,JAF1828ANPG,Fabric card module,,"HQ-7000-01-PCI.dtc_phx.com, HQ-7000-01-EDGE, HQ-7000-01-ADMIN"
,,Module,N7K-C7010-FAB-2,JAF1828ANRL,Fabric card module,,"HQ-7000-01-PCI.dtc_phx.com, HQ-7000-01-EDGE, HQ-7000-01-ADMIN"
,,SFP,QSFP-40G-SR4,AVP2016S0AD,Transceiver(slot:1-port:1),,"HQ-7000-01-PCI.dtc_phx.com, HQ-7000-01-EDGE, HQ-7000-01-ADMIN"
,,SFP,QSFP-40G-SR-BD,AVM1843U629,Transceiver(slot:1-port:2),,"HQ-7000-01-PCI.dtc_phx.com, HQ-7000-01-EDGE, HQ-7000-01-ADMIN"
,,SFP,QSFP-40G-SR4,AVP2017S04R,Transceiver(slot:1-port:3),,"HQ-7000-01-PCI.dtc_phx.com, HQ-7000-01-EDGE, HQ-7000-01-ADMIN"
,,SFP,QSFP-40G-SR4,JFQ2021209A,Transceiver(slot:1-port:5),,"HQ-7000-01-PCI.dtc_phx.com, HQ-7000-01-EDGE, HQ-7000-01-ADMIN"
,,SFP,QSFP-40G-SR4,AVP1939S2PV,Transceiver(slot:1-port:7),,"HQ-7000-01-PCI.dtc_phx.com, HQ-7000-01-EDGE, HQ-7000-01-ADMIN"
,,SFP,QSFP-40G-SR4,AVP1938S242,Transceiver(slot:1-port:9),,"HQ-7000-01-PCI.dtc_phx.com, HQ-7000-01-EDGE, HQ-7000-01-ADMIN"
,,SFP,QSFP-40G-SR4,JFQ202020E6,Transceiver(slot:1-port:11),,"HQ-7000-01-PCI.dtc_phx.com, HQ-7000-01-EDGE, HQ-7000-01-ADMIN"
,,SFP,QSFP-40G-SR-BD,AVM1827S3DX,Transceiver(slot:7-port:1),,"HQ-7000-01-PCI.dtc_phx.com, HQ-7000-01-EDGE, HQ-7000-01-ADMIN"
,,SFP,QSFP-40G-SR-BD,AVM1827S151,Transceiver(slot:7-port:2),,"HQ-7000-01-PCI.dtc_phx.com, HQ-7000-01-EDGE, HQ-7000-01-ADMIN"
,,SFP,QSFP-40G-SR-BD,AVM1827S0Y0,Transceiver(slot:7-port:3),,"HQ-7000-01-PCI.dtc_phx.com, HQ-7000-01-EDGE, HQ-7000-01-ADMIN"
,,SFP,QSFP-40G-SR-BD,AVM1843U628,Transceiver(slot:7-port:4),,"HQ-7000-01-PCI.dtc_phx.com, HQ-7000-01-EDGE, HQ-7000-01-ADMIN"
,,SFP,QSFP-40G-SR-BD,AVM1827S1YW,Transceiver(slot:7-port:5),,"HQ-7000-01-PCI.dtc_phx.com, HQ-7000-01-EDGE, HQ-7000-01-ADMIN"
,,SFP,QSFP-40G-SR-BD,AVM1827S086,Transceiver(slot:7-port:7),,"HQ-7000-01-PCI.dtc_phx.com, HQ-7000-01-EDGE, HQ-7000-01-ADMIN"
,,SFP,QSFP-40G-SR-BD,AVM1827S07V,Transceiver(slot:7-port:9),,"HQ-7000-01-PCI.dtc_phx.com, HQ-7000-01-EDGE, HQ-7000-01-ADMIN"
,,SFP,QSFP-40G-SR-BD,AVM1830U0W7,Transceiver(slot:7-port:10),,"HQ-7000-01-PCI.dtc_phx.com, HQ-7000-01-EDGE, HQ-7000-01-ADMIN"
,,SFP,QSFP-40G-SR-BD,AVM1827S4J6,Transceiver(slot:7-port:11),,"HQ-7000-01-PCI.dtc_phx.com, HQ-7000-01-EDGE, HQ-7000-01-ADMIN"
,,SFP,QSFP-40G-SR-BD,AVM1830U2CH,Transceiver(slot:7-port:12),,"HQ-7000-01-PCI.dtc_phx.com, HQ-7000-01-EDGE, HQ-7000-01-ADMIN"
,,SFP,QSFP-40G-SR-BD,AVM1827S4J9,Transceiver(slot:8-port:1),,"HQ-7000-01-PCI.dtc_phx.com, HQ-7000-01-EDGE, HQ-7000-01-ADMIN"
,,SFP,QSFP-40G-SR-BD,AVM1827S0TG,Transceiver(slot:8-port:2),,"HQ-7000-01-PCI.dtc_phx.com, HQ-7000-01-EDGE, HQ-7000-01-ADMIN"
,,SFP,QSFP-40G-SR-BD,AVM1827S07U,Transceiver(slot:8-port:3),,"HQ-7000-01-PCI.dtc_phx.com, HQ-7000-01-EDGE, HQ-7000-01-ADMIN"
,,SFP,QSFP-40G-SR-BD,AVM1827S150,Transceiver(slot:8-port:5),,"HQ-7000-01-PCI.dtc_phx.com, HQ-7000-01-EDGE, HQ-7000-01-ADMIN"
,,SFP,QSFP-40G-SR-BD,AVM1827S07W,Transceiver(slot:8-port:7),,"HQ-7000-01-PCI.dtc_phx.com, HQ-7000-01-EDGE, HQ-7000-01-ADMIN"
,,SFP,QSFP-40G-SR-BD,AVM1821S24T,Transceiver(slot:8-port:9),,"HQ-7000-01-PCI.dtc_phx.com, HQ-7000-01-EDGE, HQ-7000-01-ADMIN"
,,SFP,QSFP-40G-SR-BD,AVM1830U0ZJ,Transceiver(slot:8-port:10),,"HQ-7000-01-PCI.dtc_phx.com, HQ-7000-01-EDGE, HQ-7000-01-ADMIN"
,,SFP,QSFP-40G-SR-BD,AVM1827S0TT,Transceiver(slot:8-port:11),,"HQ-7000-01-PCI.dtc_phx.com, HQ-7000-01-EDGE, HQ-7000-01-ADMIN"
,,SFP,QSFP-40G-SR-BD,AVM1830U0W8,Transceiver(slot:8-port:12),,"HQ-7000-01-PCI.dtc_phx.com, HQ-7000-01-EDGE, HQ-7000-01-ADMIN"
,,SFP,SFP-10G-SR,ECL133100TS,Transceiver(slot:9-port:5),,"HQ-7000-01-PCI.dtc_phx.com, HQ-7000-01-EDGE, HQ-7000-01-ADMIN"
,,SFP,SFP-10G-SR,ECL133100UF,Transceiver(slot:9-port:6),,"HQ-7000-01-PCI.dtc_phx.com, HQ-7000-01-EDGE, HQ-7000-01-ADMIN"
,,SFP,SFP-10G-SR,ECL133104WW,Transceiver(slot:9-port:9),,"HQ-7000-01-PCI.dtc_phx.com, HQ-7000-01-EDGE, HQ-7000-01-ADMIN"
,,SFP,SFP-10G-SR,SPC141103DZ,Transceiver(slot:9-port:10),,"HQ-7000-01-PCI.dtc_phx.com, HQ-7000-01-EDGE, HQ-7000-01-ADMIN"
,,SFP,GLC-SX-MMD,OPM21310Q7G,Transceiver(slot:9-port:14),,"HQ-7000-01-PCI.dtc_phx.com, HQ-7000-01-EDGE, HQ-7000-01-ADMIN"
,,SFP,SFP-10G-SR,ECL1330037K,Transceiver(slot:9-port:15),,"HQ-7000-01-PCI.dtc_phx.com, HQ-7000-01-EDGE, HQ-7000-01-ADMIN"
,,SFP,SFP-10G-SR,ACP28020BW9,Transceiver(slot:9-port:16),,"HQ-7000-01-PCI.dtc_phx.com, HQ-7000-01-EDGE, HQ-7000-01-ADMIN"
,,SFP,SFP-10G-LR,ECL1523016Y,Transceiver(slot:9-port:20),,"HQ-7000-01-PCI.dtc_phx.com, HQ-7000-01-EDGE, HQ-7000-01-ADMIN"
,,SFP,SFP-10G-SR,FNS17251GDY,Transceiver(slot:9-port:25),,"HQ-7000-01-PCI.dtc_phx.com, HQ-7000-01-EDGE, HQ-7000-01-ADMIN"
,,SFP,SFP-10G-SR,ECL133102MM,Transceiver(slot:9-port:26),,"HQ-7000-01-PCI.dtc_phx.com, HQ-7000-01-EDGE, HQ-7000-01-ADMIN"
,,SFP,SFP-10G-SR,FNS2021052R,Transceiver(slot:9-port:27),,"HQ-7000-01-PCI.dtc_phx.com, HQ-7000-01-EDGE, HQ-7000-01-ADMIN"
,,SFP,SFP-10G-SR,AVD21229BC9,Transceiver(slot:9-port:28),,"HQ-7000-01-PCI.dtc_phx.com, HQ-7000-01-EDGE, HQ-7000-01-ADMIN"
,,SFP,SFP-10G-SR,FNS2222093B,Transceiver(slot:9-port:29),,"HQ-7000-01-PCI.dtc_phx.com, HQ-7000-01-EDGE, HQ-7000-01-ADMIN"
,,SFP,SFP-10G-SR,FNS22220930,Transceiver(slot:9-port:30),,"HQ-7000-01-PCI.dtc_phx.com, HQ-7000-01-EDGE, HQ-7000-01-ADMIN"
,,SFP,SFP-10G-SR,FNS22220955,Transceiver(slot:9-port:31),,"HQ-7000-01-PCI.dtc_phx.com, HQ-7000-01-EDGE, HQ-7000-01-ADMIN"
,,SFP,SFP-10G-SR,SPC141103DK,Transceiver(slot:10-port:1),,"HQ-7000-01-PCI.dtc_phx.com, HQ-7000-01-EDGE, HQ-7000-01-ADMIN"
,,SFP,SFP-10G-SR,ECL141104FJ,Transceiver(slot:10-port:2),,"HQ-7000-01-PCI.dtc_phx.com, HQ-7000-01-EDGE, HQ-7000-01-ADMIN"
,,SFP,SFP-10G-SR,ECL133101VR,Transceiver(slot:10-port:3),,"HQ-7000-01-PCI.dtc_phx.com, HQ-7000-01-EDGE, HQ-7000-01-ADMIN"
,,SFP,SFP-10G-SR,ECL133101ZJ,Transceiver(slot:10-port:5),,"HQ-7000-01-PCI.dtc_phx.com, HQ-7000-01-EDGE, HQ-7000-01-ADMIN"
,,SFP,SFP-10G-SR,ECL133101P9,Transceiver(slot:10-port:6),,"HQ-7000-01-PCI.dtc_phx.com, HQ-7000-01-EDGE, HQ-7000-01-ADMIN"
,,SFP,SFP-10G-SR,ECL1412005Y,Transceiver(slot:10-port:9),,"HQ-7000-01-PCI.dtc_phx.com, HQ-7000-01-EDGE, HQ-7000-01-ADMIN"
,,SFP,SFP-10G-LR,SPC180706CE,Transceiver(slot:10-port:12),,"HQ-7000-01-PCI.dtc_phx.com, HQ-7000-01-EDGE, HQ-7000-01-ADMIN"
,,SFP,SFP-10G-SR,FNS17251GE3,Transceiver(slot:10-port:19),,"HQ-7000-01-PCI.dtc_phx.com, HQ-7000-01-EDGE, HQ-7000-01-ADMIN"
,,SFP,SFP-10G-SR,FNS17251G3C,Transceiver(slot:10-port:20),,"HQ-7000-01-PCI.dtc_phx.com, HQ-7000-01-EDGE, HQ-7000-01-ADMIN"
,,SFP,SFP-10G-SR,JUR184203MQ,Transceiver(slot:10-port:21),,"HQ-7000-01-PCI.dtc_phx.com, HQ-7000-01-EDGE, HQ-7000-01-ADMIN"
,,SFP,SFP-10G-SR,JUR18400LKN,Transceiver(slot:10-port:22),,"HQ-7000-01-PCI.dtc_phx.com, HQ-7000-01-EDGE, HQ-7000-01-ADMIN"
,,SFP,SFP-10G-SR,JUR18420TYS,Transceiver(slot:10-port:23),,"HQ-7000-01-PCI.dtc_phx.com, HQ-7000-01-EDGE, HQ-7000-01-ADMIN"
,,SFP,SFP-10G-SR,FNS17251GDP,Transceiver(slot:10-port:25),,"HQ-7000-01-PCI.dtc_phx.com, HQ-7000-01-EDGE, HQ-7000-01-ADMIN"
,,SFP,SFP-10G-SR,FNS21250GSY,Transceiver(slot:10-port:26),,"HQ-7000-01-PCI.dtc_phx.com, HQ-7000-01-EDGE, HQ-7000-01-ADMIN"
,,SFP,SFP-10G-SR,FNS20230H05,Transceiver(slot:10-port:27),,"HQ-7000-01-PCI.dtc_phx.com, HQ-7000-01-EDGE, HQ-7000-01-ADMIN"
,,SFP,SFP-10G-SR,FNS20230GY6,Transceiver(slot:10-port:28),,"HQ-7000-01-PCI.dtc_phx.com, HQ-7000-01-EDGE, HQ-7000-01-ADMIN"
,,SFP,SFP-10G-SR,FNS2222092M,Transceiver(slot:10-port:29),,"HQ-7000-01-PCI.dtc_phx.com, HQ-7000-01-EDGE, HQ-7000-01-ADMIN"
,,SFP,SFP-10G-SR,FNS2222093C,Transceiver(slot:10-port:30),,"HQ-7000-01-PCI.dtc_phx.com, HQ-7000-01-EDGE, HQ-7000-01-ADMIN"
,,SFP,SFP-10G-SR,FNS22220985,Transceiver(slot:10-port:31),,"HQ-7000-01-PCI.dtc_phx.com, HQ-7000-01-EDGE, HQ-7000-01-ADMIN"
,,SFP,SFP-10G-SR,ECL13310208,Transceiver(slot:10-port:44),,"HQ-7000-01-PCI.dtc_phx.com, HQ-7000-01-EDGE, HQ-7000-01-ADMIN"
HQ-MPLS-R1.dtc_phx.com,10.0.100.106,Standalone,C8300-1N1S-4T2X,FLM274610LT,,,
,,Module,C8300-1N1S-4T2X,,module 0,,
,,Module,C8300-1N1S-4T2X,,module 1,,
,,Module,C8300-1N1S-4T2X,FDO27410DPX,module R0,,
,,Module,C8300-1N1S-4T2X,,module F0,,
,,SFP,SFP-GE-L,FNS13290RA9,subslot 0/0 transceiver 4,,
,,SFP,GLC-SX-MMD,AGA1747RGCF,subslot 0/0 transceiver 5,,
Floater-2960-48-QA2.dtc_phx.com,10.41.3.33,Standalone,WS-C2960-48TT-L,FCQ1547X3A6,,,
SVHQTOR.DTC_PHX.COM.trtc.com,10.0.100.138,Master,WS-C3750G-48TS-S,FOC1104Y2P4,,,
,,Slave,WS-C3750G-48TS-S,FOC1107Y42Z,,,
,,SFP,Unspecified,AGM184749F8,GigabitEthernet1/0/49,,
,,SFP,Unspecified,AGM184749FA,GigabitEthernet1/0/50,,
HQ-VG350-01,172.16.4.50,Standalone,VG350/K9,FTX1939A0JG,,,
,,Module,VG350-SPE150/K9,FOC19313XL2,VG350 High Density Analog Gateway on Slot 0,,
,,Module,PVDM3-256,FOC19337284,PVDM3 DSP DIMM with 256 Channels on Slot 0 SubSlot 4,,
,,Module,SM-D-48FXS-E,FOC19335U77,High Density Analog Voice Module - 48FXS-E on Slot 2,,
,,Module,SM-D-48FXS-E,FOC19335U7X,High Density Analog Voice Module - 48FXS-E on Slot 4,,
IDF-1A-2960X-SecCam.dtc_phx.com,10.0.255.4,Standalone,WS-C2960X-24PS-L,FCW2117B29H,,,
IDF-1C-2960X-SecCam.dtc_phx.com,10.0.255.6,Standalone,WS-C2960X-24PS-L,FCW2117B29J,,,
svxgw4.dtc_phx.com,10.101.99.201,Standalone,CISCO3945-CHASSIS,FTX1434A169,,,
,,Module,C3900-SPE150/K9,FOC14300RQW,Cisco Services Performance Engine 150 for Cisco 3900 ISR on Slot 0,,
,,Module,PVDM3-64,FOC16347YRK,PVDM3 DSP DIMM with 64 Channels on Slot 0 SubSlot 4,,
IDF-1B-2960X-SecCam.dtc_phx.com,10.0.255.5,Standalone,WS-C2960X-24PS-L,FCW2117B1BD,,,
AL-MPLS-R1.dtc_phx.com,10.101.100.106,Standalone,C8300-1N1S-4T2X,FLM274610LV,,,
,,Module,C8300-1N1S-4T2X,,module 0,,
,,Module,C8300-1N1S-4T2X,,module 1,,
,,Module,C8300-1N1S-4T2X,FDO27410DQF,module R0,,
,,Module,C8300-1N1S-4T2X,,module F0,,
,,SFP,SFP-GE-L,FNS140708XX,subslot 0/0 transceiver 4,,
,,SFP,SFP-GE-S,FNS132701M6,subslot 0/0 transceiver 5,,
HQ-VG350-02,172.16.4.51,Standalone,VG350/K9,FTX1939A0JH,,,
,,Module,VG350-SPE150/K9,FOC19313XP6,VG350 High Density Analog Gateway on Slot 0,,
,,Module,PVDM3-256,FOC19337286,PVDM3 DSP DIMM with 256 Channels on Slot 0 SubSlot 4,,
,,Module,SM-D-48FXS-E,FOC19335U7M,High Density Analog Voice Module - 48FXS-E on Slot 2,,
,,Module,SM-D-48FXS-E,FOC19348M9N,High Density Analog Voice Module - 48FXS-E on Slot 4,,
IDF-2A-2960CX-SecCam.dtc_phx.com,10.0.255.7,Standalone,WS-C2960CX-8PC-L,FOC2122Z0V8,,,
HQ-56128P-01,10.0.255.111,Parent Switch,N5K-C56128P,FOC2212R0JW,,Cisco,
,,FEX-105,"Fabric Extender Module: 32x10GE, 8x10GE",SSI190406MF,Fex-105 Nexus2232PP-10GE Chassis,Cisco,HQ-56128P-02
,,FEX-106,"Fabric Extender Module: 32x10GE, 8x10GE",SSI190406PC,Fex-106 Nexus2232PP-10GE Chassis,Cisco,HQ-56128P-02
,,FEX-107,"Fabric Extender Module: 32x10GE, 8x10GE",SSI1905004R,Fex-107 Nexus2232PP-10GE Chassis,Cisco,HQ-56128P-02
,,FEX-108,"Fabric Extender Module: 32x10GE, 8x10GE",SSI190406YQ,Fex-108 Nexus2232PP-10GE Chassis,Cisco,HQ-56128P-02
,,FEX-109,"Fabric Extender Module: 32x10GE, 8x10GE",SSI19040A5V,Fex-109 Nexus2232PP-10GE Chassis,Cisco,HQ-56128P-02
,,FEX-110,"Fabric Extender Module: 32x10GE, 8x10GE",SSI19040A5L,Fex-110 Nexus2232PP-10GE Chassis,Cisco,HQ-56128P-02
,,FEX-111,"Fabric Extender Module: 32x10GE, 8x10GE",SSI1820046S,Fex-111 Nexus2232PP-10GE Chassis,Cisco,HQ-56128P-02
,,FEX-112,"Fabric Extender Module: 32x10GE, 8x10GE",SSI182005WX,Fex-112 Nexus2232PP-10GE Chassis,Cisco,HQ-56128P-02
,,FEX-113,"Fabric Extender Module: 48x1GE, 4x10GE",SSI14100CWJ,Fex-113 Nexus2248TP-1GE Chassis,Cisco,HQ-56128P-02
,,FEX-114,"Fabric Extender Module: 48x1GE, 4x10GE",SSI141400J5,Fex-114 Nexus2248TP-1GE Chassis,Cisco,HQ-56128P-02
,,FEX-120,"Fabric Extender Module: 16x10GE, 8x10GE",FOC1648R1EL,Fex-120 Nexus2200DELL Chassis,Cisco,HQ-56128P-02
,,FEX-121,"Fabric Extender Module: 16x10GE, 8x10GE",FOC1652R005,Fex-121 Nexus2200DELL Chassis,Cisco,HQ-56128P-02
,,FEX-122,"Fabric Extender Module: 16x10GE, 8x10GE",FOC1646R08H,Fex-122 Nexus2200DELL Chassis,Cisco,HQ-56128P-02
,,FEX-123,"Fabric Extender Module: 32x10GE, 8x10GE",SSI182005WW,Fex-123 Nexus2232PP-10GE Chassis,Cisco,HQ-56128P-02
,,FEX-124,"Fabric Extender Module: 32x10GE, 8x10GE",SSI182000T9,Fex-124 Nexus2232PP-10GE Chassis,Cisco,HQ-56128P-02
,,FEX-125,"Fabric Extender Module: 16x10GE, 8x10GE",FOC1747R0PN,Fex-125 Nexus2200DELL Chassis,Cisco,HQ-56128P-02
,,Module,N5K-C56128P,FOC22110X9M,Nexus 56128P Supervisor in Fixed Module-1,,
,,Module,"Fabric Extender Module: 32x10GE, 8x10GE-N2K-C2232PP-10GE",FOC19110T4L,"Fex-105 Fabric Extender Module: 32x10GE, 8x10GE in FixedModule-1",,HQ-56128P-02
,,Module,"Fabric Extender Module: 32x10GE, 8x10GE-N2K-C2232PP-10GE",FOC191071L0,"Fex-106 Fabric Extender Module: 32x10GE, 8x10GE in FixedModule-1",,HQ-56128P-02
,,Module,"Fabric Extender Module: 32x10GE, 8x10GE-N2K-C2232PP-10GE",FOC19106XP6,"Fex-107 Fabric Extender Module: 32x10GE, 8x10GE in FixedModule-1",,HQ-56128P-02
,,Module,"Fabric Extender Module: 32x10GE, 8x10GE-N2K-C2232PP-10GE",FOC19110T51,"Fex-108 Fabric Extender Module: 32x10GE, 8x10GE in FixedModule-1",,HQ-56128P-02
,,Module,"Fabric Extender Module: 32x10GE, 8x10GE-N2K-C2232PP-10GE",FOC19110RYM,"Fex-109 Fabric Extender Module: 32x10GE, 8x10GE in FixedModule-1",,HQ-56128P-02
,,Module,"Fabric Extender Module: 32x10GE, 8x10GE-N2K-C2232PP-10GE",FOC19110RZJ,"Fex-110 Fabric Extender Module: 32x10GE, 8x10GE in FixedModule-1",,HQ-56128P-02
,,Module,"Fabric Extender Module: 32x10GE, 8x10GE-N2K-C2232PP-10GE",FOC18275F2H,"Fex-111 Fabric Extender Module: 32x10GE, 8x10GE in FixedModule-1",,HQ-56128P-02
,,Module,"Fabric Extender Module: 32x10GE, 8x10GE-N2K-C2232PP-10GE",FOC18275F8J,"Fex-112 Fabric Extender Module: 32x10GE, 8x10GE in FixedModule-1",,HQ-56128P-02
,,Module,"Fabric Extender Module: 48x1GE, 4x10GE-N2K-C2248TP-1GE",JAF1416DDHJ,"Fex-113 Fabric Extender Module: 48x1GE, 4x10GE in FixedModule-1",,HQ-56128P-02
,,Module,"Fabric Extender Module: 48x1GE, 4x10GE-N2K-C2248TP-1GE",JAF1416BLLC,"Fex-114 Fabric Extender Module: 48x1GE, 4x10GE in FixedModule-1",,HQ-56128P-02
,,Module,"Fabric Extender Module: 16x10GE, 8x10GE-N2K-B22DELL-P",FOC16470GM1,"Fex-120 Fabric Extender Module: 16x10GE, 8x10GE in FixedModule-1",,HQ-56128P-02
,,Module,"Fabric Extender Module: 16x10GE, 8x10GE-N2K-B22DELL-P",FOC16520U1R,"Fex-121 Fabric Extender Module: 16x10GE, 8x10GE in FixedModule-1",,HQ-56128P-02
,,Module,"Fabric Extender Module: 16x10GE, 8x10GE-N2K-B22DELL-P",FOC16454DF7,"Fex-122 Fabric Extender Module: 16x10GE, 8x10GE in FixedModule-1",,HQ-56128P-02
,,Module,"Fabric Extender Module: 32x10GE, 8x10GE-N2K-C2232PP-10GE",FOC18275F81,"Fex-123 Fabric Extender Module: 32x10GE, 8x10GE in FixedModule-1",,HQ-56128P-02
,,Module,"Fabric Extender Module: 32x10GE, 8x10GE-N2K-C2232PP-10GE",FOC18275F9U,"Fex-124 Fabric Extender Module: 32x10GE, 8x10GE in FixedModule-1",,HQ-56128P-02
,,Module,"Fabric Extender Module: 16x10GE, 8x10GE-N2K-B22DELL-P",FOC174624GD,"Fex-125 Fabric Extender Module: 16x10GE, 8x10GE in FixedModule-1",,HQ-56128P-02
,,SFP,N56-M24UP2Q,FOC18394S23,24 ports 10GE SFP+ and 2xQSFP ports Ethernet Module,,
,,SFP,N56-M24UP2Q,FOC20210ELJ,24 ports 10GE SFP+ and 2xQSFP ports Ethernet Module,,
HQ-56128P-02,10.0.255.112,Standalone,N5K-C56128P,FOC1827R16P,,,
,,Module,N5K-C56128P,FOC18303653,Nexus 56128P Supervisor in Fixed Module-1,,
,,SFP,N56-M24UP2Q,FOC182778Q6,24 ports 10GE SFP+ and 2xQSFP ports Ethernet Module,,
,,SFP,N56-M24UP2Q,FOC183211E5,24 ports 10GE SFP+ and 2xQSFP ports Ethernet Module,,
AL-5000-01,10.101.145.125,Parent Switch,N5K-C5010P-BF,SSI14120T8P,,Cisco,
,,FEX-105,"Fabric Extender Module: 48x1GE, 4x10GE",SSI141109BL,Fex-105 Nexus2248 Chassis,Cisco,AL-5000-02
,,FEX-106,"Fabric Extender Module: 48x1GE, 4x10GE",SSI141302GP,Fex-106 Nexus2248 Chassis,Cisco,AL-5000-02
,,Module,"Fabric Extender Module: 48x1GE, 4x10GE",JAF1415CKKF,"Fex-105 Fabric Extender Module: 48x1GE, 4x10GE in FixedModule-1",,AL-5000-02
,,Module,"Fabric Extender Module: 48x1GE, 4x10GE",JAF1416BLFJ,"Fex-106 Fabric Extender Module: 48x1GE, 4x10GE in FixedModule-1",,AL-5000-02
,,SFP,N5K-C5010P-BF,JAF1417AFMD,20 port 10GE SFP+/Supervisor in Fixed Module-1,,
AL-5000-02,10.101.145.126,Standalone,N5K-C5010P-BF,SSI14150MJB,,,
,,SFP,N5K-C5010P-BF,JAF1417DCKR,20 port 10GE SFP+/Supervisor in Fixed Module-1,,
AL-7000-01-CORE,10.101.255.244,Standalone,N7K-C7010,TBM13205522,,,
,,Module,N7K-F312FQ-25,JAE191207AL,10/40 Gbps Ethernet Module,,"AL-7000-01-ADMIN, AL-7000-01-EDGE, AL-7000-01-PCI"
,,Module,N7K-SUP2E,JAE19150EWX,Supervisor Module-2,,"AL-7000-01-ADMIN, AL-7000-01-EDGE, AL-7000-01-PCI"
,,Module,N7K-SUP2E,JAE1914000P,Supervisor Module-2,,"AL-7000-01-ADMIN, AL-7000-01-EDGE, AL-7000-01-PCI"
,,Module,N7K-F312FQ-25,JAE191208KP,10/40 Gbps Ethernet Module,,"AL-7000-01-ADMIN, AL-7000-01-EDGE, AL-7000-01-PCI"
,,Module,N7K-F312FQ-25,JAE19100085,10/40 Gbps Ethernet Module,,"AL-7000-01-ADMIN, AL-7000-01-EDGE, AL-7000-01-PCI"
,,Module,N7K-F248XP-25E,JAE1915099A,1/10 Gbps Ethernet Module,,"AL-7000-01-ADMIN, AL-7000-01-EDGE, AL-7000-01-PCI"
,,Module,N7K-F248XP-25E,JAE191509BS,1/10 Gbps Ethernet Module,,"AL-7000-01-ADMIN, AL-7000-01-EDGE, AL-7000-01-PCI"
,,Module,N7K-C7010-FAB-2,JAF1903ACJP,Fabric card module,,"AL-7000-01-ADMIN, AL-7000-01-EDGE, AL-7000-01-PCI"
,,Module,N7K-C7010-FAB-2,JAF1903ACJH,Fabric card module,,"AL-7000-01-ADMIN, AL-7000-01-EDGE, AL-7000-01-PCI"
,,Module,N7K-C7010-FAB-2,JAF1903ACNF,Fabric card module,,"AL-7000-01-ADMIN, AL-7000-01-EDGE, AL-7000-01-PCI"
,,Module,N7K-C7010-FAB-2,JAF1903ACKC,Fabric card module,,"AL-7000-01-ADMIN, AL-7000-01-EDGE, AL-7000-01-PCI"
,,Module,N7K-C7010-FAB-2,JAF1903ACPD,Fabric card module,,"AL-7000-01-ADMIN, AL-7000-01-EDGE, AL-7000-01-PCI"
,,SFP,QSFP-40G-SR4,JFQ202020FW,Transceiver(slot:1-port:1),,"AL-7000-01-ADMIN, AL-7000-01-EDGE, AL-7000-01-PCI"
,,SFP,QSFP-40G-SR-BD,AVM1843U62H,Transceiver(slot:1-port:2),,"AL-7000-01-ADMIN, AL-7000-01-EDGE, AL-7000-01-PCI"
,,SFP,QSFP-40G-SR4,AVP2018S0CC,Transceiver(slot:1-port:3),,"AL-7000-01-ADMIN, AL-7000-01-EDGE, AL-7000-01-PCI"
,,SFP,QSFP-40G-SR4,JFQ202020QX,Transceiver(slot:1-port:5),,"AL-7000-01-ADMIN, AL-7000-01-EDGE, AL-7000-01-PCI"
,,SFP,QSFP-40G-SR4,JFQ202120B3,Transceiver(slot:1-port:7),,"AL-7000-01-ADMIN, AL-7000-01-EDGE, AL-7000-01-PCI"
,,SFP,QSFP-40G-SR4,JFQ2017208S,Transceiver(slot:1-port:9),,"AL-7000-01-ADMIN, AL-7000-01-EDGE, AL-7000-01-PCI"
,,SFP,QSFP-40G-SR4,JFQ2021203P,Transceiver(slot:1-port:11),,"AL-7000-01-ADMIN, AL-7000-01-EDGE, AL-7000-01-PCI"
,,SFP,QSFP-40G-SR-BD,AVM1842U6C6,Transceiver(slot:7-port:1),,"AL-7000-01-ADMIN, AL-7000-01-EDGE, AL-7000-01-PCI"
,,SFP,QSFP-40G-SR-BD,AVM1842U5VL,Transceiver(slot:7-port:2),,"AL-7000-01-ADMIN, AL-7000-01-EDGE, AL-7000-01-PCI"
,,SFP,QSFP-40G-SR-BD,AVM1842U5VY,Transceiver(slot:7-port:3),,"AL-7000-01-ADMIN, AL-7000-01-EDGE, AL-7000-01-PCI"
,,SFP,QSFP-40G-SR-BD,AVM1842U5VZ,Transceiver(slot:7-port:4),,"AL-7000-01-ADMIN, AL-7000-01-EDGE, AL-7000-01-PCI"
,,SFP,QSFP-40G-SR-BD,AVM1842U5W1,Transceiver(slot:7-port:5),,"AL-7000-01-ADMIN, AL-7000-01-EDGE, AL-7000-01-PCI"
,,SFP,QSFP-40G-SR-BD,AVM1842U6CP,Transceiver(slot:7-port:6),,"AL-7000-01-ADMIN, AL-7000-01-EDGE, AL-7000-01-PCI"
,,SFP,QSFP-40G-SR-BD,AVM1842U6CL,Transceiver(slot:7-port:7),,"AL-7000-01-ADMIN, AL-7000-01-EDGE, AL-7000-01-PCI"
,,SFP,QSFP-40G-SR-BD,AVM1842U5W0,Transceiver(slot:7-port:8),,"AL-7000-01-ADMIN, AL-7000-01-EDGE, AL-7000-01-PCI"
,,SFP,QSFP-40G-SR-BD,AVM1842U6QP,Transceiver(slot:7-port:9),,"AL-7000-01-ADMIN, AL-7000-01-EDGE, AL-7000-01-PCI"
,,SFP,QSFP-40G-SR-BD,AVM1842U6QM,Transceiver(slot:7-port:11),,"AL-7000-01-ADMIN, AL-7000-01-EDGE, AL-7000-01-PCI"
,,SFP,QSFP-40G-SR-BD,AVM1842U6QY,Transceiver(slot:8-port:1),,"AL-7000-01-ADMIN, AL-7000-01-EDGE, AL-7000-01-PCI"
,,SFP,QSFP-40G-SR-BD,AVM1842U5VH,Transceiver(slot:8-port:2),,"AL-7000-01-ADMIN, AL-7000-01-EDGE, AL-7000-01-PCI"
,,SFP,QSFP-40G-SR-BD,AVM1842U6QW,Transceiver(slot:8-port:3),,"AL-7000-01-ADMIN, AL-7000-01-EDGE, AL-7000-01-PCI"
,,SFP,QSFP-40G-SR-BD,AVM1842U6QN,Transceiver(slot:8-port:4),,"AL-7000-01-ADMIN, AL-7000-01-EDGE, AL-7000-01-PCI"
,,SFP,QSFP-40G-SR-BD,AVM1842U6QL,Transceiver(slot:8-port:5),,"AL-7000-01-ADMIN, AL-7000-01-EDGE, AL-7000-01-PCI"
,,SFP,QSFP-40G-SR-BD,AVM1842U6QZ,Transceiver(slot:8-port:6),,"AL-7000-01-ADMIN, AL-7000-01-EDGE, AL-7000-01-PCI"
,,SFP,QSFP-40G-SR-BD,AVM1842U6C1,Transceiver(slot:8-port:7),,"AL-7000-01-ADMIN, AL-7000-01-EDGE, AL-7000-01-PCI"
,,SFP,QSFP-40G-SR-BD,AVM1842U5VX,Transceiver(slot:8-port:8),,"AL-7000-01-ADMIN, AL-7000-01-EDGE, AL-7000-01-PCI"
,,SFP,QSFP-40G-SR-BD,AVM1842U6R1,Transceiver(slot:8-port:9),,"AL-7000-01-ADMIN, AL-7000-01-EDGE, AL-7000-01-PCI"
,,SFP,QSFP-40G-SR-BD,AVM1842U6QQ,Transceiver(slot:8-port:11),,"AL-7000-01-ADMIN, AL-7000-01-EDGE, AL-7000-01-PCI"
,,SFP,SFP-10G-SR,JUR191403F3,Transceiver(slot:9-port:1),,"AL-7000-01-ADMIN, AL-7000-01-EDGE, AL-7000-01-PCI"
,,SFP,SFP-10G-SR,JUR191403F2,Transceiver(slot:9-port:2),,"AL-7000-01-ADMIN, AL-7000-01-EDGE, AL-7000-01-PCI"
,,SFP,SFP-10G-SR,JUR191400GL,Transceiver(slot:9-port:3),,"AL-7000-01-ADMIN, AL-7000-01-EDGE, AL-7000-01-PCI"
,,SFP,SFP-10G-SR,JUR191403F1,Transceiver(slot:9-port:4),,"AL-7000-01-ADMIN, AL-7000-01-EDGE, AL-7000-01-PCI"
,,SFP,SFP-10G-SR,JUR191400KA,Transceiver(slot:9-port:5),,"AL-7000-01-ADMIN, AL-7000-01-EDGE, AL-7000-01-PCI"
,,SFP,SFP-10G-SR,JUR191404JM,Transceiver(slot:9-port:6),,"AL-7000-01-ADMIN, AL-7000-01-EDGE, AL-7000-01-PCI"
,,SFP,SFP-10G-SR,JUR191403FR,Transceiver(slot:9-port:9),,"AL-7000-01-ADMIN, AL-7000-01-EDGE, AL-7000-01-PCI"
,,SFP,SFP-10G-SR,JUR191403FP,Transceiver(slot:9-port:10),,"AL-7000-01-ADMIN, AL-7000-01-EDGE, AL-7000-01-PCI"
,,SFP,SFP-10G-SR,JUR191310VW,Transceiver(slot:9-port:12),,"AL-7000-01-ADMIN, AL-7000-01-EDGE, AL-7000-01-PCI"
,,SFP,SFP-10G-SR,JUR19130U15,Transceiver(slot:9-port:13),,"AL-7000-01-ADMIN, AL-7000-01-EDGE, AL-7000-01-PCI"
,,SFP,SFP-10G-SR,JUR1913111P,Transceiver(slot:9-port:14),,"AL-7000-01-ADMIN, AL-7000-01-EDGE, AL-7000-01-PCI"
,,SFP,SFP-10G-SR,JUR1913111U,Transceiver(slot:9-port:15),,"AL-7000-01-ADMIN, AL-7000-01-EDGE, AL-7000-01-PCI"
,,SFP,SFP-10G-SR,JUR2005G08N,Transceiver(slot:9-port:16),,"AL-7000-01-ADMIN, AL-7000-01-EDGE, AL-7000-01-PCI"
,,SFP,SFP-10G-LR,ECL152401LL,Transceiver(slot:9-port:20),,"AL-7000-01-ADMIN, AL-7000-01-EDGE, AL-7000-01-PCI"
,,SFP,SFP-10G-SR,SPC141103MF,Transceiver(slot:9-port:36),,"AL-7000-01-ADMIN, AL-7000-01-EDGE, AL-7000-01-PCI"
,,SFP,SFP-10G-SR,JUR19130SB4,Transceiver(slot:10-port:1),,"AL-7000-01-ADMIN, AL-7000-01-EDGE, AL-7000-01-PCI"
,,SFP,SFP-10G-SR,JUR19130ZRY,Transceiver(slot:10-port:2),,"AL-7000-01-ADMIN, AL-7000-01-EDGE, AL-7000-01-PCI"
,,SFP,SFP-10G-SR,JUR19130ZLP,Transceiver(slot:10-port:4),,"AL-7000-01-ADMIN, AL-7000-01-EDGE, AL-7000-01-PCI"
,,SFP,SFP-10G-SR,JUR19130ZM4,Transceiver(slot:10-port:5),,"AL-7000-01-ADMIN, AL-7000-01-EDGE, AL-7000-01-PCI"
,,SFP,SFP-10G-SR,JUR19130ZS0,Transceiver(slot:10-port:6),,"AL-7000-01-ADMIN, AL-7000-01-EDGE, AL-7000-01-PCI"
,,SFP,SFP-10G-SR,JUR19130ZLN,Transceiver(slot:10-port:9),,"AL-7000-01-ADMIN, AL-7000-01-EDGE, AL-7000-01-PCI"
,,SFP,SFP-10G-LR,FNS23080P29,Transceiver(slot:10-port:12),,"AL-7000-01-ADMIN, AL-7000-01-EDGE, AL-7000-01-PCI"
,,SFP,SFP-10G-SR,SPC141103EG,Transceiver(slot:10-port:25),,"AL-7000-01-ADMIN, AL-7000-01-EDGE, AL-7000-01-PCI"
,,SFP,SFP-10G-SR,JUR191310J8,Transceiver(slot:10-port:26),,"AL-7000-01-ADMIN, AL-7000-01-EDGE, AL-7000-01-PCI"
,,SFP,SFP-10G-SR,SPC141103EA,Transceiver(slot:10-port:36),,"AL-7000-01-ADMIN, AL-7000-01-EDGE, AL-7000-01-PCI"
,,SFP,SFP-10G-SR,JUR19130ZRM,Transceiver(slot:10-port:46),,"AL-7000-01-ADMIN, AL-7000-01-EDGE, AL-7000-01-PCI"
,,SFP,SFP-10G-SR,SPC141101H8,Transceiver(slot:10-port:48),,"AL-7000-01-ADMIN, AL-7000-01-EDGE, AL-7000-01-PCI"
AL-7000-02-CORE,10.0.184.20,Standalone,N7K-C7010,TBM13250072,,,
,,Module,N7K-F312FQ-25,JAE191208KU,10/40 Gbps Ethernet Module,,"AL-7000-02-ADMIN, AL-7000-02-EDGE, AL-7000-02-PCI"
,,Module,N7K-SUP2E,JAE1915031M,Supervisor Module-2,,"AL-7000-02-ADMIN, AL-7000-02-EDGE, AL-7000-02-PCI"
,,Module,N7K-SUP2E,JAE1915032L,Supervisor Module-2,,"AL-7000-02-ADMIN, AL-7000-02-EDGE, AL-7000-02-PCI"
,,Module,N7K-F312FQ-25,JAE19100084,10/40 Gbps Ethernet Module,,"AL-7000-02-ADMIN, AL-7000-02-EDGE, AL-7000-02-PCI"
,,Module,N7K-F312FQ-25,JAE191208L7,10/40 Gbps Ethernet Module,,"AL-7000-02-ADMIN, AL-7000-02-EDGE, AL-7000-02-PCI"
,,Module,N7K-F248XP-25E,JAE191509AC,1/10 Gbps Ethernet Module,,"AL-7000-02-ADMIN, AL-7000-02-EDGE, AL-7000-02-PCI"
,,Module,N7K-F248XP-25E,JAE191509D6,1/10 Gbps Ethernet Module,,"AL-7000-02-ADMIN, AL-7000-02-EDGE, AL-7000-02-PCI"
,,Module,N7K-C7010-FAB-2,JAF1903ACEK,Fabric card module,,"AL-7000-02-ADMIN, AL-7000-02-EDGE, AL-7000-02-PCI"
,,Module,N7K-C7010-FAB-2,JAF1903ACGA,Fabric card module,,"AL-7000-02-ADMIN, AL-7000-02-EDGE, AL-7000-02-PCI"
,,Module,N7K-C7010-FAB-2,JAF1903ACKF,Fabric card module,,"AL-7000-02-ADMIN, AL-7000-02-EDGE, AL-7000-02-PCI"
,,Module,N7K-C7010-FAB-2,JAF1903ACFF,Fabric card module,,"AL-7000-02-ADMIN, AL-7000-02-EDGE, AL-7000-02-PCI"
,,Module,N7K-C7010-FAB-2,JAF1903ACFN,Fabric card module,,"AL-7000-02-ADMIN, AL-7000-02-EDGE, AL-7000-02-PCI"
,,SFP,QSFP-40G-SR4,AVP1830S46G,Transceiver(slot:1-port:1),,"AL-7000-02-ADMIN, AL-7000-02-EDGE, AL-7000-02-PCI"
,,SFP,QSFP-40G-SR-BD,AVM1843U62K,Transceiver(slot:1-port:2),,"AL-7000-02-ADMIN, AL-7000-02-EDGE, AL-7000-02-PCI"
,,SFP,QSFP-40G-SR4,AVP1831S0RA,Transceiver(slot:1-port:3),,"AL-7000-02-ADMIN, AL-7000-02-EDGE, AL-7000-02-PCI"
,,SFP,QSFP-40G-SR4,AVP1831S196,Transceiver(slot:1-port:5),,"AL-7000-02-ADMIN, AL-7000-02-EDGE, AL-7000-02-PCI"
,,SFP,QSFP-40G-SR4,AVP1830S1S1,Transceiver(slot:1-port:7),,"AL-7000-02-ADMIN, AL-7000-02-EDGE, AL-7000-02-PCI"
,,SFP,QSFP-40G-SR4,JFQ202020TT,Transceiver(slot:1-port:9),,"AL-7000-02-ADMIN, AL-7000-02-EDGE, AL-7000-02-PCI"
,,SFP,QSFP-40G-SR4,JFQ2021201P,Transceiver(slot:1-port:11),,"AL-7000-02-ADMIN, AL-7000-02-EDGE, AL-7000-02-PCI"
,,SFP,QSFP-40G-SR-BD,AVM1842U5LE,Transceiver(slot:7-port:1),,"AL-7000-02-ADMIN, AL-7000-02-EDGE, AL-7000-02-PCI"
,,SFP,QSFP-40G-SR-BD,AVM1842U5LB,Transceiver(slot:7-port:2),,"AL-7000-02-ADMIN, AL-7000-02-EDGE, AL-7000-02-PCI"
,,SFP,QSFP-40G-SR-BD,AVM1842U5LC,Transceiver(slot:7-port:3),,"AL-7000-02-ADMIN, AL-7000-02-EDGE, AL-7000-02-PCI"
,,SFP,QSFP-40G-SR-BD,AVM1842U5LD,Transceiver(slot:7-port:4),,"AL-7000-02-ADMIN, AL-7000-02-EDGE, AL-7000-02-PCI"
,,SFP,QSFP-40G-SR-BD,AVM1842U5T1,Transceiver(slot:7-port:5),,"AL-7000-02-ADMIN, AL-7000-02-EDGE, AL-7000-02-PCI"
,,SFP,QSFP-40G-SR-BD,AVM1842U6CT,Transceiver(slot:7-port:6),,"AL-7000-02-ADMIN, AL-7000-02-EDGE, AL-7000-02-PCI"
,,SFP,QSFP-40G-SR-BD,AVM1842U6R5,Transceiver(slot:7-port:7),,"AL-7000-02-ADMIN, AL-7000-02-EDGE, AL-7000-02-PCI"
,,SFP,QSFP-40G-SR-BD,AVM1842U5LU,Transceiver(slot:7-port:8),,"AL-7000-02-ADMIN, AL-7000-02-EDGE, AL-7000-02-PCI"
,,SFP,QSFP-40G-SR-BD,AVM1842U5LS,Transceiver(slot:7-port:9),,"AL-7000-02-ADMIN, AL-7000-02-EDGE, AL-7000-02-PCI"
,,SFP,QSFP-40G-SR-BD,AVM1842U5LV,Transceiver(slot:7-port:11),,"AL-7000-02-ADMIN, AL-7000-02-EDGE, AL-7000-02-PCI"
,,SFP,QSFP-40G-SR-BD,AVM1842U5VJ,Transceiver(slot:8-port:1),,"AL-7000-02-ADMIN, AL-7000-02-EDGE, AL-7000-02-PCI"
,,SFP,QSFP-40G-SR-BD,AVM1842U5VK,Transceiver(slot:8-port:2),,"AL-7000-02-ADMIN, AL-7000-02-EDGE, AL-7000-02-PCI"
,,SFP,QSFP-40G-SR-BD,AVM1842U5W5,Transceiver(slot:8-port:3),,"AL-7000-02-ADMIN, AL-7000-02-EDGE, AL-7000-02-PCI"
,,SFP,QSFP-40G-SR-BD,AVM1842U5W3,Transceiver(slot:8-port:4),,"AL-7000-02-ADMIN, AL-7000-02-EDGE, AL-7000-02-PCI"
,,SFP,QSFP-40G-SR-BD,AVM1842U5W4,Transceiver(slot:8-port:5),,"AL-7000-02-ADMIN, AL-7000-02-EDGE, AL-7000-02-PCI"
,,SFP,QSFP-40G-SR-BD,AVM1842U5W2,Transceiver(slot:8-port:6),,"AL-7000-02-ADMIN, AL-7000-02-EDGE, AL-7000-02-PCI"
,,SFP,QSFP-40G-SR-BD,AVM1842U5VN,Transceiver(slot:8-port:7),,"AL-7000-02-ADMIN, AL-7000-02-EDGE, AL-7000-02-PCI"
,,SFP,QSFP-40G-SR-BD,AVM1842U5VP,Transceiver(slot:8-port:8),,"AL-7000-02-ADMIN, AL-7000-02-EDGE, AL-7000-02-PCI"
,,SFP,QSFP-40G-SR-BD,AVM1842U5VM,Transceiver(slot:8-port:9),,"AL-7000-02-ADMIN, AL-7000-02-EDGE, AL-7000-02-PCI"
,,SFP,QSFP-40G-SR-BD,AVM1842U5WN,Transceiver(slot:8-port:11),,"AL-7000-02-ADMIN, AL-7000-02-EDGE, AL-7000-02-PCI"
,,SFP,SFP-10G-SR,JUR19130YZX,Transceiver(slot:9-port:1),,"AL-7000-02-ADMIN, AL-7000-02-EDGE, AL-7000-02-PCI"
,,SFP,SFP-10G-SR,JUR19130Z02,Transceiver(slot:9-port:2),,"AL-7000-02-ADMIN, AL-7000-02-EDGE, AL-7000-02-PCI"
,,SFP,SFP-10G-SR,JUR19130YZT,Transceiver(slot:9-port:3),,"AL-7000-02-ADMIN, AL-7000-02-EDGE, AL-7000-02-PCI"
,,SFP,SFP-10G-SR,ECL141200Z1,Transceiver(slot:9-port:4),,"AL-7000-02-ADMIN, AL-7000-02-EDGE, AL-7000-02-PCI"
,,SFP,SFP-10G-SR,JUR19130Z07,Transceiver(slot:9-port:5),,"AL-7000-02-ADMIN, AL-7000-02-EDGE, AL-7000-02-PCI"
,,SFP,SFP-10G-SR,JUR19130ZL3,Transceiver(slot:9-port:6),,"AL-7000-02-ADMIN, AL-7000-02-EDGE, AL-7000-02-PCI"
,,SFP,SFP-10G-SR,JUR19130RG8,Transceiver(slot:9-port:9),,"AL-7000-02-ADMIN, AL-7000-02-EDGE, AL-7000-02-PCI"
,,SFP,SFP-10G-SR,JUR19130ZKH,Transceiver(slot:9-port:10),,"AL-7000-02-ADMIN, AL-7000-02-EDGE, AL-7000-02-PCI"
,,SFP,SFP-10G-SR,JUR19130UZ3,Transceiver(slot:9-port:12),,"AL-7000-02-ADMIN, AL-7000-02-EDGE, AL-7000-02-PCI"
,,SFP,SFP-10G-SR,JUR19130V7P,Transceiver(slot:9-port:13),,"AL-7000-02-ADMIN, AL-7000-02-EDGE, AL-7000-02-PCI"
,,SFP,SFP-10G-SR,JUR19130V5F,Transceiver(slot:9-port:14),,"AL-7000-02-ADMIN, AL-7000-02-EDGE, AL-7000-02-PCI"
,,SFP,SFP-10G-SR,FNS20230TY7,Transceiver(slot:9-port:15),,"AL-7000-02-ADMIN, AL-7000-02-EDGE, AL-7000-02-PCI"
,,SFP,SFP-10G-SR,FNS20230TY0,Transceiver(slot:9-port:16),,"AL-7000-02-ADMIN, AL-7000-02-EDGE, AL-7000-02-PCI"
,,SFP,SFP-10G-SR,JUR19130UYW,Transceiver(slot:9-port:17),,"AL-7000-02-ADMIN, AL-7000-02-EDGE, AL-7000-02-PCI"
,,SFP,SFP-10G-SR,JUR19130RGR,Transceiver(slot:9-port:18),,"AL-7000-02-ADMIN, AL-7000-02-EDGE, AL-7000-02-PCI"
,,SFP,SFP-10G-SR,ECL141200YJ,Transceiver(slot:9-port:19),,"AL-7000-02-ADMIN, AL-7000-02-EDGE, AL-7000-02-PCI"
,,SFP,SFP-10G-LR,ECL1524016B,Transceiver(slot:9-port:20),,"AL-7000-02-ADMIN, AL-7000-02-EDGE, AL-7000-02-PCI"
,,SFP,SFP-10G-SR,JUR19130U16,Transceiver(slot:9-port:36),,"AL-7000-02-ADMIN, AL-7000-02-EDGE, AL-7000-02-PCI"
,,SFP,SFP-10G-SR,JUR19130ZRK,Transceiver(slot:10-port:1),,"AL-7000-02-ADMIN, AL-7000-02-EDGE, AL-7000-02-PCI"
,,SFP,SFP-10G-SR,JUR19130ZRV,Transceiver(slot:10-port:2),,"AL-7000-02-ADMIN, AL-7000-02-EDGE, AL-7000-02-PCI"
,,SFP,SFP-10G-SR,JUR19130ZWT,Transceiver(slot:10-port:4),,"AL-7000-02-ADMIN, AL-7000-02-EDGE, AL-7000-02-PCI"
,,SFP,SFP-10G-SR,JUR19130Z57,Transceiver(slot:10-port:5),,"AL-7000-02-ADMIN, AL-7000-02-EDGE, AL-7000-02-PCI"
,,SFP,SFP-10G-SR,JUR19130TK1,Transceiver(slot:10-port:6),,"AL-7000-02-ADMIN, AL-7000-02-EDGE, AL-7000-02-PCI"
,,SFP,SFP-10G-SR,JUR19130G5F,Transceiver(slot:10-port:25),,"AL-7000-02-ADMIN, AL-7000-02-EDGE, AL-7000-02-PCI"
,,SFP,SFP-10G-SR,ECL141200YH,Transceiver(slot:10-port:26),,"AL-7000-02-ADMIN, AL-7000-02-EDGE, AL-7000-02-PCI"
,,SFP,SFP-10G-SR,ECL141104JD,Transceiver(slot:10-port:36),,"AL-7000-02-ADMIN, AL-7000-02-EDGE, AL-7000-02-PCI"
,,SFP,SFP-10G-SR,ECL141200YR,Transceiver(slot:10-port:48),,"AL-7000-02-ADMIN, AL-7000-02-EDGE, AL-7000-02-PCI"
EQX-EXT-93180-01,10.44.158.11,Standalone,N9K-C93180YC-FX-24,FDO25240WAU,,,
,,Module,N9K-C93180YC-FX-24,FDO25240WAU,Module-1 24x10/25G/32G + 6x40/100G Ethernet/FC Module,,
,,SFP,SFP-10G-SR,ECL1411047R,Transceiver(slot:1-port:1),,
,,SFP,SFP-10G-SR,ECL133104WM,Transceiver(slot:1-port:2),,
,,SFP,SFP-10G-SR,ECL133102NV,Transceiver(slot:1-port:3),,
,,SFP,SFP-10G-SR,ECL1412005J,Transceiver(slot:1-port:4),,
,,SFP,QSFP-100G-AOC5M,DTS2508C418-B,Transceiver(slot:1-port:49),,
,,SFP,QSFP-100G-AOC5M,DTS2508C415-B,Transceiver(slot:1-port:50),,
EQX-EXT-93180-02,10.44.158.12,Standalone,N9K-C93180YC-FX-24,FDO25240WAV,,,
,,Module,N9K-C93180YC-FX-24,FDO25240WAV,Module-1 24x10/25G/32G + 6x40/100G Ethernet/FC Module,,
,,SFP,SFP-10G-SR,ECL1411047W,Transceiver(slot:1-port:1),,
,,SFP,SFP-10G-SR,ECL133102PH,Transceiver(slot:1-port:2),,
,,SFP,SFP-10G-SR,ECL133102R1,Transceiver(slot:1-port:3),,
,,SFP,SFP-10G-SR,ECL133101PY,Transceiver(slot:1-port:4),,
,,SFP,QSFP-100G-AOC5M,DTS2508C418-A,Transceiver(slot:1-port:49),,
,,SFP,QSFP-100G-AOC5M,DTS2508C415-A,Transceiver(slot:1-port:50),,
EQX-INT-93180-01,10.44.158.21,Standalone,N9K-C93180YC-FX-24,FDO25240WCG,,,
,,Module,N9K-C93180YC-FX-24,FDO25240WCG,Module-1 24x10/25G/32G + 6x40/100G Ethernet/FC Module,,
,,SFP,SFP-10G-SR,ECL133100KY,Transceiver(slot:1-port:1),,
,,SFP,SFP-10G-SR,SPC141103C1,Transceiver(slot:1-port:2),,
,,SFP,SFP-10G-SR,SPC141103MK,Transceiver(slot:1-port:3),,
,,SFP,SFP-10G-SR,ECL133102QT,Transceiver(slot:1-port:4),,
,,SFP,SFP-10G-SR,SPC141101U5,Transceiver(slot:1-port:5),,
,,SFP,SFP-10G-SR,SPC141103D8,Transceiver(slot:1-port:6),,
,,SFP,SFP-10G-SR,ECL1331020J,Transceiver(slot:1-port:7),,
,,SFP,SFP-10G-SR,JUR19130ZRC,Transceiver(slot:1-port:8),,
,,SFP,SFP-10G-SR,SPC14110344,Transceiver(slot:1-port:9),,
,,SFP,SFP-10G-SR,JUR191310JJ,Transceiver(slot:1-port:10),,
,,SFP,SFP-10G-SR,SPC1411033D,Transceiver(slot:1-port:11),,
,,SFP,SFP-10G-SR,SPC141101HD,Transceiver(slot:1-port:12),,
,,SFP,SFP-10G-SR,ECL133101UD,Transceiver(slot:1-port:17),,
,,SFP,SFP-10G-SR,ECL1330037W,Transceiver(slot:1-port:18),,
,,SFP,SFP-10G-SR,ECL133102LY,Transceiver(slot:1-port:19),,
,,SFP,SFP-10G-SR,JUR19130Q6U,Transceiver(slot:1-port:20),,
,,SFP,SFP-10G-SR,ECL133100KM,Transceiver(slot:1-port:21),,
,,SFP,SFP-10G-SR,SPC141103MJ,Transceiver(slot:1-port:22),,
,,SFP,SFP-10G-SR,ECL133101UX,Transceiver(slot:1-port:23),,
,,SFP,SFP-H10GB-CU2M,XANBCAC65218A,Transceiver(slot:1-port:26),,
,,SFP,SFP-10G-SR,ECL141200Z0,Transceiver(slot:1-port:27),,
,,SFP,SFP-10G-SR,ECL14110485,Transceiver(slot:1-port:28),,
,,SFP,SFP-10G-SR,ECL133202CF,Transceiver(slot:1-port:45),,
,,SFP,SFP-10G-SR-S,ACW23020UK3,Transceiver(slot:1-port:46),,
,,SFP,SFP-10G-SR,AGD133430MA,Transceiver(slot:1-port:47),,
,,SFP,QSFP-100G-AOC5M,DTS2508C420-B,Transceiver(slot:1-port:49),,
,,SFP,QSFP-100G-AOC5M,DTS2508C414-B,Transceiver(slot:1-port:50),,
EQX-INT-93180-02,10.44.158.22,Standalone,N9K-C93180YC-FX-24,FDO25240WBE,,,
,,Module,N9K-C93180YC-FX-24,FDO25240WBE,Module-1 24x10/25G/32G + 6x40/100G Ethernet/FC Module,,
,,SFP,SFP-10G-SR,ECL141104J4,Transceiver(slot:1-port:1),,
,,SFP,SFP-10G-SR,ECL141104JG,Transceiver(slot:1-port:2),,
,,SFP,SFP-10G-SR,ECL133101ZT,Transceiver(slot:1-port:3),,
,,SFP,SFP-10G-SR,SPC141103EF,Transceiver(slot:1-port:4),,
,,SFP,SFP-10G-SR,ECL1412005H,Transceiver(slot:1-port:5),,
,,SFP,SFP-10G-SR,ECL133102N3,Transceiver(slot:1-port:6),,
,,SFP,SFP-10G-SR,ECL133102NC,Transceiver(slot:1-port:7),,
,,SFP,SFP-10G-SR,ECL1330037G,Transceiver(slot:1-port:8),,
,,SFP,SFP-10G-SR,ECL133102SS,Transceiver(slot:1-port:9),,
,,SFP,SFP-10G-SR,SPC141101UB,Transceiver(slot:1-port:10),,
,,SFP,SFP-10G-SR,SPC1411033Y,Transceiver(slot:1-port:11),,
,,SFP,SFP-10G-SR,ECL133100RL,Transceiver(slot:1-port:12),,
,,SFP,SFP-10G-SR,JUR19130G56,Transceiver(slot:1-port:17),,
,,SFP,SFP-10G-SR,ECL1412005S,Transceiver(slot:1-port:18),,
,,SFP,SFP-10G-SR,ECL133100SW,Transceiver(slot:1-port:19),,
,,SFP,SFP-10G-SR,ECL133100LM,Transceiver(slot:1-port:20),,
,,SFP,SFP-10G-SR,ECL133100TD,Transceiver(slot:1-port:21),,
,,SFP,SFP-10G-SR,ECL133102MQ,Transceiver(slot:1-port:22),,
,,SFP,SFP-10G-SR,SPC141101TY,Transceiver(slot:1-port:23),,
,,SFP,GLC-TE,MTC22380VM3,Transceiver(slot:1-port:25),,
,,SFP,SFP-H10GB-CU2M,XANBCAC65216A,Transceiver(slot:1-port:26),,
,,SFP,SFP-10G-SR,ECL133100KD,Transceiver(slot:1-port:27),,
,,SFP,SFP-10G-SR,ECL133102PE,Transceiver(slot:1-port:28),,
,,SFP,SFP-10G-SR,ECL133102S2,Transceiver(slot:1-port:45),,
,,SFP,SFP-10G-SR-S,ACW23020U6K,Transceiver(slot:1-port:46),,
,,SFP,SFP-10G-SR,ECL133100UG,Transceiver(slot:1-port:47),,
,,SFP,QSFP-100G-AOC5M,DTS2508C420-A,Transceiver(slot:1-port:49),,
,,SFP,QSFP-100G-AOC5M,DTS2508C414-A,Transceiver(slot:1-port:50),,
EQX-CldTrst-8500-01,10.44.158.41,Standalone,C8500-12X,TTM251909CU,,,
,,Module,C8500-12X,,module 0,,
,,Module,C8500-12X,JAE25230UM7,module R0,,
,,Module,C8500-12X,,module F0,,
,,SFP,12xSFP+,JAE12345678,SPA subslot 0/0,,EQX-CldTrst-8500-02
,,SFP,SFP-10G-SR,ECL133102SU,subslot 0/0 transceiver 0,,
,,SFP,SFP-10G-SR,ECL133101VH,subslot 0/0 transceiver 1,,
,,SFP,SFP-10G-SR,ECL141104EJ,subslot 0/0 transceiver 2,,
,,SFP,SFP-10G-SR,ECL1412010X,subslot 0/0 transceiver 3,,
,,SFP,SFP-10G-LR,FNS16260CQA,subslot 0/0 transceiver 10,,
,,SFP,SFP-10G-LR,FNS161209Z0,subslot 0/0 transceiver 11,,
EQX-CldTrst-8500-02,10.44.158.42,Standalone,C8500-12X,TTM251909E9,,,
,,Module,C8500-12X,,module 0,,
,,Module,C8500-12X,JAE25230UM5,module R0,,
,,Module,C8500-12X,,module F0,,
,,SFP,SFP-10G-SR,ECL133102LL,subslot 0/0 transceiver 0,,
,,SFP,SFP-10G-SR,AGD133430T4,subslot 0/0 transceiver 1,,
,,SFP,SFP-10G-SR,ECL133102LP,subslot 0/0 transceiver 2,,
,,SFP,SFP-10G-SR,ECL133102LV,subslot 0/0 transceiver 3,,
,,SFP,SFP-10G-LR,FNS23090Z73,subslot 0/0 transceiver 10,,
,,SFP,SFP-10G-LR,FNS1610116S,subslot 0/0 transceiver 11,,
EQX-EdgeDIA-8300-01,10.44.158.51,Standalone,C8300-2N2S-4T2X,FLM2528110Y,,,
,,Module,C8300-2N2S-4T2X,,module 0,,
,,Module,C-NIM-1X,FDO2523055D,NIM subslot 0/1,,
,,Module,C8300-2N2S-4T2X,,module 1,,
,,Module,C8300-2N2S-4T2X,,module 2,,
,,Module,C8300-2N2S-4T2X,FDO25250DEH,module R0,,
,,Module,C8300-2N2S-4T2X,,module F0,,
,,SFP,SFP-10G-SR,ECL1330037X,subslot 0/0 transceiver 4,,
,,SFP,SFP-10G-SR,FNS25080DNP,subslot 0/0 transceiver 5,,
,,SFP,SFP-10G-LR,FNS161209BC,subslot 0/1 transceiver 0,,
EQX-EdgeDIA-8300-02,10.44.158.52,Standalone,C8300-2N2S-4T2X,FLM252911Q5,,,
,,Module,C8300-2N2S-4T2X,,module 0,,
,,Module,C-NIM-1X,FDO25280CUV,NIM subslot 0/1,,
,,Module,C8300-2N2S-4T2X,,module 1,,
,,Module,C8300-2N2S-4T2X,,module 2,,
,,Module,C8300-2N2S-4T2X,FDO2522110J,module R0,,
,,Module,C8300-2N2S-4T2X,,module F0,,
,,SFP,SFP-10G-SR,ECL133102S6,subslot 0/0 transceiver 4,,
,,SFP,SFP-10G-SR,ECL133100KB,subslot 0/0 transceiver 5,,
,,SFP,SFP-10G-LR,FNS161209U2,subslot 0/1 transceiver 0,,
EQX-MPLS-8300-01,10.44.158.61,Standalone,C8300-2N2S-4T2X,FLM2528110Z,,,
,,Module,C8300-2N2S-4T2X,,module 0,,
,,Module,C-NIM-1X,FDO2523054G,NIM subslot 0/1,,
,,Module,NIM-1MFT-T1/E1,FOC19416A4L,NIM subslot 0/2,,
,,Module,C8300-2N2S-4T2X,,module 1,,
,,Module,C8300-2N2S-4T2X,,module 2,,
,,Module,C8300-2N2S-4T2X,FDO25250DD8,module R0,,
,,Module,C8300-2N2S-4T2X,,module F0,,
,,SFP,SFP-10G-SR,ECL133101NZ,subslot 0/0 transceiver 4,,
,,SFP,SFP-10G-SR,ECL133101UP,subslot 0/0 transceiver 5,,
,,SFP,SFP-GE-L,FNS140804XN,subslot 0/1 transceiver 0,,
EQX-MPLS-8300-02,10.44.158.62,Standalone,C8300-2N2S-4T2X,FLM2528110X,,,
,,Module,C8300-2N2S-4T2X,,module 0,,
,,Module,C-NIM-1X,FDO25280CUL,NIM subslot 0/1,,
,,Module,NIM-1MFT-T1/E1,FOC19431F3G,NIM subslot 0/2,,
,,Module,C8300-2N2S-4T2X,,module 1,,
,,Module,C8300-2N2S-4T2X,,module 2,,
,,Module,C8300-2N2S-4T2X,FDO25250DDX,module R0,,
,,Module,C8300-2N2S-4T2X,,module F0,,
,,SFP,SFP-10G-SR,ECL133102N6,subslot 0/0 transceiver 4,,
,,SFP,SFP-10G-SR,ECL133101VJ,subslot 0/0 transceiver 5,,
,,SFP,SFP-GE-L,FNS13290R87,subslot 0/1 transceiver 0,,
HQ-LUMEN-DIA,192.168.255.14,Standalone,C8300-2N2S-4T2X,FLM28291036,,,
,,Module,C8300-2N2S-4T2X,,module 0,,
,,Module,C-NIM-1X,FDO28240955,NIM subslot 0/1,,
,,Module,C8300-2N2S-4T2X,,module 1,,
,,Module,C8300-2N2S-4T2X,,module 2,,
,,Module,C8300-2N2S-4T2X,FDO281618B0,module R0,,
,,Module,C8300-2N2S-4T2X,,module F0,,
,,SFP,SFP-10G-SR,ECL133203K5,subslot 0/0 transceiver 4,,
,,SFP,SFP-10G-LR,ACP26310KFB,subslot 0/0 transceiver 5,,
,,SFP,SFP-10G-SR,ACP271604E0,subslot 0/1 transceiver 0,,
HQ-ATT-DIA,192.168.255.15,Standalone,C8300-2N2S-4T2X,FLM28291037,,,
,,Module,C8300-2N2S-4T2X,,module 0,,
,,Module,C-NIM-1X,FDO2824095D,NIM subslot 0/1,,
,,Module,C8300-2N2S-4T2X,,module 1,,
,,Module,C8300-2N2S-4T2X,,module 2,,
,,Module,C8300-2N2S-4T2X,FDO282409X2,module R0,,
,,Module,C8300-2N2S-4T2X,,module F0,,
,,SFP,SFP-10G-SR,ACP280204LU,subslot 0/0 transceiver 4,,
,,SFP,SFP-GE-L,FNS13280YEX,subslot 0/0 transceiver 5,,
,,SFP,SFP-10G-SR,ACP2802091C,subslot 0/1 transceiver 0,,
