site,hostname,ip_address,position,model,serial_number,port_location,vendor,notes
AZ-Scottsdale-HQ-Corp,MDF-3130-I9-StackA,10.0.255.51,Master,WS-CBS3130X-S-F,FOC1217H0FC,,,
AZ-Scottsdale-HQ-Corp,,,Slave,WS-CBS3130X-S,FOC1414H06C,,,
AZ-Scottsdale-HQ-Corp,,,Slave,WS-CBS3130X-S-F,FOC1445H03L,,,
AZ-Scottsdale-HQ-Corp,,,Module,800-27645-01,FDO12120A23,Switch 1 - Slot 1 - TwinGig Converter Module,,
AZ-Scottsdale-HQ-Corp,,,Module,800-27645-01,FDO12120A7L,Switch 1 - Slot 2 - TwinGig Converter Module,,
AZ-Scottsdale-HQ-Corp,,,Module,800-27645-02,FDO140403PA,Switch 2 - Slot 1 - TwinGig Converter Module,,
AZ-Scottsdale-HQ-Corp,,,Module,800-27645-02,FDO1404072D,Switch 2 - Slot 2 - TwinGig Converter Module,,
AZ-Scottsdale-HQ-Corp,,,Module,800-27645-02,FDO143319D1,Switch 3 - Slot 1 - TwinGig Converter Module,,
AZ-Scottsdale-HQ-Corp,,,Module,800-27645-02,FDO14340B30,Switch 3 - Slot 2 - TwinGig Converter Module,,
AZ-Scottsdale-HQ-Corp,MDF-3130-I9-StackB,10.0.255.52,Master,WS-CBS3130X-S,FOC1934Q01N,,,
AZ-Scottsdale-HQ-Corp,,,Slave,WS-CBS3130X-S-F,FOC1402H02Y,,,
AZ-Scottsdale-HQ-Corp,,,Slave,WS-CBS3130X-S,FOC1934Q012,,,
AZ-Scottsdale-HQ-Corp,,,Module,800-27645-03,FDO18501G0E,Switch 1 - Slot 1 - TwinGig Converter Module,,
AZ-Scottsdale-HQ-Corp,,,Module,800-27645-03,FDO18501G7N,Switch 1 - Slot 2 - TwinGig Converter Module,,
AZ-Scottsdale-HQ-Corp,,,Module,800-27645-02,FDO134708SX,Switch 2 - Slot 1 - TwinGig Converter Module,,
AZ-Scottsdale-HQ-Corp,,,Module,800-27645-02,FDO13430JEY,Switch 2 - Slot 2 - TwinGig Converter Module,,
AZ-Scottsdale-HQ-Corp,,,Module,800-27645-03,FDO18471WB7,Switch 3 - Slot 1 - TwinGig Converter Module,,
AZ-Scottsdale-HQ-Corp,,,Module,800-27645-03,FDO18471WBB,Switch 3 - Slot 2 - TwinGig Converter Module,,
AZ-Scottsdale-HQ-Corp,MDF-3130-O3-ENC1-B,10.0.255.47,Standalone,WS-CBS3130X-S-F,FOC1216H09U,,,
AZ-Scottsdale-HQ-Corp,,,Module,800-27645-02,FDO13180593,Switch 1 - Slot 1 - TwinGig Converter Module,,
AZ-Scottsdale-HQ-Corp,,,Module,800-27645-02,FDO1318067T,Switch 1 - Slot 2 - TwinGig Converter Module,,
AZ-Scottsdale-HQ-Corp,MDF-3130-J9-ENC3-A.trtc,10.0.255.56,Master,WS-CBS3130X-S-F,FOC1518H098,,,
AZ-Scottsdale-HQ-Corp,,,Slave,WS-CBS3130X-S-F,FOC1616H02D,,,
AZ-Scottsdale-HQ-Corp,,,Module,800-27645-02,FDO151512MP,Switch 1 - Slot 1 - TwinGig Converter Module,,
AZ-Scottsdale-HQ-Corp,,,Module,800-27645-02,FDO151615AS,Switch 1 - Slot 2 - TwinGig Converter Module,,
AZ-Scottsdale-HQ-Corp,,,Module,800-27645-02,FDO16020CYM,Switch 2 - Slot 1 - TwinGig Converter Module,,
AZ-Scottsdale-HQ-Corp,,,Module,800-27645-02,FDO16020CWS,Switch 2 - Slot 2 - TwinGig Converter Module,,
AZ-Scottsdale-HQ-Corp,MDF-3130-J9-ENC3-B.trtc,10.0.255.57,Master,WS-CBS3130X-S-F,FOC1518H047,,,
AZ-Scottsdale-HQ-Corp,,,Slave,WS-CBS3130X-S-F,FOC1616H02L,,,
AZ-Scottsdale-HQ-Corp,,,Module,800-27645-02,FDO151615AP,Switch 1 - Slot 1 - TwinGig Converter Module,,
AZ-Scottsdale-HQ-Corp,,,Module,800-27645-02,FDO151614LG,Switch 1 - Slot 2 - TwinGig Converter Module,,
AZ-Scottsdale-HQ-Corp,,,Module,800-27645-02,FDO16020N9T,Switch 2 - Slot 1 - TwinGig Converter Module,,
AZ-Scottsdale-HQ-Corp,,,Module,800-27645-02,FDO16020N8S,Switch 2 - Slot 2 - TwinGig Converter Module,,
AZ-Scottsdale-HQ-Corp,IDF1A-4510.trtc.com,10.0.255.121,Standalone,WS-C4510R+E,FXS1937Q20A,,,
AZ-Scottsdale-HQ-Corp,,,Module,WS-X4748-RJ45V+E,CAT1944L6DD,Linecard(slot 1),,
AZ-Scottsdale-HQ-Corp,,,Module,WS-X4648-RJ45V+E,JAE193901BA,Linecard(slot 2),,
AZ-Scottsdale-HQ-Corp,,,Module,WS-X4648-RJ45V+E,JAE193903GW,Linecard(slot 3),,
AZ-Scottsdale-HQ-Corp,,,Module,WS-X4648-RJ45V+E,JAE19390160,Linecard(slot 4),,
AZ-Scottsdale-HQ-Corp,,,SFP,WS-X45-SUP8-E,CAT1944L38J,Supervisor(slot 5),,
AZ-Scottsdale-HQ-Corp,,,SFP,SFP-10G-SR,JUR18410YL8,TenGigabitEthernet5/1,,
AZ-Scottsdale-HQ-Corp,,,SFP,SFP-10G-SR,FNS17251XE9,TenGigabitEthernet5/3,,
AZ-Scottsdale-HQ-Corp,,,SFP,SFP-10G-SR,JUR184002YT,TenGigabitEthernet6/1,,
AZ-Scottsdale-HQ-Corp,,,SFP,SFP-10G-SR,FNS17251XDJ,TenGigabitEthernet6/3,,
AZ-Scottsdale-HQ-Corp,IDF1B-4510-SW1.trtc.com,10.0.255.123,Standalone,WS-C4510R+E,FXS1937Q21S,,,
AZ-Scottsdale-HQ-Corp,,,Module,WS-X4748-RJ45V+E,CAT1944L0AJ,Linecard(slot 1),,
AZ-Scottsdale-HQ-Corp,,,Module,WS-X4648-RJ45V+E,JAE19390156,Linecard(slot 2),,
AZ-Scottsdale-HQ-Corp,,,Module,WS-X4648-RJ45V+E,JAE193809KY,Linecard(slot 3),,
AZ-Scottsdale-HQ-Corp,,,Module,WS-X4648-RJ45V+E,JAE193809EC,Linecard(slot 4),,
AZ-Scottsdale-HQ-Corp,,,Module,WS-X4648-RJ45V+E,JAE1939017W,Linecard(slot 7),,
AZ-Scottsdale-HQ-Corp,,,Module,WS-X4648-RJ45V+E,JAE1939015R,Linecard(slot 8),,
AZ-Scottsdale-HQ-Corp,,,Module,WS-X4648-RJ45V+E,JAE193901EB,Linecard(slot 9),,
AZ-Scottsdale-HQ-Corp,,,Module,WS-X4748-RJ45V+E,CAT1944L1KU,Linecard(slot 10),,
AZ-Scottsdale-HQ-Corp,,,SFP,WS-X45-SUP8-E,CAT2012L3UB,Supervisor(slot 5),,
AZ-Scottsdale-HQ-Corp,,,SFP,SFP-10G-SR,FNS20230TWN,TenGigabitEthernet5/1,,
AZ-Scottsdale-HQ-Corp,,,SFP,SFP-10G-SR,FNS20230BHT,TenGigabitEthernet5/2,,
AZ-Scottsdale-HQ-Corp,,,SFP,WS-X45-SUP8-E,CAT1944L2Z4,Supervisor(slot 6),,
AZ-Scottsdale-HQ-Corp,,,SFP,SFP-10G-SR,FNS2023060F,TenGigabitEthernet6/1,,
AZ-Scottsdale-HQ-Corp,,,SFP,SFP-10G-SR,FNS20230BJ8,TenGigabitEthernet6/2,,
AZ-Scottsdale-HQ-Corp,IDF1B-4510-SW2.trtc.com,10.0.255.124,Standalone,WS-C4510R+E,FXS2002Q1HM,,,
AZ-Scottsdale-HQ-Corp,,,Module,WS-X4748-RJ45V+E,CAT1950L6QP,Linecard(slot 1),,
AZ-Scottsdale-HQ-Corp,,,Module,WS-X4748-RJ45V+E,CAT1950L6VV,Linecard(slot 2),,
AZ-Scottsdale-HQ-Corp,,,Module,WS-X4748-RJ45V+E,CAT1944L66H,Linecard(slot 3),,
AZ-Scottsdale-HQ-Corp,,,Module,WS-X4648-RJ45V+E,JAE193901FH,Linecard(slot 4),,
AZ-Scottsdale-HQ-Corp,,,SFP,WS-X45-SUP8-E,CAT1944L358,Supervisor(slot 5),,
AZ-Scottsdale-HQ-Corp,,,SFP,SFP-10G-SR,AVD2123AN22,TenGigabitEthernet5/1,,
AZ-Scottsdale-HQ-Corp,,,SFP,SFP-10G-SR,AVD2123AN1R,TenGigabitEthernet5/2,,
AZ-Scottsdale-HQ-Corp,,,SFP,WS-X45-SUP8-E,CAT2023L1L8,Supervisor(slot 6),,
AZ-Scottsdale-HQ-Corp,,,SFP,SFP-10G-SR,AVD2123AG2A,TenGigabitEthernet6/1,,
AZ-Scottsdale-HQ-Corp,,,SFP,SFP-10G-SR,FNS21250ERR,TenGigabitEthernet6/2,,
AZ-Scottsdale-HQ-Corp,IDF1C-9410-SW.trtc.com,10.0.255.61,Standalone,C9410R,FXS2232Q00R,,,
AZ-Scottsdale-HQ-Corp,,,Module,C9400-LC-48P,JAE22310F8W,Slot 1 Linecard,,
AZ-Scottsdale-HQ-Corp,,,Module,C9400-LC-48P,JAE22320JRF,Slot 2 Linecard,,
AZ-Scottsdale-HQ-Corp,,,Module,C9400-LC-48P,JAE22380JCT,Slot 3 Linecard,,
AZ-Scottsdale-HQ-Corp,,,Module,C9400-LC-48P,JAE22380SPT,Slot 4 Linecard,,
AZ-Scottsdale-HQ-Corp,,,Module,C9400-SUP-1XL,JAE223409C3,Slot 5 Supervisor,,
AZ-Scottsdale-HQ-Corp,,,Module,C9400-SUP-1XL,JAE223409DL,Slot 6 Supervisor,,
AZ-Scottsdale-HQ-Corp,,,Module,C9400-LC-48P,JAE22380TBN,Slot 7 Linecard,,
AZ-Scottsdale-HQ-Corp,,,Module,C9400-LC-48P,JAE22380SPS,Slot 8 Linecard,,
AZ-Scottsdale-HQ-Corp,,,Module,C9400-LC-48P,JAE22380SLE,Slot 9 Linecard,,
AZ-Scottsdale-HQ-Corp,,,Module,C9400-LC-48P,JAD2350022B,Slot 10 Linecard,,
AZ-Scottsdale-HQ-Corp,,,SFP,SFP-10G-SR,FNS222205LM,TenGigabitEthernet5/0/1,,
AZ-Scottsdale-HQ-Corp,,,SFP,SFP-10G-SR,FNS22211BPF,TenGigabitEthernet5/0/2,,
AZ-Scottsdale-HQ-Corp,,,SFP,SFP-10G-SR,FNS222205KV,TenGigabitEthernet6/0/1,,
AZ-Scottsdale-HQ-Corp,,,SFP,SFP-10G-SR,SPC141103D9,TenGigabitEthernet6/0/2,,
AZ-Scottsdale-HQ-Corp,IDF2B-9410-SW.trtc.com,10.0.255.125,Standalone,C9410R,FXS2230Q254,,,
AZ-Scottsdale-HQ-Corp,,,Module,C9400-LC-48P,JAE22340958,Slot 1 Linecard,,
AZ-Scottsdale-HQ-Corp,,,Module,C9400-LC-48P,JAE2234096L,Slot 2 Linecard,,
AZ-Scottsdale-HQ-Corp,,,Module,C9400-LC-48P,JAE22380SK8,Slot 3 Linecard,,
AZ-Scottsdale-HQ-Corp,,,Module,C9400-LC-48P,JAE22380TC2,Slot 4 Linecard,,
AZ-Scottsdale-HQ-Corp,,,Module,C9400-SUP-1XL,JAE22320FZP,Slot 5 Supervisor,,
AZ-Scottsdale-HQ-Corp,,,Module,C9400-SUP-1XL,JAE223409FB,Slot 6 Supervisor,,
AZ-Scottsdale-HQ-Corp,,,Module,C9400-LC-48P,JAE22380SKZ,Slot 7 Linecard,,
AZ-Scottsdale-HQ-Corp,,,Module,C9400-LC-48P,JAE22380TBC,Slot 8 Linecard,,
AZ-Scottsdale-HQ-Corp,,,Module,C9400-LC-48P,JAE22380SWG,Slot 9 Linecard,,
AZ-Scottsdale-HQ-Corp,,,Module,C9400-LC-48P,JAE22391H9L,Slot 10 Linecard,,
AZ-Scottsdale-HQ-Corp,,,SFP,SFP-10G-SR,FNS222205KK,TenGigabitEthernet5/0/1,,
AZ-Scottsdale-HQ-Corp,,,SFP,SFP-10G-SR,FNS22211AC5,TenGigabitEthernet5/0/2,,
AZ-Scottsdale-HQ-Corp,,,SFP,SFP-10G-SR,FNS222202WN,TenGigabitEthernet6/0/1,,
AZ-Scottsdale-HQ-Corp,,,SFP,SFP-10G-SR,FNS22211BP1,TenGigabitEthernet6/0/2,,
AZ-Scottsdale-HQ-Corp,IDF2C-9410-SW.trtc.com,10.0.255.62,Standalone,C9410R,FXS2232Q05J,,,
AZ-Scottsdale-HQ-Corp,,,Module,C9400-LC-48P,JAE2234094V,Slot 1 Linecard,,
AZ-Scottsdale-HQ-Corp,,,Module,C9400-LC-48P,JAE22320JPH,Slot 2 Linecard,,
AZ-Scottsdale-HQ-Corp,,,Module,C9400-LC-48P,JAE22391K82,Slot 3 Linecard,,
AZ-Scottsdale-HQ-Corp,,,Module,C9400-LC-48P,JAE22380TBZ,Slot 4 Linecard,,
AZ-Scottsdale-HQ-Corp,,,Module,C9400-SUP-1XL,JAE222906C8,Slot 5 Supervisor,,
AZ-Scottsdale-HQ-Corp,,,Module,C9400-SUP-1XL,JAE223108EB,Slot 6 Supervisor,,
AZ-Scottsdale-HQ-Corp,,,Module,C9400-LC-48P,JAE22380SKF,Slot 7 Linecard,,
AZ-Scottsdale-HQ-Corp,,,SFP,SFP-10G-SR,FNS2222092R,TenGigabitEthernet5/0/1,,
AZ-Scottsdale-HQ-Corp,,,SFP,SFP-10G-SR,FNS222205P0,TenGigabitEthernet5/0/2,,
AZ-Scottsdale-HQ-Corp,,,SFP,SFP-10G-SR,FNS222206FS,TenGigabitEthernet6/0/1,,
AZ-Scottsdale-HQ-Corp,,,SFP,SFP-10G-SR,FNS222205NG,TenGigabitEthernet6/0/2,,
AZ-Scottsdale-HQ-Corp,IDF2A-4510.trtc.com,10.0.255.122,Standalone,WS-C4510R+E,FXS1937Q20J,,,
AZ-Scottsdale-HQ-Corp,,,Module,WS-X4748-RJ45V+E,CAT1943LAMS,Linecard(slot 1),,
AZ-Scottsdale-HQ-Corp,,,Module,WS-X4648-RJ45V+E,JAE1939016A,Linecard(slot 2),,
AZ-Scottsdale-HQ-Corp,,,Module,WS-X4648-RJ45V+E,JAE193903H5,Linecard(slot 3),,
AZ-Scottsdale-HQ-Corp,,,Module,WS-X4648-RJ45V+E,JAE1939015U,Linecard(slot 4),,
AZ-Scottsdale-HQ-Corp,,,Module,WS-X4648-RJ45V+E,JAE1939017X,Linecard(slot 7),,
AZ-Scottsdale-HQ-Corp,,,Module,WS-X4648-RJ45V+E,JAE19390171,Linecard(slot 8),,
AZ-Scottsdale-HQ-Corp,,,Module,WS-X4648-RJ45V+E,JAE193809FA,Linecard(slot 9),,
AZ-Scottsdale-HQ-Corp,,,Module,WS-X4748-RJ45V+E,CAT1944L0JX,Linecard(slot 10),,
AZ-Scottsdale-HQ-Corp,,,SFP,SFP-10G-SR,FNS17251XEG,TenGigabitEthernet5/1,,
AZ-Scottsdale-HQ-Corp,,,SFP,SFP-10G-SR,FNS17251FZ8,TenGigabitEthernet5/3,,
AZ-Scottsdale-HQ-Corp,,,SFP,WS-X45-SUP8-E,CAT1944L33U,Supervisor(slot 6),,
AZ-Scottsdale-HQ-Corp,,,SFP,SFP-10G-SR,FNS20230BJ7,TenGigabitEthernet6/1,,
AZ-Scottsdale-HQ-Corp,,,SFP,SFP-10G-SR,FNS17251XE4,TenGigabitEthernet6/3,,
AZ-Scottsdale-HQ-Corp,cordaso12a,10.0.255.115,Standalone,DCS-7050SX3-48YC8,JPA2314P1VK,,,
AZ-Scottsdale-HQ-Corp,,,SFP,QSFP-40GSR4-AN-L,USW1000001025820,"""""",,
AZ-Scottsdale-HQ-Corp,,,SFP,QSFP-100G-SR4,XMH225102097,"""""",,
AZ-Scottsdale-HQ-Corp,,,SFP,QSFP-100G-SR4,XMH230301157,"""""",,
AZ-Scottsdale-HQ-Corp,cordaso12b,10.0.255.116,Standalone,DCS-7050SX3-48YC8,JPA2314P1SG,,,
AZ-Scottsdale-HQ-Corp,,,SFP,QSFP-40GSR4-AN-L,USW1000001025819,"""""",,
AZ-Scottsdale-HQ-Corp,,,SFP,QSFP-100G-SR4,XMH230301155,"""""",,
AZ-Scottsdale-HQ-Corp,,,SFP,QSFP-100G-SR4,XMH230301166,"""""",,
AZ-Scottsdale-HQ-Corp,cordasq12a,10.0.255.117,Standalone,DCS-7050SX3-48YC8,JPA2314P1S8,,,
AZ-Scottsdale-HQ-Corp,,,SFP,QSFP-40GSR4-AN-L,USW1000001025818,"""""",,
AZ-Scottsdale-HQ-Corp,,,SFP,QSFP-100G-SR4,XMH225100626,"""""",,
AZ-Scottsdale-HQ-Corp,,,SFP,QSFP-100G-SR4,XMH225100604,"""""",,
AZ-Scottsdale-HQ-Corp,cordasq12b,10.0.255.118,Standalone,DCS-7050SX3-48YC8,JMX2319A6E6,,,
AZ-Scottsdale-HQ-Corp,,,SFP,QSFP-40GSR4-AN-L,USW1000001025817,"""""",,
AZ-Scottsdale-HQ-Corp,,,SFP,QSFP-100G-SR4,XMH225100629,"""""",,
AZ-Scottsdale-HQ-Corp,,,SFP,QSFP-100G-SR4,XMH225100614,"""""",,
AZ-Scottsdale-HQ-Corp,HQ-MPLS-R1.dtc_phx.com,10.0.100.106,Standalone,C8300-1N1S-4T2X,FLM274610LT,,,
AZ-Scottsdale-HQ-Corp,,,Module,C8300-1N1S-4T2X,FDO27410DPX,module R0,,
AZ-Scottsdale-HQ-Corp,,,SFP,SFP-GE-L,FNS13290RA9,subslot 0/0 transceiver 4,,
AZ-Scottsdale-HQ-Corp,,,SFP,GLC-SX-MMD,AGA1747RGCF,subslot 0/0 transceiver 5,,
AZ-Scottsdale-HQ-Corp,HQ-7000-01-CORE,10.0.100.194,Standalone,N7K-C7010,TBM13322374,,Cisco,"VDCs: ADMIN, CORE, EDGE, PCI"
AZ-Scottsdale-HQ-Corp,,,Module,N7K-F312FQ-25,JAE191207AK,10/40 Gbps Ethernet Module,,
AZ-Scottsdale-HQ-Corp,,,Module,N7K-SUP2E,JAF1825AQAN,Supervisor Module-2,,
AZ-Scottsdale-HQ-Corp,,,Module,N7K-SUP2E,JAF1827ARNH,Supervisor Module-2,,
AZ-Scottsdale-HQ-Corp,,,Module,N7K-F312FQ-25,JAE184905NJ,10/40 Gbps Ethernet Module,,
AZ-Scottsdale-HQ-Corp,,,Module,N7K-F312FQ-25,JAE182305KD,10/40 Gbps Ethernet Module,,
AZ-Scottsdale-HQ-Corp,,,Module,N7K-F248XP-25E,JAF1827AHFJ,1/10 Gbps Ethernet Module,,
AZ-Scottsdale-HQ-Corp,,,Module,N7K-F248XP-25E,JAF1827AHET,1/10 Gbps Ethernet Module,,
AZ-Scottsdale-HQ-Corp,,,Module,N7K-C7010-FAB-2,JAF1828ANTQ,Fabric card module,,
AZ-Scottsdale-HQ-Corp,,,Module,N7K-C7010-FAB-2,JAF1812ALPP,Fabric card module,,
AZ-Scottsdale-HQ-Corp,,,Module,N7K-C7010-FAB-2,JAF1828ANTN,Fabric card module,,
AZ-Scottsdale-HQ-Corp,,,Module,N7K-C7010-FAB-2,JAF1828ANPG,Fabric card module,,
AZ-Scottsdale-HQ-Corp,,,Module,N7K-C7010-FAB-2,JAF1828ANRL,Fabric card module,,
AZ-Scottsdale-HQ-Corp,,,SFP,QSFP-40G-SR4,AVP2016S0AD,Transceiver(slot:1-port:1),,
AZ-Scottsdale-HQ-Corp,,,SFP,QSFP-40G-SR-BD,AVM1843U629,Transceiver(slot:1-port:2),,
AZ-Scottsdale-HQ-Corp,,,SFP,QSFP-40G-SR4,AVP2017S04R,Transceiver(slot:1-port:3),,
AZ-Scottsdale-HQ-Corp,,,SFP,QSFP-40G-SR4,JFQ2021209A,Transceiver(slot:1-port:5),,
AZ-Scottsdale-HQ-Corp,,,SFP,QSFP-40G-SR4,AVP1939S2PV,Transceiver(slot:1-port:7),,
AZ-Scottsdale-HQ-Corp,,,SFP,QSFP-40G-SR4,AVP1938S242,Transceiver(slot:1-port:9),,
AZ-Scottsdale-HQ-Corp,,,SFP,QSFP-40G-SR4,JFQ202020E6,Transceiver(slot:1-port:11),,
AZ-Scottsdale-HQ-Corp,,,SFP,QSFP-40G-SR-BD,AVM1827S3DX,Transceiver(slot:7-port:1),,
AZ-Scottsdale-HQ-Corp,,,SFP,QSFP-40G-SR-BD,AVM1827S151,Transceiver(slot:7-port:2),,
AZ-Scottsdale-HQ-Corp,,,SFP,QSFP-40G-SR-BD,AVM1827S0Y0,Transceiver(slot:7-port:3),,
AZ-Scottsdale-HQ-Corp,HQ-7000-02-CORE,10.0.100.210,Standalone,N7K-C7010,JAF1429DSFM,,Cisco,"VDCs: ADMIN, CORE, EDGE, PCI"
AZ-Scottsdale-HQ-Corp,,,Module,N7K-F312FQ-25,JAE191207AJ,10/40 Gbps Ethernet Module,,
AZ-Scottsdale-HQ-Corp,,,Module,N7K-SUP2E,JAF1827ARRJ,Supervisor Module-2,,
AZ-Scottsdale-HQ-Corp,,,Module,N7K-SUP2E,JAF1827ASAR,Supervisor Module-2,,
AZ-Scottsdale-HQ-Corp,,,Module,N7K-F312FQ-25,JAE182305LE,10/40 Gbps Ethernet Module,,
AZ-Scottsdale-HQ-Corp,,,Module,N7K-F312FQ-25,JAE182305MB,10/40 Gbps Ethernet Module,,
AZ-Scottsdale-HQ-Corp,,,Module,N7K-F248XP-25E,JAF1827AHDM,1/10 Gbps Ethernet Module,,
AZ-Scottsdale-HQ-Corp,,,Module,N7K-F248XP-25E,JAF1827AHFT,1/10 Gbps Ethernet Module,,
AZ-Scottsdale-HQ-Corp,,,Module,N7K-C7010-FAB-2,JAF1828ANMR,Fabric card module,,
AZ-Scottsdale-HQ-Corp,,,Module,N7K-C7010-FAB-2,JAF1828ANRQ,Fabric card module,,
AZ-Scottsdale-HQ-Corp,,,Module,N7K-C7010-FAB-2,JAF1828ANRM,Fabric card module,,
AZ-Scottsdale-HQ-Corp,,,Module,N7K-C7010-FAB-2,JAF1827ANPS,Fabric card module,,
AZ-Scottsdale-HQ-Corp,,,Module,N7K-C7010-FAB-2,JAF1828ANNG,Fabric card module,,
AZ-Scottsdale-HQ-Corp,,,SFP,QSFP-40G-SR4,JFQ202120BB,Transceiver(slot:1-port:1),,
AZ-Scottsdale-HQ-Corp,,,SFP,QSFP-40G-SR-BD,AVM1843U627,Transceiver(slot:1-port:2),,
AZ-Scottsdale-HQ-Corp,,,SFP,QSFP-40G-SR4,FIW2020004J,Transceiver(slot:1-port:3),,
AZ-Scottsdale-HQ-Corp,,,SFP,QSFP-40G-SR4,JFQ202020KE,Transceiver(slot:1-port:5),,
AZ-Scottsdale-HQ-Corp,,,SFP,QSFP-40G-SR4,JFQ2021205E,Transceiver(slot:1-port:7),,
AZ-Scottsdale-HQ-Corp,,,SFP,QSFP-40G-SR4,AVP1939S3PE,Transceiver(slot:1-port:9),,
AZ-Scottsdale-HQ-Corp,,,SFP,QSFP-40G-SR4,AVP2017S088,Transceiver(slot:1-port:11),,
AZ-Scottsdale-HQ-Corp,,,SFP,QSFP-40G-SR-BD,AVM1821S0EF,Transceiver(slot:7-port:1),,
AZ-Scottsdale-HQ-Corp,,,SFP,QSFP-40G-SR-BD,AVM1821S24Z,Transceiver(slot:7-port:2),,
AZ-Scottsdale-HQ-Corp,,,SFP,QSFP-40G-SR-BD,AVM1821S0EE,Transceiver(slot:7-port:3),,
AZ-Scottsdale-HQ-Corp,MDF-3750-I9-SwA.dtc_phx.com,10.0.255.53,Standalone,WS-C3750G-48TS-S,FOC1435Y2M3,,,
AZ-Scottsdale-HQ-Corp,MDF-3750-I9-SwB.dtc_phx.com,10.0.255.54,Standalone,WS-C3750G-48TS-S,FOC1306W6A0,,,
AZ-Scottsdale-HQ-Corp,MDF-3750-L3.dtc_phx.com,10.0.255.46,Master,WS-C3750G-48TS-E,FOC1044Y017,,,
AZ-Scottsdale-HQ-Corp,,,Slave,WS-C3750G-48TS-S,FOC1435Y2KE,,,
AZ-Scottsdale-HQ-Corp,MDF-3750-Stk-J9.dtc_phx.com,10.0.255.36,Master,WS-C3750G-48TS-S,FOC1107Y3ZW,,,
AZ-Scottsdale-HQ-Corp,,,Slave,WS-C3750G-48TS-S,FOC1107Y40V,,,
AZ-Scottsdale-HQ-Corp,MDF-3750-Stk-M9.dtc_phx.com,10.0.255.39,Master,WS-C3750G-48TS-S,FOC1104Y2RY,,,
AZ-Scottsdale-HQ-Corp,,,Slave,WS-C3750G-48TS-S,FOC1104Y2R4,,,
AZ-Scottsdale-HQ-Corp,MDF-3750-Stk-N9.dtc_phx.com,10.0.255.42,Master,WS-C3750G-48TS-S,FOC1139Y21T,,,
AZ-Scottsdale-HQ-Corp,,,Slave,WS-C3750G-48TS-S,FOC1138Y0A9,,,
AZ-Scottsdale-HQ-Corp,MDF-3750-Stk-O9.dtc_phx.com,10.0.255.43,Master,WS-C3750G-48TS-S,FOC1138Y0A4,,,
AZ-Scottsdale-HQ-Corp,,,Slave,WS-C3750G-48TS-S,FOC1139Y21R,,,
AZ-Scottsdale-HQ-Corp,MDF-3750-Stk-P9.dtc_phx.com,10.0.255.44,Master,WS-C3750G-48TS-S,FOC1139Y225,,,
AZ-Scottsdale-HQ-Corp,,,Slave,WS-C3750G-48TS-S,FOC1138Y0AG,,,
AZ-Scottsdale-HQ-Corp,2960-CX-Series-NOC.dtc_phx.com,10.0.255.10,Standalone,WS-C2960CX-8PC-L,FOC2007W393,,,
AZ-Scottsdale-HQ-Corp,IDF-2C-2960CX-SecCam.dtc_phx.com,10.0.255.9,Standalone,WS-C2960CX-8PC-L,FOC2122Z0XA,,,
AZ-Scottsdale-HQ-Corp,IDFCNF-3750-Stack.dtc_phx.com,10.0.255.66,Master,WS-C3750-48PS-S,FDO1122Z5B9,,,
AZ-Scottsdale-HQ-Corp,,,Slave,WS-C3750-48PS-S,FDO1122Z5DV,,,
AZ-Scottsdale-HQ-Corp,,,SFP,GLC-SX-MMD,FNS111711YU,GigabitEthernet1/0/1,Finisar,
AZ-Scottsdale-HQ-Corp,,,SFP,GLC-SX-MMD,FNS111711YT,GigabitEthernet2/0/1,Finisar,
AZ-Scottsdale-HQ-Corp,IDFHQ-3750-TestLab.trtc.com,10.0.255.84,Standalone,WS-C3750-48PS-S,FDO1122Z5DR,,,
AZ-Scottsdale-HQ-Corp,MDF-3130-O3-ENC1-A,10.0.255.93,Standalone,WS-CBS3130X-S-F,FOC1216H09K,,,
AZ-Scottsdale-HQ-Corp,,,Module,800-27645-02,FDO131905PY,Switch 1 - Slot 1 - TwinGig Converter Module,,
AZ-Scottsdale-HQ-Corp,,,Module,800-27645-02,FDO131908ZG,Switch 1 - Slot 2 - TwinGig Converter Module,,
AZ-Scottsdale-HQ-Corp,svgw1.dtc_phx.com,10.0.99.254,Standalone,CISCO3945-CHASSIS,FTX1714AJPE,,,
AZ-Scottsdale-HQ-Corp,,,Module,C3900-SPE250/K9,FOC171211ZD,Cisco Services Performance Engine 250 for Cisco 3900 ISR on Slot 0,,
AZ-Scottsdale-HQ-Corp,,,Module,PVDM3-64,FOC17114L7M,PVDM3 DSP DIMM with 64 Channels on Slot 0 SubSlot 3,,
AZ-Scottsdale-HQ-Corp,SVHQTOR.DTC_PHX.COM.trtc.com,10.0.100.138,Master,WS-C3750G-48TS-S,FOC1104Y2P4,,,
AZ-Scottsdale-HQ-Corp,,,Slave,WS-C3750G-48TS-S,FOC1107Y42Z,,,
AZ-Scottsdale-HQ-Corp,,,SFP,GLC-T,AGM184749F8,GigabitEthernet1/0/49,Avago,
AZ-Scottsdale-HQ-Corp,,,SFP,GLC-T,AGM184749FA,GigabitEthernet1/0/50,Avago,
AZ-Scottsdale-HQ-Corp,svxcode1.dtc_phx.com,10.0.99.205,Standalone,CISCO3945-CHASSIS,FTX1434A16G,,,
AZ-Scottsdale-HQ-Corp,,,Module,C3900-SPE150/K9,FOC14314JRH,Cisco Services Performance Engine 150 for Cisco 3900 ISR on Slot 0,,
AZ-Scottsdale-HQ-Corp,,,Module,PVDM3-256,FOC17440HKB,PVDM3 DSP DIMM with 256 Channels on Slot 0 SubSlot 4,,
AZ-Scottsdale-HQ-Corp,svxgw1.dtc_phx.com,10.0.99.200,Standalone,CISCO3945-CHASSIS,FTX1434A167,,,
AZ-Scottsdale-HQ-Corp,,,Module,C3900-SPE150/K9,FOC14300S16,Cisco Services Performance Engine 150 for Cisco 3900 ISR on Slot 0,,
AZ-Scottsdale-HQ-Corp,,,Module,PVDM3-64,FOC143221FH,PVDM3 DSP DIMM with 64 Channels on Slot 0 SubSlot 4,,
AZ-Scottsdale-HQ-Corp,svxgw2.dtc_phx.com,10.0.99.201,Standalone,CISCO3945-CHASSIS,FTX1434A168,,,
AZ-Scottsdale-HQ-Corp,,,Module,C3900-SPE150/K9,FOC14304JTQ,Cisco Services Performance Engine 150 for Cisco 3900 ISR on Slot 0,,
AZ-Scottsdale-HQ-Corp,,,Module,PVDM3-64,FOC143220B9,PVDM3 DSP DIMM with 64 Channels on Slot 0 SubSlot 4,,
AZ-Scottsdale-HQ-Corp,TestLab2950-03.trtc.com,10.0.255.76,Standalone,WS-C2950-24,FHK0717W1SE,,,
AZ-Scottsdale-HQ-Corp,HQ-VG350-01,172.16.4.50,Standalone,VG350/K9,FTX1939A0JG,,,
AZ-Scottsdale-HQ-Corp,,,Module,VG350-SPE150/K9,FOC19313XL2,VG350 High Density Analog Gateway on Slot 0,,
AZ-Scottsdale-HQ-Corp,,,Module,PVDM3-256,FOC19337284,PVDM3 DSP DIMM with 256 Channels on Slot 0 SubSlot 4,,
AZ-Scottsdale-HQ-Corp,,,Module,SM-D-48FXS-E,FOC19335U77,High Density Analog Voice Module - 48FXS-E on Slot 2,,
AZ-Scottsdale-HQ-Corp,,,Module,SM-D-48FXS-E,FOC19335U7X,High Density Analog Voice Module - 48FXS-E on Slot 4,,
AZ-Scottsdale-HQ-Corp,IDF-1A-2960X-SecCam.dtc_phx.com,10.0.255.4,Standalone,WS-C2960X-24PS-L,FCW2117B29H,,,
AZ-Scottsdale-HQ-Corp,IDF-1C-2960X-SecCam.dtc_phx.com,10.0.255.6,Standalone,WS-C2960X-24PS-L,FCW2117B29J,,,
AZ-Scottsdale-HQ-Corp,IDF-1B-2960X-SecCam.dtc_phx.com,10.0.255.5,Standalone,WS-C2960X-24PS-L,FCW2117B1BD,,,
AZ-Scottsdale-HQ-Corp,HQ-VG350-02,172.16.4.51,Standalone,VG350/K9,FTX1939A0JH,,,
AZ-Scottsdale-HQ-Corp,,,Module,VG350-SPE150/K9,FOC19313XP6,VG350 High Density Analog Gateway on Slot 0,,
AZ-Scottsdale-HQ-Corp,,,Module,PVDM3-256,FOC19337286,PVDM3 DSP DIMM with 256 Channels on Slot 0 SubSlot 4,,
AZ-Scottsdale-HQ-Corp,,,Module,SM-D-48FXS-E,FOC19335U7M,High Density Analog Voice Module - 48FXS-E on Slot 2,,
AZ-Scottsdale-HQ-Corp,,,Module,SM-D-48FXS-E,FOC19348M9N,High Density Analog Voice Module - 48FXS-E on Slot 4,,
AZ-Scottsdale-HQ-Corp,IDF-2A-2960CX-SecCam.dtc_phx.com,10.0.255.7,Standalone,WS-C2960CX-8PC-L,FOC2122Z0V8,,,
AZ-Scottsdale-HQ-Corp,HQ-56128P-01,10.0.255.111,Parent Switch,N5K-C56128P,FOC2212R0JW,,Cisco,
AZ-Scottsdale-HQ-Corp,,,FEX-105,N2K-C2232PP-10GE,SSI190406MF,Fex-105 Nexus2232PP-10GE Chassis,Cisco,
AZ-Scottsdale-HQ-Corp,,,FEX-106,N2K-C2232PP-10GE,SSI190406PC,Fex-106 Nexus2232PP-10GE Chassis,Cisco,
AZ-Scottsdale-HQ-Corp,,,FEX-107,N2K-C2232PP-10GE,SSI1905004R,Fex-107 Nexus2232PP-10GE Chassis,Cisco,
AZ-Scottsdale-HQ-Corp,,,FEX-108,N2K-C2232PP-10GE,SSI190406YQ,Fex-108 Nexus2232PP-10GE Chassis,Cisco,
AZ-Scottsdale-HQ-Corp,,,FEX-109,N2K-C2232PP-10GE,SSI19040A5V,Fex-109 Nexus2232PP-10GE Chassis,Cisco,
AZ-Scottsdale-HQ-Corp,,,FEX-110,N2K-C2232PP-10GE,SSI19040A5L,Fex-110 Nexus2232PP-10GE Chassis,Cisco,
AZ-Scottsdale-HQ-Corp,,,FEX-111,N2K-C2232PP-10GE,SSI1820046S,Fex-111 Nexus2232PP-10GE Chassis,Cisco,
AZ-Scottsdale-HQ-Corp,,,FEX-112,N2K-C2232PP-10GE,SSI182005WX,Fex-112 Nexus2232PP-10GE Chassis,Cisco,
AZ-Scottsdale-HQ-Corp,,,FEX-113,N2K-C2248TP-1GE,SSI14100CWJ,Fex-113 Nexus2248TP-1GE Chassis,Cisco,
AZ-Scottsdale-HQ-Corp,,,FEX-114,N2K-C2248TP-1GE,SSI141400J5,Fex-114 Nexus2248TP-1GE Chassis,Cisco,
AZ-Scottsdale-HQ-Corp,,,FEX-120,N2K-B22DELL-P,FOC1648R1EL,Fex-120 Nexus2200DELL Chassis,Cisco,
AZ-Scottsdale-HQ-Corp,,,FEX-121,N2K-B22DELL-P,FOC1652R005,Fex-121 Nexus2200DELL Chassis,Cisco,
AZ-Scottsdale-HQ-Corp,,,FEX-122,N2K-B22DELL-P,FOC1646R08H,Fex-122 Nexus2200DELL Chassis,Cisco,
AZ-Scottsdale-HQ-Corp,,,FEX-123,N2K-C2232PP-10GE,SSI182005WW,Fex-123 Nexus2232PP-10GE Chassis,Cisco,
AZ-Scottsdale-HQ-Corp,,,FEX-124,N2K-C2232PP-10GE,SSI182000T9,Fex-124 Nexus2232PP-10GE Chassis,Cisco,
AZ-Scottsdale-HQ-Corp,,,FEX-125,N2K-B22DELL-P,FOC1747R0PN,Fex-125 Nexus2200DELL Chassis,Cisco,
AZ-Scottsdale-HQ-Corp,,,Module,N5K-C56128P,FOC22110X9M,Nexus 56128P Supervisor in Fixed Module-1,,
AZ-Scottsdale-HQ-Corp,,,Module,N2K-C2232PP-10GE,FOC19110T4L,"Fex-105 Fabric Extender Module: 32x10GE, 8x10GE in FixedModule-1",,
AZ-Scottsdale-HQ-Corp,,,Module,N2K-C2232PP-10GE,FOC191071L0,"Fex-106 Fabric Extender Module: 32x10GE, 8x10GE in FixedModule-1",,
AZ-Scottsdale-HQ-Corp,,,Module,N2K-C2232PP-10GE,FOC19106XP6,"Fex-107 Fabric Extender Module: 32x10GE, 8x10GE in FixedModule-1",,
AZ-Scottsdale-HQ-Corp,,,Module,N2K-C2232PP-10GE,FOC19110T51,"Fex-108 Fabric Extender Module: 32x10GE, 8x10GE in FixedModule-1",,
AZ-Scottsdale-HQ-Corp,,,Module,N2K-C2232PP-10GE,FOC19110RYM,"Fex-109 Fabric Extender Module: 32x10GE, 8x10GE in FixedModule-1",,
AZ-Scottsdale-HQ-Corp,,,Module,N2K-C2232PP-10GE,FOC19110RZJ,"Fex-110 Fabric Extender Module: 32x10GE, 8x10GE in FixedModule-1",,
AZ-Scottsdale-HQ-Corp,,,Module,N2K-C2232PP-10GE,FOC18275F2H,"Fex-111 Fabric Extender Module: 32x10GE, 8x10GE in FixedModule-1",,
AZ-Scottsdale-HQ-Corp,,,Module,N2K-C2232PP-10GE,FOC18275F8J,"Fex-112 Fabric Extender Module: 32x10GE, 8x10GE in FixedModule-1",,
AZ-Scottsdale-HQ-Corp,,,Module,N2K-C2248TP-1GE,JAF1416DDHJ,"Fex-113 Fabric Extender Module: 48x1GE, 4x10GE in FixedModule-1",,
AZ-Scottsdale-HQ-Corp,,,Module,N2K-C2248TP-1GE,JAF1416BLLC,"Fex-114 Fabric Extender Module: 48x1GE, 4x10GE in FixedModule-1",,
AZ-Scottsdale-HQ-Corp,,,Module,N2K-B22DELL-P,FOC16470GM1,"Fex-120 Fabric Extender Module: 16x10GE, 8x10GE in FixedModule-1",,
AZ-Scottsdale-HQ-Corp,,,Module,N2K-B22DELL-P,FOC16520U1R,"Fex-121 Fabric Extender Module: 16x10GE, 8x10GE in FixedModule-1",,
AZ-Scottsdale-HQ-Corp,,,Module,N2K-B22DELL-P,FOC16454DF7,"Fex-122 Fabric Extender Module: 16x10GE, 8x10GE in FixedModule-1",,
AZ-Scottsdale-HQ-Corp,,,Module,N2K-C2232PP-10GE,FOC18275F81,"Fex-123 Fabric Extender Module: 32x10GE, 8x10GE in FixedModule-1",,
AZ-Scottsdale-HQ-Corp,,,Module,N2K-C2232PP-10GE,FOC18275F9U,"Fex-124 Fabric Extender Module: 32x10GE, 8x10GE in FixedModule-1",,
AZ-Scottsdale-HQ-Corp,,,Module,N2K-B22DELL-P,FOC174624GD,"Fex-125 Fabric Extender Module: 16x10GE, 8x10GE in FixedModule-1",,
AZ-Scottsdale-HQ-Corp,,,SFP,N56-M24UP2Q,FOC18394S23,24 ports 10GE SFP+ and 2xQSFP ports Ethernet Module,,
AZ-Scottsdale-HQ-Corp,,,SFP,N56-M24UP2Q,FOC20210ELJ,24 ports 10GE SFP+ and 2xQSFP ports Ethernet Module,,
AZ-Scottsdale-HQ-Corp,HQ-56128P-02,10.0.255.112,Parent Switch,N5K-C56128P,FOC1827R16P,,Cisco,
AZ-Scottsdale-HQ-Corp,,,Module,N5K-C56128P,FOC18303653,Nexus 56128P Supervisor in Fixed Module-1,,
AZ-Scottsdale-HQ-Corp,,,SFP,N56-M24UP2Q,FOC182778Q6,24 ports 10GE SFP+ and 2xQSFP ports Ethernet Module,,
AZ-Scottsdale-HQ-Corp,,,SFP,N56-M24UP2Q,FOC183211E5,24 ports 10GE SFP+ and 2xQSFP ports Ethernet Module,,
AZ-Scottsdale-HQ-Corp,AL-7000-02-CORE,10.0.184.20,Standalone,N7K-C7010,TBM13250072,,Cisco,"VDCs: ADMIN, CORE, EDGE, PCI"
AZ-Scottsdale-HQ-Corp,,,Module,N7K-F312FQ-25,JAE191208KU,10/40 Gbps Ethernet Module,,
AZ-Scottsdale-HQ-Corp,,,Module,N7K-SUP2E,JAE1915031M,Supervisor Module-2,,
AZ-Scottsdale-HQ-Corp,,,Module,N7K-SUP2E,JAE1915032L,Supervisor Module-2,,
AZ-Scottsdale-HQ-Corp,,,Module,N7K-F312FQ-25,JAE19100084,10/40 Gbps Ethernet Module,,
AZ-Scottsdale-HQ-Corp,,,Module,N7K-F312FQ-25,JAE191208L7,10/40 Gbps Ethernet Module,,
AZ-Scottsdale-HQ-Corp,,,Module,N7K-F248XP-25E,JAE191509AC,1/10 Gbps Ethernet Module,,
AZ-Scottsdale-HQ-Corp,,,Module,N7K-F248XP-25E,JAE191509D6,1/10 Gbps Ethernet Module,,
AZ-Scottsdale-HQ-Corp,,,Module,N7K-C7010-FAB-2,JAF1903ACEK,Fabric card module,,
AZ-Scottsdale-HQ-Corp,,,Module,N7K-C7010-FAB-2,JAF1903ACGA,Fabric card module,,
AZ-Scottsdale-HQ-Corp,,,Module,N7K-C7010-FAB-2,JAF1903ACKF,Fabric card module,,
AZ-Scottsdale-HQ-Corp,,,Module,N7K-C7010-FAB-2,JAF1903ACFF,Fabric card module,,
AZ-Scottsdale-HQ-Corp,,,Module,N7K-C7010-FAB-2,JAF1903ACFN,Fabric card module,,
AZ-Scottsdale-HQ-Corp,,,SFP,QSFP-40G-SR4,AVP1830S46G,Transceiver(slot:1-port:1),,
AZ-Scottsdale-HQ-Corp,,,SFP,QSFP-40G-SR-BD,AVM1843U62K,Transceiver(slot:1-port:2),,
AZ-Scottsdale-HQ-Corp,,,SFP,QSFP-40G-SR4,AVP1831S0RA,Transceiver(slot:1-port:3),,
AZ-Scottsdale-HQ-Corp,,,SFP,QSFP-40G-SR4,AVP1831S196,Transceiver(slot:1-port:5),,
AZ-Scottsdale-HQ-Corp,,,SFP,QSFP-40G-SR4,AVP1830S1S1,Transceiver(slot:1-port:7),,
AZ-Scottsdale-HQ-Corp,,,SFP,QSFP-40G-SR4,JFQ202020TT,Transceiver(slot:1-port:9),,
AZ-Scottsdale-HQ-Corp,,,SFP,QSFP-40G-SR4,JFQ2021201P,Transceiver(slot:1-port:11),,
AZ-Scottsdale-HQ-Corp,,,SFP,QSFP-40G-SR-BD,AVM1842U5LE,Transceiver(slot:7-port:1),,
AZ-Scottsdale-HQ-Corp,,,SFP,QSFP-40G-SR-BD,AVM1842U5LB,Transceiver(slot:7-port:2),,
AZ-Scottsdale-HQ-Corp,,,SFP,QSFP-40G-SR-BD,AVM1842U5LC,Transceiver(slot:7-port:3),,
AZ-Scottsdale-HQ-Corp,HQ-LUMEN-DIA,192.168.255.14,Standalone,C8300-2N2S-4T2X,FLM28291036,,,
AZ-Scottsdale-HQ-Corp,,,Module,C-NIM-1X,FDO28240955,NIM subslot 0/1,,
AZ-Scottsdale-HQ-Corp,,,Module,C8300-2N2S-4T2X,FDO281618B0,module R0,,
AZ-Scottsdale-HQ-Corp,,,SFP,SFP-10G-SR,ECL133203K5,subslot 0/0 transceiver 4,,
AZ-Scottsdale-HQ-Corp,,,SFP,SFP-10G-LR,ACP26310KFB,subslot 0/0 transceiver 5,,
AZ-Scottsdale-HQ-Corp,,,SFP,SFP-10G-SR,ACP271604E0,subslot 0/1 transceiver 0,,
AZ-Scottsdale-HQ-Corp,HQ-ATT-DIA,192.168.255.15,Standalone,C8300-2N2S-4T2X,FLM28291037,,,
AZ-Scottsdale-HQ-Corp,,,Module,C-NIM-1X,FDO2824095D,NIM subslot 0/1,,
AZ-Scottsdale-HQ-Corp,,,Module,C8300-2N2S-4T2X,FDO282409X2,module R0,,
AZ-Scottsdale-HQ-Corp,,,SFP,SFP-10G-SR,ACP280204LU,subslot 0/0 transceiver 4,,
AZ-Scottsdale-HQ-Corp,,,SFP,SFP-GE-L,FNS13280YEX,subslot 0/0 transceiver 5,,
AZ-Scottsdale-HQ-Corp,,,SFP,SFP-10G-SR,ACP2802091C,subslot 0/1 transceiver 0,,
AZ-Alameda-DC,ALA-3130-Rack3-ENC3-A.dtc_phx.com,10.101.255.120,Standalone,WS-CBS3130X-S,FOC1420H01S,,,
AZ-Alameda-DC,,,Module,800-27645-02,FDO141815M2,Switch 1 - Slot 1 - TwinGig Converter Module,,
AZ-Alameda-DC,,,Module,800-27645-02,FDO14181F25,Switch 1 - Slot 2 - TwinGig Converter Module,,
AZ-Alameda-DC,ALA-3130-Rack3-ENC3-B.dtc_phx.com,10.101.255.121,Standalone,WS-CBS3130X-S,FOC1437H010,,,
AZ-Alameda-DC,,,Module,800-27645-02,FDO14340BUE,Switch 1 - Slot 1 - TwinGig Converter Module,,
AZ-Alameda-DC,,,Module,800-27645-02,FDO14340AJT,Switch 1 - Slot 2 - TwinGig Converter Module,,
AZ-Alameda-DC,AL-3130-R16-ENC1-B.dtc_phx.com,10.101.255.119,Standalone,WS-CBS3130X-S,FOC1420H012,,,
AZ-Alameda-DC,,,Module,800-27645-02,FDO141813Y8,Switch 1 - Slot 1 - TwinGig Converter Module,,
AZ-Alameda-DC,,,Module,800-27645-02,FDO141814P2,Switch 1 - Slot 2 - TwinGig Converter Module,,
AZ-Alameda-DC,AL-3130-R16-Enc1-A.dtc_phx.com,10.101.255.118,Standalone,WS-CBS3130X-S,FOC1437H012,,,
AZ-Alameda-DC,,,Module,800-27645-02,FDO14340A8H,Switch 1 - Slot 1 - TwinGig Converter Module,,
AZ-Alameda-DC,,,Module,800-27645-02,FDO14340AFL,Switch 1 - Slot 2 - TwinGig Converter Module,,
AZ-Alameda-DC,AL-3130-R3-ENC2-B.dtc_phx.com,10.101.255.117,Standalone,WS-CBS3130X-S,FOC1420H01Z,,,
AZ-Alameda-DC,,,Module,800-27645-02,FDO141816DL,Switch 1 - Slot 1 - TwinGig Converter Module,,
AZ-Alameda-DC,,,Module,800-27645-02,FDO141816MQ,Switch 1 - Slot 2 - TwinGig Converter Module,,
AZ-Alameda-DC,AL-3130-R3-ENC2-A.dtc_phx.com,10.101.255.115,Standalone,WS-CBS3130X-S,FOC1420H01R,,,
AZ-Alameda-DC,,,Module,800-27645-02,FDO14181E8Y,Switch 1 - Slot 1 - TwinGig Converter Module,,
AZ-Alameda-DC,,,Module,800-27645-02,FDO141800PJ,Switch 1 - Slot 2 - TwinGig Converter Module,,
AZ-Alameda-DC,Alameda-IDFA-3750-Stack.dtc_phx.com,10.101.255.50,Master,WS-C3750-48PS-S,FDO1239X2T5,,,
AZ-Alameda-DC,,,Slave,WS-C3750-48PS-S,FDO1239X2Q6,,,
AZ-Alameda-DC,,,SFP,GLC-SX-MMD,FNS12410EPW,GigabitEthernet1/0/1,Finisar,
AZ-Alameda-DC,,,SFP,GLC-T,AGM142623D0,GigabitEthernet1/0/3,Avago,
AZ-Alameda-DC,,,SFP,GLC-T,AGM151125MA,GigabitEthernet1/0/4,Avago,
AZ-Alameda-DC,,,SFP,GLC-SX-MMD,AGS084401HZ,GigabitEthernet1/0/2,Avago,
AZ-Alameda-DC,,,SFP,GLC-T,00000MTC13390224,GigabitEthernet2/0/3,,
AZ-Alameda-DC,,,SFP,GLC-T,00000MTC1611071N,GigabitEthernet2/0/4,,
AZ-Alameda-DC,,,SFP,GLC-SX-MMD,AGM1248152A,GigabitEthernet2/0/1,Avago,
AZ-Alameda-DC,,,SFP,GLC-SX-MMD,FNS12410DKJ,GigabitEthernet2/0/2,Finisar,
AZ-Alameda-DC,Alameda-IDFB-3750-Stack.dtc_phx.com,10.101.255.60,Standalone,WS-C3750-48PS-S,CAT0847R1TZ,,,
AZ-Alameda-DC,,,SFP,GLC-SX-MMD,AGS084401JC,GigabitEthernet1/0/1,Avago,
AZ-Alameda-DC,,,SFP,GLC-SX-MMD,FNS0846B2E1,GigabitEthernet1/0/2,Finisar,
AZ-Alameda-DC,Alameda-IDFC-3750-Stack.dtc_phx.com,10.101.255.70,Master,WS-C3750-48PS-S,FDO1239X2T6,,,
AZ-Alameda-DC,,,Slave,WS-C3750-48PS-S,FDO1239X2T0,,,
AZ-Alameda-DC,,,Slave,WS-C3750-48PS-S,FDO1239X2PZ,,,
AZ-Alameda-DC,,,Slave,WS-C3750-48PS-S,FDO1421X2Z7,,,
AZ-Alameda-DC,,,SFP,GLC-SX-MMD,FNS12410ENQ,GigabitEthernet1/0/1,Finisar,
AZ-Alameda-DC,,,SFP,GLC-SX-MMD,FNS111711YV,GigabitEthernet1/0/3,Finisar,
AZ-Alameda-DC,,,SFP,GLC-SX-MMD,AGM12491920,GigabitEthernet2/0/1,Avago,
AZ-Alameda-DC,,,SFP,GLC-SX-MMD,FNS111711YX,GigabitEthernet2/0/3,Finisar,
AZ-Alameda-DC,,,SFP,GLC-SX-MMD,FNS111711H1,GigabitEthernet2/0/4,Finisar,
AZ-Alameda-DC,,,SFP,GLC-SX-MMD,FNS12420JKG,GigabitEthernet3/0/1,Finisar,
AZ-Alameda-DC,Alameda-IDFD-3750-Stack.dtc_phx.com,10.101.255.80,Standalone,WS-C3750-48PS-S,FDO1239X2TA,,,
AZ-Alameda-DC,,,SFP,GLC-SX-MMD,FNS12370NSR,GigabitEthernet1/0/1,Finisar,
AZ-Alameda-DC,,,SFP,GLC-SX-MMD,FNS14141W1R,GigabitEthernet1/0/2,Finisar,
AZ-Alameda-DC,Alameda-IDFE-3750-Stack.dtc_phx.com,10.101.255.90,Master,WS-C3750V2-48PS-S,FDO1738Y16S,,,
AZ-Alameda-DC,,,Slave,WS-C3750V2-48PS-S,FDO1738Y19V,,,
AZ-Alameda-DC,,,Slave,WS-C3750V2-48PS-S,FDO1738Y02E,,,
AZ-Alameda-DC,,,SFP,GLC-SX-MMD,FNS12410EP2,GigabitEthernet1/0/1,Finisar,
AZ-Alameda-DC,,,SFP,GLC-SX-MMD,FNS111711YP,GigabitEthernet1/0/2,Finisar,
AZ-Alameda-DC,,,SFP,GLC-SX-MMD,AGM140616AD,GigabitEthernet3/0/1,Avago,
AZ-Alameda-DC,,,SFP,SFP-GE-S,FNS132700J1,GigabitEthernet3/0/2,,
AZ-Alameda-DC,aladasa06a,10.101.255.35,Standalone,DCS-7050SX3-48YC8,JPA2314P1UM,,,
AZ-Alameda-DC,,,SFP,QSFP-40GSR4-AN-L,USW1000001025821,"""""",,
AZ-Alameda-DC,,,SFP,QSFP-100G-SR4,XMH225102086,"""""",,
AZ-Alameda-DC,,,SFP,QSFP-100G-SR4,XMH225102081,"""""",,
AZ-Alameda-DC,aladasa06b,10.101.255.36,Standalone,DCS-7050SX3-48YC8,JPA2313P3HE,,,
AZ-Alameda-DC,,,SFP,QSFP-40GSR4-AN-L,USW1000001025822,"""""",,
AZ-Alameda-DC,,,SFP,QSFP-100G-SR4,XMH225102083,"""""",,
AZ-Alameda-DC,,,SFP,QSFP-100G-SR4,XMH225102104,"""""",,
AZ-Alameda-DC,aladasa08a,10.101.255.37,Standalone,DCS-7050SX3-48YC8,JPA2314P1V5,,,
AZ-Alameda-DC,,,SFP,QSFP-40GSR4-AN-L,USW1000001025816,"""""",,
AZ-Alameda-DC,,,SFP,QSFP-100G-SR4,XMH225102282,"""""",,
AZ-Alameda-DC,,,SFP,QSFP-100G-SR4,XMH224400686,"""""",,
AZ-Alameda-DC,aladasa08b,10.101.255.38,Standalone,DCS-7050SX3-48YC8,JPA2314P1V7,,,
AZ-Alameda-DC,,,SFP,QSFP-40GSR4-AN-L,USW1000001025815,"""""",,
AZ-Alameda-DC,,,SFP,QSFP-100G-SR4,XMH225000098,"""""",,
AZ-Alameda-DC,,,SFP,QSFP-100G-SR4,XMH224401066,"""""",,
AZ-Alameda-DC,AL-MPLS-R1.dtc_phx.com,10.101.100.106,Standalone,C8300-1N1S-4T2X,FLM274610LV,,,
AZ-Alameda-DC,,,Module,C8300-1N1S-4T2X,,module 0,,
AZ-Alameda-DC,,,Module,C8300-1N1S-4T2X,FDO27410DQF,module R0,,
AZ-Alameda-DC,,,SFP,SFP-GE-L,FNS140708XX,subslot 0/0 transceiver 4,,
AZ-Alameda-DC,,,SFP,SFP-GE-S,FNS132701M6,subslot 0/0 transceiver 5,,
AZ-Alameda-DC,Alameda-Rack3-3750-Stack,10.101.255.101,Master,WS-C3750G-48TS-S,FOC1306W6AH,,,
AZ-Alameda-DC,,,Slave,WS-C3750G-48TS-S,FOC1250W6L0,,,
AZ-Alameda-DC,Alameda-Rack4-3750-Stack.dtc_phx.com,10.101.255.102,Standalone,WS-C3750G-48TS-S,FOC1306W4BG,,,
AZ-Alameda-DC,,,SFP,GLC-SX-MMD,AGM1249191S,GigabitEthernet2/0/49,Avago,
AZ-Alameda-DC,AL-Rack2-2960-01.dtc_phx.com,10.101.255.29,Standalone,WS-C2960-48TT-L,FOC1324V4A3,,,
AZ-Alameda-DC,Alameda-Rack5-3750-Stack.dtc_phx.com,10.101.255.105,Standalone,WS-C3750G-48TS-E,FOC1050Y671,,,
AZ-Alameda-DC,Alameda-Rack4-3750-A.dtc_phx.com,10.101.255.103,Standalone,WS-C3750G-48TS-S,FOC1411Y8FB,,,
AZ-Alameda-DC,,,SFP,GLC-T,AGM184749GG,GigabitEthernet1/0/49,Avago,
AZ-Alameda-DC,,,SFP,GLC-T,AGM184749GK,GigabitEthernet1/0/50,Avago,
AZ-Alameda-DC,,,SFP,GLC-T,AGM182927AC,GigabitEthernet1/0/51,Avago,
AZ-Alameda-DC,,,SFP,GLC-T,AGM1829272J,GigabitEthernet1/0/52,Avago,
AZ-Alameda-DC,Alameda-IDFA-VG224,10.101.14.21,Standalone,VG224,FHK1242F1UG,,,
AZ-Alameda-DC,Alameda-IDFB-VG224.trtc.com,10.101.14.22,Standalone,VG224,FHK1335F2S8,,,
AZ-Alameda-DC,Alameda-IDFC-VG224,10.101.14.23,Standalone,VG224,FHK1242F1UF,,,
AZ-Alameda-DC,Alameda-IDFD-VG224,10.101.14.24,Standalone,VG224,FHK1242F1UH,,,
AZ-Alameda-DC,Alameda-IDFE-VG224,10.101.14.25,Standalone,VG224,FHK1242F1UJ,,,
AZ-Alameda-DC,Alameda-MDF-VG224,10.101.14.26,Standalone,VG224,FGL1449104B,,,
AZ-Alameda-DC,Asset-SW8-2960.trtc.com,10.101.108.17,Standalone,WS-C2960S-48TS-S,FOC1717W5HQ,,,
AZ-Alameda-DC,,,SFP,GLC-T,00000MTC1611073T,GigabitEthernet0/49,,
AZ-Alameda-DC,,,SFP,GLC-T,AGM151125MY,GigabitEthernet0/50,Avago,
AZ-Alameda-DC,CFG_03_SW.trtc.com,10.101.255.124,Standalone,WS-C2960S-24TS-S,FOC1621W5PW,,,
AZ-Alameda-DC,,,SFP,GLC-T,AGM151522WP,GigabitEthernet0/25,Avago,
AZ-Alameda-DC,CFG_04_SW.dtc_phx.com,10.101.108.21,Standalone,WS-C3750G-48TS-S,FOC1230Y0RB,,,
AZ-Alameda-DC,,,SFP,GLC-T,AGM201541ER,GigabitEthernet1/0/49,Avago,
AZ-Alameda-DC,,,SFP,GLC-SX-MMD,FNS15501ENR,GigabitEthernet1/0/50,Finisar,
AZ-Alameda-DC,IDF-A-2960X-SecCam.dtc_phx.com,10.101.255.10,Standalone,WS-C2960X-24PS-L,FOC2117S06X,,,
AZ-Alameda-DC,IDF-B-2960X-SecCam.dtc_phx.com,10.101.255.11,Standalone,WS-C2960X-24PS-L,FCW2117B2BR,,,
AZ-Alameda-DC,IDF-C-2960X-SecCam.dtc_phx.com,10.101.255.12,Standalone,WS-C2960X-24PS-L,FCW2117B2B7,,,
AZ-Alameda-DC,IDF-D-2960CX-SecCam.dtc_phx.com,10.101.255.13,Standalone,WS-C2960CX-8PC-L,FOC2122Z0VF,,,
AZ-Alameda-DC,IDF-E-2960CX-SecCam.dtc_phx.com,10.101.255.14,Standalone,WS-C2960CX-8PC-L,FOC2121Z5BM,,,
AZ-Alameda-DC,SVALTOR,10.101.100.138,Master,WS-C3750G-24TS-S1U,FOC1417Y1BH,,,
AZ-Alameda-DC,,,Slave,WS-C3750G-24TS-S1U,FOC1414Z66M,,,
AZ-Alameda-DC,svgw3.dtc_phx.com,10.101.99.254,Standalone,CISCO3945-CHASSIS,FTX1714AJPG,,,
AZ-Alameda-DC,,,Module,C3900-SPE250/K9,FOC1712123E,Cisco Services Performance Engine 250 for Cisco 3900 ISR on Slot 0,,
AZ-Alameda-DC,,,Module,PVDM3-64,FOC17114L7Z,PVDM3 DSP DIMM with 64 Channels on Slot 0 SubSlot 3,,
AZ-Alameda-DC,svxcode2.dtc_phx.com,10.101.99.205,Standalone,CISCO3945-CHASSIS,FTX1431AKK8,,,
AZ-Alameda-DC,,,Module,C3900-SPE150/K9,FOC14304JQL,Cisco Services Performance Engine 150 for Cisco 3900 ISR on Slot 0,,
AZ-Alameda-DC,,,Module,PVDM3-256,FOC17440HHQ,PVDM3 DSP DIMM with 256 Channels on Slot 0 SubSlot 4,,
AZ-Alameda-DC,svxgw3.dtc_phx.com,10.101.99.200,Standalone,CISCO3945-CHASSIS,FTX1434A166,,,
AZ-Alameda-DC,,,Module,C3900-SPE150/K9,FOC14304KEK,Cisco Services Performance Engine 150 for Cisco 3900 ISR on Slot 0,,
AZ-Alameda-DC,,,Module,PVDM3-64,FOC143221FG,PVDM3 DSP DIMM with 64 Channels on Slot 0 SubSlot 4,,
AZ-Alameda-DC,svxgw4.dtc_phx.com,10.101.99.201,Standalone,CISCO3945-CHASSIS,FTX1434A169,,,
AZ-Alameda-DC,,,Module,C3900-SPE150/K9,FOC14300RQW,Cisco Services Performance Engine 150 for Cisco 3900 ISR on Slot 0,,
AZ-Alameda-DC,,,Module,PVDM3-64,FOC16347YRK,PVDM3 DSP DIMM with 64 Channels on Slot 0 SubSlot 4,,
AZ-Alameda-DC,AL-5000-01,10.101.145.125,Parent Switch,N5K-C5010P-BF,SSI14120T8P,,Cisco,
AZ-Alameda-DC,,,FEX-105,N2K-C2248TP-1GE,SSI141109BL,Fex-105 Nexus2248 Chassis,Cisco,
AZ-Alameda-DC,,,FEX-106,N2K-C2248TP-1GE,SSI141302GP,Fex-106 Nexus2248 Chassis,Cisco,
AZ-Alameda-DC,,,Module,N2K-C2248TP-1GE,JAF1415CKKF,"Fex-105 Fabric Extender Module: 48x1GE, 4x10GE in FixedModule-1",,
AZ-Alameda-DC,,,Module,N2K-C2248TP-1GE,JAF1416BLFJ,"Fex-106 Fabric Extender Module: 48x1GE, 4x10GE in FixedModule-1",,
AZ-Alameda-DC,,,SFP,N5K-C5010P-BF,JAF1417AFMD,20 port 10GE SFP+/Supervisor in Fixed Module-1,,
AZ-Alameda-DC,AL-5000-02,10.101.145.126,Parent Switch,N5K-C5010P-BF,SSI14150MJB,,Cisco,
AZ-Alameda-DC,,,SFP,N5K-C5010P-BF,JAF1417DCKR,20 port 10GE SFP+/Supervisor in Fixed Module-1,,
AZ-Alameda-DC,AL-7000-01-CORE,10.101.255.244,Standalone,N7K-C7010,TBM13205522,,Cisco,"VDCs: ADMIN, CORE, EDGE, PCI"
AZ-Alameda-DC,,,Module,N7K-F312FQ-25,JAE191207AL,10/40 Gbps Ethernet Module,,
AZ-Alameda-DC,,,Module,N7K-SUP2E,JAE19150EWX,Supervisor Module-2,,
AZ-Alameda-DC,,,Module,N7K-SUP2E,JAE1914000P,Supervisor Module-2,,
AZ-Alameda-DC,,,Module,N7K-F312FQ-25,JAE191208KP,10/40 Gbps Ethernet Module,,
AZ-Alameda-DC,,,Module,N7K-F312FQ-25,JAE19100085,10/40 Gbps Ethernet Module,,
AZ-Alameda-DC,,,Module,N7K-F248XP-25E,JAE1915099A,1/10 Gbps Ethernet Module,,
AZ-Alameda-DC,,,Module,N7K-F248XP-25E,JAE191509BS,1/10 Gbps Ethernet Module,,
AZ-Alameda-DC,,,Module,N7K-C7010-FAB-2,JAF1903ACJP,Fabric card module,,
AZ-Alameda-DC,,,Module,N7K-C7010-FAB-2,JAF1903ACJH,Fabric card module,,
AZ-Alameda-DC,,,Module,N7K-C7010-FAB-2,JAF1903ACNF,Fabric card module,,
AZ-Alameda-DC,,,Module,N7K-C7010-FAB-2,JAF1903ACKC,Fabric card module,,
AZ-Alameda-DC,,,Module,N7K-C7010-FAB-2,JAF1903ACPD,Fabric card module,,
AZ-Alameda-DC,,,SFP,QSFP-40G-SR4,JFQ202020FW,Transceiver(slot:1-port:1),,
AZ-Alameda-DC,,,SFP,QSFP-40G-SR-BD,AVM1843U62H,Transceiver(slot:1-port:2),,
AZ-Alameda-DC,,,SFP,QSFP-40G-SR4,AVP2018S0CC,Transceiver(slot:1-port:3),,
AZ-Alameda-DC,,,SFP,QSFP-40G-SR4,JFQ202020QX,Transceiver(slot:1-port:5),,
AZ-Alameda-DC,,,SFP,QSFP-40G-SR4,JFQ202120B3,Transceiver(slot:1-port:7),,
AZ-Alameda-DC,,,SFP,QSFP-40G-SR4,JFQ2017208S,Transceiver(slot:1-port:9),,
AZ-Alameda-DC,,,SFP,QSFP-40G-SR4,JFQ2021203P,Transceiver(slot:1-port:11),,
AZ-Alameda-DC,,,SFP,QSFP-40G-SR-BD,AVM1842U6C6,Transceiver(slot:7-port:1),,
AZ-Alameda-DC,,,SFP,QSFP-40G-SR-BD,AVM1842U5VL,Transceiver(slot:7-port:2),,
AZ-Alameda-DC,,,SFP,QSFP-40G-SR-BD,AVM1842U5VY,Transceiver(slot:7-port:3),,
Equinix-Seattle,EQX-EXT-93180-01,10.44.158.11,Standalone,N9K-C93180YC-FX-24,FDO25240WAU,,,
Equinix-Seattle,,,SFP,SFP-10G-SR,ECL1411047R,Transceiver(slot:1-port:1),,
Equinix-Seattle,,,SFP,SFP-10G-SR,ECL133104WM,Transceiver(slot:1-port:2),,
Equinix-Seattle,,,SFP,SFP-10G-SR,ECL133102NV,Transceiver(slot:1-port:3),,
Equinix-Seattle,,,SFP,SFP-10G-SR,ECL1412005J,Transceiver(slot:1-port:4),,
Equinix-Seattle,,,SFP,QSFP-100G-AOC5M,DTS2508C418-B,Transceiver(slot:1-port:49),,
Equinix-Seattle,,,SFP,QSFP-100G-AOC5M,DTS2508C415-B,Transceiver(slot:1-port:50),,
Equinix-Seattle,EQX-EXT-93180-02,10.44.158.12,Standalone,N9K-C93180YC-FX-24,FDO25240WAV,,,
Equinix-Seattle,,,SFP,SFP-10G-SR,ECL1411047W,Transceiver(slot:1-port:1),,
Equinix-Seattle,,,SFP,SFP-10G-SR,ECL133102PH,Transceiver(slot:1-port:2),,
Equinix-Seattle,,,SFP,SFP-10G-SR,ECL133102R1,Transceiver(slot:1-port:3),,
Equinix-Seattle,,,SFP,SFP-10G-SR,ECL133101PY,Transceiver(slot:1-port:4),,
Equinix-Seattle,,,SFP,QSFP-100G-AOC5M,DTS2508C418-A,Transceiver(slot:1-port:49),,
Equinix-Seattle,,,SFP,QSFP-100G-AOC5M,DTS2508C415-A,Transceiver(slot:1-port:50),,
Equinix-Seattle,EQX-INT-93180-01,10.44.158.21,Standalone,N9K-C93180YC-FX-24,FDO25240WCG,,,
Equinix-Seattle,,,SFP,SFP-10G-SR,ECL133100KY,Transceiver(slot:1-port:1),,
Equinix-Seattle,,,SFP,SFP-10G-SR,SPC141103C1,Transceiver(slot:1-port:2),,
Equinix-Seattle,,,SFP,SFP-10G-SR,SPC141103MK,Transceiver(slot:1-port:3),,
Equinix-Seattle,,,SFP,SFP-10G-SR,ECL133102QT,Transceiver(slot:1-port:4),,
Equinix-Seattle,,,SFP,SFP-10G-SR,SPC141101U5,Transceiver(slot:1-port:5),,
Equinix-Seattle,,,SFP,SFP-10G-SR,SPC141103D8,Transceiver(slot:1-port:6),,
Equinix-Seattle,,,SFP,SFP-10G-SR,ECL1331020J,Transceiver(slot:1-port:7),,
Equinix-Seattle,,,SFP,SFP-10G-SR,JUR19130ZRC,Transceiver(slot:1-port:8),,
Equinix-Seattle,,,SFP,SFP-10G-SR,SPC14110344,Transceiver(slot:1-port:9),,
Equinix-Seattle,,,SFP,SFP-10G-SR,JUR191310JJ,Transceiver(slot:1-port:10),,
Equinix-Seattle,EQX-INT-93180-02,10.44.158.22,Standalone,N9K-C93180YC-FX-24,FDO25240WBE,,,
Equinix-Seattle,,,SFP,SFP-10G-SR,ECL141104J4,Transceiver(slot:1-port:1),,
Equinix-Seattle,,,SFP,SFP-10G-SR,ECL141104JG,Transceiver(slot:1-port:2),,
Equinix-Seattle,,,SFP,SFP-10G-SR,ECL133101ZT,Transceiver(slot:1-port:3),,
Equinix-Seattle,,,SFP,SFP-10G-SR,SPC141103EF,Transceiver(slot:1-port:4),,
Equinix-Seattle,,,SFP,SFP-10G-SR,ECL1412005H,Transceiver(slot:1-port:5),,
Equinix-Seattle,,,SFP,SFP-10G-SR,ECL133102N3,Transceiver(slot:1-port:6),,
Equinix-Seattle,,,SFP,SFP-10G-SR,ECL133102NC,Transceiver(slot:1-port:7),,
Equinix-Seattle,,,SFP,SFP-10G-SR,ECL1330037G,Transceiver(slot:1-port:8),,
Equinix-Seattle,,,SFP,SFP-10G-SR,ECL133102SS,Transceiver(slot:1-port:9),,
Equinix-Seattle,,,SFP,SFP-10G-SR,SPC141101UB,Transceiver(slot:1-port:10),,
Equinix-Seattle,EQX-CldTrst-8500-01,10.44.158.41,Standalone,C8500-12X,TTM251909CU,,,
Equinix-Seattle,,,Module,C8500-12X,JAE25230UM7,module R0,,
Equinix-Seattle,,,SFP,12xSFP+,JAE12345678,SPA subslot 0/0,,
Equinix-Seattle,,,SFP,SFP-10G-SR,ECL133102SU,subslot 0/0 transceiver 0,,
Equinix-Seattle,,,SFP,SFP-10G-SR,ECL133101VH,subslot 0/0 transceiver 1,,
Equinix-Seattle,,,SFP,SFP-10G-SR,ECL141104EJ,subslot 0/0 transceiver 2,,
Equinix-Seattle,,,SFP,SFP-10G-SR,ECL1412010X,subslot 0/0 transceiver 3,,
Equinix-Seattle,,,SFP,SFP-10G-LR,FNS16260CQA,subslot 0/0 transceiver 10,,
Equinix-Seattle,,,SFP,SFP-10G-LR,FNS161209Z0,subslot 0/0 transceiver 11,,
Equinix-Seattle,EQX-CldTrst-8500-02,10.44.158.42,Standalone,C8500-12X,TTM251909E9,,,
Equinix-Seattle,,,Module,C8500-12X,JAE25230UM5,module R0,,
Equinix-Seattle,,,SFP,SFP-10G-SR,ECL133102LL,subslot 0/0 transceiver 0,,
Equinix-Seattle,,,SFP,SFP-10G-SR,AGD133430T4,subslot 0/0 transceiver 1,,
Equinix-Seattle,,,SFP,SFP-10G-SR,ECL133102LP,subslot 0/0 transceiver 2,,
Equinix-Seattle,,,SFP,SFP-10G-SR,ECL133102LV,subslot 0/0 transceiver 3,,
Equinix-Seattle,,,SFP,SFP-10G-LR,FNS23090Z73,subslot 0/0 transceiver 10,,
Equinix-Seattle,,,SFP,SFP-10G-LR,FNS1610116S,subslot 0/0 transceiver 11,,
Equinix-Seattle,EQX-EdgeDIA-8300-01,10.44.158.51,Standalone,C8300-2N2S-4T2X,FLM2528110Y,,,
Equinix-Seattle,,,Module,C-NIM-1X,FDO2523055D,NIM subslot 0/1,,
Equinix-Seattle,,,Module,C8300-2N2S-4T2X,FDO25250DEH,module R0,,
Equinix-Seattle,,,SFP,SFP-10G-SR,ECL1330037X,subslot 0/0 transceiver 4,,
Equinix-Seattle,,,SFP,SFP-10G-SR,FNS25080DNP,subslot 0/0 transceiver 5,,
Equinix-Seattle,,,SFP,SFP-10G-LR,FNS161209BC,subslot 0/1 transceiver 0,,
Equinix-Seattle,EQX-EdgeDIA-8300-02,10.44.158.52,Standalone,C8300-2N2S-4T2X,FLM252911Q5,,,
Equinix-Seattle,,,Module,C-NIM-1X,FDO25280CUV,NIM subslot 0/1,,
Equinix-Seattle,,,Module,C8300-2N2S-4T2X,FDO2522110J,module R0,,
Equinix-Seattle,,,SFP,SFP-10G-SR,ECL133102S6,subslot 0/0 transceiver 4,,
Equinix-Seattle,,,SFP,SFP-10G-SR,ECL133100KB,subslot 0/0 transceiver 5,,
Equinix-Seattle,,,SFP,SFP-10G-LR,FNS161209U2,subslot 0/1 transceiver 0,,
Equinix-Seattle,EQX-MPLS-8300-01,10.44.158.61,Standalone,C8300-2N2S-4T2X,FLM2528110Z,,,
Equinix-Seattle,,,Module,C-NIM-1X,FDO2523054G,NIM subslot 0/1,,
Equinix-Seattle,,,Module,NIM-1MFT-T1/E1,FOC19416A4L,NIM subslot 0/2,,
Equinix-Seattle,,,Module,C8300-2N2S-4T2X,FDO25250DD8,module R0,,
Equinix-Seattle,,,SFP,SFP-10G-SR,ECL133101NZ,subslot 0/0 transceiver 4,,
Equinix-Seattle,,,SFP,SFP-10G-SR,ECL133101UP,subslot 0/0 transceiver 5,,
Equinix-Seattle,,,SFP,SFP-GE-L,FNS140804XN,subslot 0/1 transceiver 0,,
Equinix-Seattle,EQX-MPLS-8300-02,10.44.158.62,Standalone,C8300-2N2S-4T2X,FLM2528110X,,,
Equinix-Seattle,,,Module,C-NIM-1X,FDO25280CUL,NIM subslot 0/1,,
Equinix-Seattle,,,Module,NIM-1MFT-T1/E1,FOC19431F3G,NIM subslot 0/2,,
Equinix-Seattle,,,Module,C8300-2N2S-4T2X,FDO25250DDX,module R0,,
Equinix-Seattle,,,SFP,SFP-10G-SR,ECL133102N6,subslot 0/0 transceiver 4,,
Equinix-Seattle,,,SFP,SFP-10G-SR,ECL133101VJ,subslot 0/0 transceiver 5,,
Equinix-Seattle,,,SFP,SFP-GE-L,FNS13290R87,subslot 0/1 transceiver 0,,
AZ-Desert-Ridge,Floater-2960-48-QA2.dtc_phx.com,10.41.3.33,Standalone,WS-C2960-48TT-L,FCQ1547X3A6,,,
