Site Name,Site ID,Circuit Purpose,DSR Provider,ARIN Provider,Match Status,Match Score,DSR Speed,DSR Cost,Meraki Notes (Parsed),WAN1 Notes Provider,WAN1 Notes Speed,WAN2 Notes Provider,WAN2 Notes Speed,DSR IP,Matched WAN Port,WAN1 IP,WAN1 ARIN Provider,WAN2 IP,WAN2 ARIN Provider
ALS 02,ALS 02-B,Secondary,Brightspeed,CenturyLink,No Match,29,300.0M x 300.0M,$995.00,WAN 1 | C Spire | 1G x 1G | WAN 2 | Brightspeed | 300M x 300M,C Spire,1000.0M x 1000.0M,Brightspeed,300.0M x 300.0M,64.159.249.182,WAN2,50.86.27.54,C Spire Fiber,64.159.249.182,CenturyLink
ARL 06,ARL 06 - B,Secondary,Brightspeed,CenturyLink,No Match,29,100.0M x 100.0M,$666.00,WAN 1 | Brightspeed | 100.0M x 100.0M | WAN 2 | Altice West | 300.0M x 30.0M,Brightspeed,100.0M x 100.0M,Altice West,300.0M x 30.0M,65.57.63.26,WAN1,65.57.63.26,CenturyLink,74.194.6.150,Optimum
AZF 01,AZF 01,Primary,CenturyLink Fiber Plus ,Cox Communications,No Match,45,500.0M x 500.0M,$529.00,WAN 1 | DSR CLink Fiber | 500.0M x 500.0M | WAN 2 | Unknown,CLink Fiber,500.0M x 500.0M,Unknown,,72.166.76.98,WAN1,72.166.76.98,Cox Communications,107.84.140.146,AT&T
AZF 02,AZF 02 -B,Secondary,Lightpath ,Optimum,No Match,36,300.0M x 300.0M,$435.00,WAN 1 | Altice West | 500.0M x 50.0M | WAN 2 | Lightpath | 300.0M x 300.0M,Altice West,500.0M x 50.0M,Lightpath,300.0M x 300.0M,207.192.240.178,WAN1,207.192.240.178,Optimum,24.121.190.245,Optimum
AZN 03,AZN 03,Primary,Sparklight,"Cable One, Inc.",No Match,30,300.0M x 30.0M,$248.75,WAN 1 | Sparklight | 300.0M x 30.0M | WAN 2 | Digi | Cell,Sparklight,300.0M x 30.0M,Digi Cell,,67.60.206.6,WAN1,67.60.206.6,"Cable One, Inc.",166.180.159.139,Verizon
AZN 05,AZN 05,Primary,TransWorld,FAIRNET LLC,No Match,33,500.0M x 500.0M,$300.00,WAN 1 | TransWorld | 500.0M x 500.0M | WAN 2 | VZW Cell | Cell,TransWorld,500.0M x 500.0M,VZW Cell Cell,,69.171.123.138,WAN1,69.171.123.138,FAIRNET LLC,166.253.101.74,Verizon
AZN 06,AZN 06,Primary,Sparklight,"Cable One, Inc.",No Match,30,300.0M x 30.0M,$224.29,WAN 1 | Sparklight | 300.0M x 30.0M | WAN 2 | Verizon Business,Sparklight,300.0M x 30.0M,Verizon Business,,159.118.232.190,WAN1,159.118.232.190,"Cable One, Inc.",166.248.7.248,Verizon
AZP 00,AZP000,Primary,Cox Business/BOI,,No Match,0,500.0M x 35.0M,$387.24,,,,,,174.71.173.226,Unknown,,,,
AZP 09,AZP 09- B,Secondary,EB2-Lumen DSL,CenturyLink,No Match,33,100.0M x 10.0M,$128.00,WAN 1 | Cox Business BOI | 300.0M x 30.0M | WAN 2 | EB2-Lumen DSL | 100.0M x 10.0M,Cox Business BOI,300.0M x 30.0M,EB2-Lumen DSL,100.0M x 10.0M,67.40.64.233,WAN2,24.250.98.131,Cox Communications,67.40.64.233,CenturyLink
AZP 22,AZP 22- B,Secondary,EB2-Centurylink DSL,"Ocotillo Technologies, Inc.",No Match,40,100.0M x 10.0M,$128.00,WAN 1 | Cox Business/BOI | 300.0M x 30.0M | WAN 2 | EB2-Centurylink DSL | 100.0M x 10.0M,Cox Business BOI,300.0M x 30.0M,EB2-Centurylink DSL,100.0M x 10.0M,65.103.195.225,WAN2,70.177.10.244,Cox Communications,65.103.195.225,"Ocotillo Technologies, Inc."
AZP 29,AZP 29- B,Secondary,EB2-Lumen DSL,CenturyLink,No Match,33,140.0M x 20.0M,$151.00,WAN 1 | Cox Business/BOI | 300.0M x 30.0M | WAN 2 | EB2-Lumen DSL | 140.0M x 20.0M,Cox Business BOI,300.0M x 30.0M,EB2-Lumen DSL,140.0M x 20.0M,67.40.65.73,WAN2,184.187.210.108,Cox Communications,67.40.65.73,CenturyLink
AZP 36,AZP 36,Primary,Wyyerd Fiber,"SpaceX Services, Inc.",No Match,33,2000.0M x 2000.0M,$750.00,WAN 1 | Wyyerd Fiber | 2000.0M x 2000.0M | WAN 2 | Starlink | Satellite,Wyyerd Fiber,2000.0M x 2000.0M,Starlink Satellite,,NaN,Unknown,38.77.163.7,ZONA COMMUNICATIONS,143.105.158.113,"SpaceX Services, Inc."
AZT 12,AZT 12,Secondary,Lumen Qwest,Cox Communications,No Match,31,100.0M x 10.0M,$139.99,WAN 1 | Cox Business BOI | 300.0M x 30.0M | WAN 2 | Lumen Qwest | 100.0M x 10.0M,Cox Business BOI,300.0M x 30.0M,Lumen Qwest,100.0M x 10.0M,63.227.80.161,Unknown,98.164.141.100,Cox Communications,63.227.80.166,Micro Import Service
AZT 13,AZT 13,Secondary,GTT/ESA2 ADSL,CenturyLink,No Match,19,60.0M x 5.0M,$192.56,WAN 1 | Cox Business BOI | 300.0M x 30.0M | WAN 2 | GTT ESA2 ADSL | 60.0M x 5.0M,Cox Business BOI,300.0M x 30.0M,GTT ESA2 ADSL,60.0M x 5.0M,67.41.31.9,WAN2,68.98.221.146,Cox Communications,67.41.31.9,CenturyLink
AZY 02,AZY 02- B,Secondary,Allo Communications,Customer Static IP Range at YUM02,No Match,36,1000.0M x 1000.0M,$264.00,WAN 1 | Allo Communications | 1000.0M x 1000.0M | WAN 2 | Spectrum | 750.0M x 35.0M,Allo Communications,1000.0M x 1000.0M,Spectrum,750.0M x 35.0M,170.64.15.200,WAN1,170.64.15.200,Customer Static IP Range at YUM02,76.79.115.26,Charter Communications
CAL000,CAL000,Primary,Frontier FIOS,,No Match,0,500.0M x 500.0M,$59.99,,,,,,47.180.93.139,Unknown,,,,
CAL000,CAL000 -B,Secondary,Spectrum,,No Match,0,750.0M x 35.0M,$172.23,,,,,,98.152.193.10,Unknown,,,,
CAL 03,CAL 03,Primary,GTT Ethernet,Frontier Communications,No Match,35,200.0M x 200.0M,$177.66,WAN 1 | GTT Ethernet | 200.0M x 200.0M | WAN 2 | AT&T Cell | Cell,GTT Ethernet,200.0M x 200.0M,AT&T Cell Cell,,47.180.197.231,WAN1,47.180.197.231,Frontier Communications,107.84.131.50,AT&T
CAL 14,CAL 14,Primary,One Ring Networks,"Skyriver Communications, Inc.",No Match,42,300.0M x 30.0M,$950.00,WAN 1 | DSR One Ring Networks | Fixed Wireless | | 20.0M x 5.0M | WAN 2 | Digi | Cell,One Ring Networks | Fixed Wireless |,20.0M x 5.0M,Digi Cell,,72.34.90.78,WAN1,72.34.90.78,"Skyriver Communications, Inc.",166.184.134.74,AT&T
CAL 29,,Primary,Frontier,Verizon,No Match,55,500.0M x 500.0M,$830.00,WAN 1 | Frontier | 500.0M x 500.0M | WAN 2 | VZW Cell | Cell,Frontier,500.0M x 500.0M,VZW Cell Cell,,,Unknown,12.3.118.66,AT&T,166.154.40.59,Verizon
CAL 47,CAL 47,Primary,One Ring Networks ,"Skyriver Communications, Inc.",No Match,42,300.0M x 30.0M,$950.00,WAN 1 | EB2-Frontier Fiber | 500.0M x 500.0M | WAN 2 | One Ring Networks | 300.0M x 30.0M,EB2-Frontier Fiber,500.0M x 500.0M,One Ring Networks,300.0M x 30.0M,72.34.92.210,WAN2,47.181.223.18,Frontier Communications,72.34.92.210,"Skyriver Communications, Inc."
CALW01,CALW01,Primary,EB2-Frontier Fiber,,No Match,0,1000.0M x 1000.0M,$339.00,,,,,,47.178.4.124,Unknown,,,,
CAN00,CAN00,Primary,Comcast Workplace,,No Match,0,300.0M x 30.0M,$186.18,,,,,,96.81.183.205,Unknown,,,,
CAN00,CAN00 -B,Secondary,AT&T Broadband II,,No Match,0,300.0M x 300.0M,$105.01,,,,,,108.86.147.217,Unknown,,,,
CAN 22,CAN 22,Primary,Vista Broadband,Comcast,No Match,36,15.0M x 15.0M,$250.00,WAN 1 | Comcast Workplace | 500.0M x 30.0M | WAN 2 | AT&T Broadband II | 300.0M x 300.0M,Comcast Workplace,500.0M x 30.0M,AT&T Broadband II,300.0M x 300.0M,206.176.254.42,Unknown,50.213.15.41,Comcast,99.87.250.177,AT&T
CAN 35,CAN 35- B,Secondary,Comcast,AT&T,No Match,57,1000.0M x 1000.0M,$165.01,WAN 1 | AT&T Broadband II | 1000.0M x 1000.0M | WAN 2 | Comcast | 300.0M x 35.0M,AT&T Broadband II,1000.0M x 1000.0M,Comcast,300.0M x 35.0M,99.156.67.249,WAN1,99.156.67.249,AT&T,50.255.225.209,Comcast
CAO 03,CAO 03,Primary,GTT Ethernet,Frontier Communications,No Match,35,200.0M x 200.0M,$177.66,WAN 1 | EB2-Frontier Fiber | 500.0M x 500.0M | WAN 2 | GTT Ethernet | 200.0M x 200.0M,EB2-Frontier Fiber,500.0M x 500.0M,GTT Ethernet,200.0M x 200.0M,47.180.218.74,WAN2,47.181.255.152,Frontier Communications,47.180.218.74,Frontier Communications
CAS00,CAS00,Primary,Cox Business/BOI,,No Match,0,300.0M x 30.0M,$266.67,,,,,,98.178.226.110,Unknown,,,,
CAS00,CAS00 -B,Secondary,AT&T Broadband II,,No Match,0,300.0M x 300.0M,$105.01,,,,,,76.210.250.113,Unknown,,,,
CAS 13,CAS 13,Primary,Cox Business/BOI,,No Match,0,300.0M x 30.0M,$266.67,,,,,,174.67.169.247,Unknown,,,,
CAS 13,CAS 13 -B,Secondary,AT&T Broadband II,,No Match,0,1000.0M x 1000.0M,$165.01,,,,,,104.185.80.233,Unknown,,,,
CAS 24,CAS 24,Primary,Spectrum,VERMONT PARK PLAZA,No Match,50,750.0M x 35.0M,$172.23,WAN 1 | Spectrum | 750.0M x 35.0M | WAN 2 | AT&T Broadband II | 300.0M x 300.0M,Spectrum,750.0M x 35.0M,AT&T Broadband II,300.0M x 300.0M,173.198.38.138,WAN1,173.198.38.138,VERMONT PARK PLAZA,104.13.227.217,AT&T
CAS 39,CAS 39,Primary,Spectrum,VERMONT PARK PLAZA,No Match,50,750.0M x 35.0M,$172.23,WAN 1 | Spectrum | 750.0M x 35.0M | WAN 2 | AT&T Broadband II | 300.0M x 300.0M,Spectrum,750.0M x 35.0M,AT&T Broadband II,300.0M x 300.0M,173.198.38.142,WAN1,173.198.38.142,VERMONT PARK PLAZA,104.190.2.81,AT&T
CAS 50,CAS 50,Primary,GTT Ethernet,Frontier Communications,No Match,35,200.0M x 200.0M,$177.66,WAN 1 | EB2-Frontier Fiber | 500.0M x 500.0M | WAN 2 | GTT Ethernet | 200.0M x 200.0M,EB2-Frontier Fiber,500.0M x 500.0M,GTT Ethernet,200.0M x 200.0M,47.180.196.75,WAN2,47.181.172.127,Frontier Communications,47.180.196.75,Frontier Communications
COD00,COD00,Primary,Comcast Workplace,,No Match,0,600.0M x 35.0M,$234.45,,,,,,173.164.63.45,Unknown,,,,
COD 06,COD 06,Primary,Lumen,CenturyLink,No Match,50,100.0M x 10.0M,$139.99,WAN 1 | CenturyLink | 100.0M x 10.0M | WAN 2 | Unknown,CenturyLink,100.0M x 10.0M,Unknown,,63.231.93.145,WAN1,63.231.93.145,CenturyLink,107.80.169.157,AT&T
COD 23,COD 23- B,Secondary,EB2-Lumen DSL,CenturyLink,No Match,33,100.0M x 10.0M,$128.00,WAN 1 | Comcast | 300.0M x 35.0M | WAN 2 | EB2-Lumen DSL | 100.0M x 10.0M,Comcast,300.0M x 35.0M,EB2-Lumen DSL,100.0M x 10.0M,67.40.43.129,WAN2,50.209.236.229,Comcast,67.40.43.129,CenturyLink
COD 26,COD 26- B,Secondary,EB2-Centurylink DSL,Western Disposal,No Match,36,80.0M x 10.0M,$128.00,WAN 1 | Comcast Workplace | 750.0M x 35.0M | WAN 2 | EB2-Centurylink DSL | 80.0M x 10.0M,Comcast Workplace,750.0M x 35.0M,EB2-Centurylink DSL,80.0M x 10.0M,63.229.239.225,WAN2,96.66.88.141,Comcast,63.229.239.225,Western Disposal
COD 28,COD 28,Primary,Comcast Workplace,WYATT CREATIVE,No Match,44,1200.0M x 35.0M,$282.23,WAN 1 | Comcast Workplace | 1000.0M x 35.0M | WAN 2 | AT&T | 20.0M x 20.0M,Comcast Workplace,1000.0M x 35.0M,AT&T,20.0M x 20.0M,50.194.145.129,WAN1,50.194.145.129,WYATT CREATIVE,12.109.239.26,AT&T
COD 34,COD 34,Primary,Lumen/Qwest,CenturyLink,No Match,40,100.0M x 10.0M,$149.99,WAN 1 | CenturyLink | 100.0M x 10.0M | WAN 2 | VZW Cell | Cell,CenturyLink,100.0M x 10.0M,VZW Cell Cell,,65.103.115.121,WAN1,65.103.115.121,CenturyLink,166.253.101.127,Verizon
COD 41,,Primary,Lumen,Level 3 Parent,No Match,57,300.0M x 300.0M,$1145.00,WAN 1 | Lumen | 300.0M x 300.0M | WAN 2 | Verizon Business,Lumen,300.0M x 300.0M,Verizon Business,,,Unknown,65.56.84.242,Level 3 Parent,166.156.147.159,Verizon
COG 02,COG 02,Primary,Comcast Workplace,,No Match,0,750.0M x 35.0M,$234.45,,,,,,50.198.210.201,Unknown,,,,
COG 02,COG 02- B,Secondary,Community Broadband Network,,No Match,0,100.0M x 100.0M,$105.00,,,,,,74.114.7.176,Unknown,,,,
CON 03,CON 03- B,Secondary,FORT COLLINS CONNEXION,AT&T,No Match,25,500.0M x 500.0M,$199.95,WAN 1 | FORT COLLINS CONNEXION | 500.0M x 500.0M | WAN 2 | Comcast Workplace | 500.0M x 30.0M,FORT COLLINS CONNEXION,500.0M x 500.0M,Comcast Workplace,500.0M x 30.0M,198.99.82.203,WAN1,198.99.82.203,AT&T,70.89.171.149,Comcast
FLJ 00,FLJ 00,Primary,Comcast Workplace,,No Match,0,300.0M x 30.0M,$175.56,,,,,,96.76.16.49,Unknown,,,,
FLJ 00,FLJ 00 -B,Secondary,AT&T Broadband II,,No Match,0,300.0M x 300.0M,$105.01,,,,,,99.27.27.113,Unknown,,,,
FLJ 09,FLJ 09,Primary,Comcast Workplace,Cisco Test,No Match,47,300.0M x 30.0M,$175.56,WAN 1 | AT&T Broadband II | 300.0M x 300.0M | WAN 2 | Comcast Workplace | 300.0M x 30.0M,AT&T Broadband II,300.0M x 300.0M,Comcast Workplace,300.0M x 30.0M,173.8.36.41,WAN2,99.27.29.17,AT&T,173.8.36.41,Cisco Test
FLP 03,FLP 03,Primary,Mediacom/BOI,AT&T,No Match,25,300.0M x 20.0M,$244.69,WAN 1 | AT&T Broadband II | 300.0M x 300.0M | WAN 2 | 300.0M x 20.0M,AT&T Broadband II,300.0M x 300.0M,,300.0M x 20.0M,72.255.76.90,Unknown,104.61.207.4,AT&T,,
GAA 00,GAA 00,Primary,AT&T Broadband II,,No Match,0,1000.0M x 1000.0M,$165.01,,,,,,64.109.201.225,Unknown,,,,
GAA 00,GAA 00 -B,Secondary,Comcast Workplace,,No Match,0,750.0M x 35.0M,$234.45,,,,,,173.15.209.109,Unknown,,,,
GAA 10,GAA 10- B,Secondary,Comcast,AT&T,No Match,57,1000.0M x 1000.0M,$165.01,WAN 1 | AT&T Broadband II | 1000.0M x 1000.0M | WAN 2 | Comcast | 300.0M x 30.0M,AT&T Broadband II,1000.0M x 1000.0M,Comcast,300.0M x 30.0M,162.195.253.1,WAN1,162.195.253.1,AT&T,96.77.85.21,Comcast
GAA 12,GAA 12- B,Secondary,Comcast,AT&T,No Match,57,1000.0M x 1000.0M,$165.01,WAN 1 | AT&T Broadband II | 1000.0M x 1000.0M | WAN 2 | Comcast | 300.0M x 35.0M,AT&T Broadband II,1000.0M x 1000.0M,Comcast,300.0M x 35.0M,104.188.254.185,WAN1,104.188.254.185,AT&T,96.73.252.173,Comcast
GAA 13,GAA 13- B,Secondary,Comcast,AT&T,No Match,57,1000.0M x 1000.0M,$165.01,WAN 1 | AT&T Broadband II | 1000.0M x 1000.0M | WAN 2 | Comcast | 300.0M x 30.0M,AT&T Broadband II,1000.0M x 1000.0M,Comcast,300.0M x 30.0M,76.216.69.1,WAN1,76.216.69.1,AT&T,96.77.71.133,Comcast
GAA 15,GAA 15- B,Secondary,Comcast,AT&T,No Match,57,1000.0M x 1000.0M,$165.01,WAN 1 | AT&T Broadband II | 1000.0M x 1000.0M | WAN 2 | Comcast | 300.0M x 35.0M,AT&T Broadband II,1000.0M x 1000.0M,Comcast,300.0M x 35.0M,162.205.233.145,WAN1,162.205.233.145,AT&T,96.77.64.1,Comcast
GAA 18,GAA 18- B,Secondary,Comcast,AT&T,No Match,57,1000.0M x 1000.0M,$165.01,WAN 1 | AT&T Broadband II | 1000.0M x 1000.0M | WAN 2 | Comcast | 300.0M x 35.0M,AT&T Broadband II,1000.0M x 1000.0M,Comcast,300.0M x 35.0M,107.130.210.65,WAN1,107.130.210.65,AT&T,96.73.223.85,"Comcast Cable Communications, LLC"
GAA 21,GAA 21- B,Secondary,"Comcast Cable Communications, LLC",AT&T,No Match,50,1000.0M x 1000.0M,$165.01,"WAN 1 | AT&T Broadband II | 1000.0M x 1000.0M | WAN 2 | Comcast Cable Communications, LLC",AT&T Broadband II,1000.0M x 1000.0M,Comcast Cable Communications LLC,,108.209.103.225,WAN1,108.209.103.225,AT&T,96.73.249.37,Comcast
GAA 27,GAA 27- B,Secondary,Comcast,AT&T,No Match,57,1000.0M x 1000.0M,$165.01,WAN 1 | AT&T Broadband II | 1000.0M x 1000.0M | WAN 2 | Comcast,AT&T Broadband II,1000.0M x 1000.0M,Comcast,,162.235.50.185,WAN1,162.235.50.185,AT&T,96.67.122.225,Comcast
GAA 30,GAA 30- B,Secondary,Comcast,AT&T,No Match,57,1000.0M x 1000.0M,$165.01,WAN 1 | AT&T Broadband II | 1000.0M x 1000.0M | WAN 2 | Comcast | 300.0M x 35.0M,AT&T Broadband II,1000.0M x 1000.0M,Comcast,300.0M x 35.0M,107.216.87.73,WAN1,107.216.87.73,AT&T,96.73.252.169,Comcast
GAACALLCTR,GAACALLCTR,Primary,Spectrum,,No Match,0,750.0M x 35.0M,$244.45,,,,,,47.46.162.82,Unknown,,,,
GAACALLCTR,GAACALLCTR -B,Secondary,AT&T Broadband II,,No Match,0,300.0M x 300.0M,$105.01,,,,,,104.184.151.49,Unknown,,,,
IAC 01,IAC 01- B,Secondary,EB2-Lumen DSL,Mediacom Communications Corporation,No Match,36,140.0M x 20.0M,$151.00,WAN 1 | Mediacom Communications Corporation | 1000.0M x 30.0M | WAN 2 | EB2-Lumen DSL | 140.0M x 20.0M,Mediacom Communications Corporation,1000.0M x 30.0M,EB2-Lumen DSL,140.0M x 20.0M,63.228.164.113,Unknown,45.59.13.82,Mediacom Communications Corporation,63.152.70.173,CenturyLink
IAQ 02,IAQ 02 -B,Secondary,MetroNet,DVNPIAAAG03 public /32 pools,No Match,18,300.0M x 300.0M,$129.95,WAN 1 | Mediacom Communications Corporation | 1000.0M x 30.0M | WAN 2 | MetroNet | 300.0M x 300.0M,Mediacom Communications Corporation,1000.0M x 30.0M,MetroNet,300.0M x 300.0M,195.252.226.122,WAN2,72.255.79.154,Mediacom Communications Corporation,195.252.226.122,DVNPIAAAG03 public /32 pools
IAS 01,IAS 01,Primary,Sparklight,"CABLE ONE, INC.",No Match,30,300.0M x 30.0M,$248.75,WAN 1 | MetroNet | 1000.0M x 1000.0M | WAN 2 | Sparklight | 300.0M x 30.0M,MetroNet,1000.0M x 1000.0M,Sparklight,300.0M x 30.0M,24.119.182.98,WAN2,149.154.3.162,Metronet,24.119.182.98,"CABLE ONE, INC."
ILC00,ILC00,Primary,Comcast Workplace,,No Match,0,300.0M x 30.0M,$175.56,,,,,,96.74.249.185,Unknown,,,,
ILC00,ILC00 -B,Secondary,AT&T Broadband II,,No Match,0,300.0M x 300.0M,$105.01,,,,,,107.209.6.145,Unknown,,,,
ILC 01,ILC 01- B,Secondary,Comcast,AT&T,No Match,57,1000.0M x 1000.0M,$165.01,WAN 1 | AT&T Broadband II | 1000.0M x 1000.0M | WAN 2 | Comcast | 300.0M x 35.0M,AT&T Broadband II,1000.0M x 1000.0M,Comcast,300.0M x 35.0M,104.12.155.57,WAN1,104.12.155.57,AT&T,96.74.211.233,Comcast
ILC 06,ILC 06- B,Secondary,Comcast,AT&T,No Match,57,1000.0M x 1000.0M,$165.01,WAN 1 | AT&T Broadband II | 1000.0M x 1000.0M | WAN 2 | Comcast | 300.0M x 35.0M,AT&T Broadband II,1000.0M x 1000.0M,Comcast,300.0M x 35.0M,108.91.15.137,WAN1,108.91.15.137,AT&T,74.94.114.85,Comcast
ILC 15,ILC 15- B,Secondary,Comcast,AT&T,No Match,57,1000.0M x 1000.0M,$165.01,WAN 1 | AT&T Broadband II | 1000.0M x 1000.0M | WAN 2 | Comcast,AT&T Broadband II,1000.0M x 1000.0M,Comcast,,172.125.39.129,WAN1,172.125.39.129,AT&T,96.74.202.21,Comcast
ILC 18,ILC 18- B,Secondary,Comcast,AT&T,No Match,57,1000.0M x 1000.0M,$165.01,WAN 1 | AT&T Broadband II | 1000.0M x 1000.0M | WAN 2 | Comcast | 300.0M x 35.0M,AT&T Broadband II,1000.0M x 1000.0M,Comcast,300.0M x 35.0M,107.200.191.1,WAN1,107.200.191.1,AT&T,96.74.204.97,Comcast
ILC 19,ILC 19- B,Secondary,Comcast,AT&T,No Match,57,1000.0M x 1000.0M,$165.01,WAN 1 | AT&T Broadband II | 1000.0M x 1000.0M | WAN 2 | Comcast | 300.0M x 35.0M,AT&T Broadband II,1000.0M x 1000.0M,Comcast,300.0M x 35.0M,162.229.147.233,WAN1,162.229.147.233,AT&T,96.74.149.133,Comcast
ILC 29,ILC 29- B,Secondary,Comcast,AT&T,No Match,57,1000.0M x 1000.0M,$165.01,WAN 1 | AT&T Broadband II | 1000.0M x 1000.0M | WAN 2 | Comcast | 300.0M x 35.0M,AT&T Broadband II,1000.0M x 1000.0M,Comcast,300.0M x 35.0M,107.223.63.169,WAN1,107.223.63.169,AT&T,75.149.203.125,Comcast
ILC 31,ILC 31- B,Secondary,Comcast Workplace,345200 DUNKIN DONUTS,No Match,22,750.0M x 35.0M,$234.45,WAN 1 | Comcast Workplace | 750.0M x 35.0M | WAN 2 | Starlink | Satellite,Comcast Workplace,750.0M x 35.0M,Starlink Satellite,,50.194.121.125,WAN1,50.194.121.125,345200 DUNKIN DONUTS,143.105.12.49,"SpaceX Services, Inc."
ILR01,ILR01,Primary,Comcast Workplace,,No Match,0,750.0M x 35.0M,$234.45,,,,,,74.94.116.73,Unknown,,,,
ILX 01,ILX 01,Primary,Comcast Workplace,,No Match,0,300.0M x 30.0M,$186.18,,,,,,173.165.103.213,Unknown,,,,
INE 01,INE 01,Primary,Astound,RCN,No Match,40,500.0M x 20.0M,$89.95,WAN 1 | Astound | 500.0M x 20.0M | WAN 2 | AT&T Broadband II | 300.0M x 300.0M,Astound,500.0M x 20.0M,AT&T Broadband II,300.0M x 300.0M,207.180.180.10,WAN1,207.180.180.10,RCN,107.192.163.33,AT&T
INF 04,INF 04,Primary,GTT Ethernet,Frontier Communications,No Match,35,200.0M x 200.0M,$177.66,WAN 1 | GTT Ethernet | 200.0M x 200.0M | WAN 2 | EB2-Frontier Fiber | 500.0M x 500.0M,GTT Ethernet,200.0M x 200.0M,EB2-Frontier Fiber,500.0M x 500.0M,50.102.128.2,Unknown,50.102.128.90,Frontier Communications,184.18.167.18,Frontier Communications
INI_00,,Primary,DSR Cincinnati Bell ADSL,Altafiber,No Match,57,400.0M x 200.0M,,WAN 1 | DSR Cincinnati Bell ADSL | 400.0M x 200.0M | WAN 2 | Charter Communications | 600.0M x 35.0M,Cincinnati Bell ADSL,400.0M x 200.0M,Charter Communications,600.0M x 35.0M,,Unknown,66.42.186.206,Altafiber,71.66.89.90,Charter Communications
INIW00,INIW00,Primary,Comcast Workplace,,No Match,0,300.0M x 30.0M,$186.18,,,,,,50.195.198.237,Unknown,,,,
INIW00,INIW00 -B,Secondary,AT&T Broadband II,,No Match,0,300.0M x 300.0M,$105.01,,,,,,99.33.34.9,Unknown,,,,
INW 01,INW 01- B,Secondary,Comcast,AT&T,No Match,57,1000.0M x 1000.0M,$165.01,WAN 1 | AT&T Broadband II | 1000.0M x 1000.0M | WAN 2 | Comcast | 300.0M x 35.0M,AT&T Broadband II,1000.0M x 1000.0M,Comcast,300.0M x 35.0M,99.39.182.185,WAN1,99.39.182.185,AT&T,96.74.215.229,Comcast
KONFARA,KONFARA,Primary,Cox Business/BOI,,No Match,0,500.0M x 35.0M,$342.23,,,,,,70.175.22.38,Unknown,,,,
KSK00N,KSK00N,Primary,Spectrum,,No Match,0,750.0M x 35.0M,$207.45,,,,,,150.220.245.70,Unknown,,,,
KSK00N,KSK00N -B,Secondary,AT&T Broadband II,,No Match,0,300.0M x 300.0M,$105.01,,,,,,76.201.157.129,Unknown,,,,
KSK 01,KSK 01- B,Secondary,Comcast,AT&T,No Match,57,1000.0M x 1000.0M,$165.01,WAN 1 | AT&T Broadband II | 1000.0M x 1000.0M | WAN 2 | Comcast | 300.0M x 35.0M,AT&T Broadband II,1000.0M x 1000.0M,Comcast,300.0M x 35.0M,104.5.151.241,WAN1,104.5.151.241,AT&T,96.73.43.217,Comcast
KYN 00,KYN 00,Primary,Cincinnati Bell,,No Match,0,400.0M x 200.0M,$84.99,,,,,,66.42.186.206,Unknown,,,,
KYN 00,KYN 00 -B,Secondary,Spectrum,,No Match,0,750.0M x 35.0M,$172.23,,,,,,71.66.89.90,Unknown,,,,
LAB 01,LAB 01 -B,Secondary,REV Business,IBM Cloud,No Match,27,100.0M x 100.0M,$100.00,WAN1: Cox Business/BOI 300.0M x 30.0M | WAN2: REV Business 100.0M x 100.0M,Cox Business BOI,300.0M x 30.0M,REV Business,100.0M x 100.0M,209.124.218.134,WAN2,68.96.156.235,Cox Communications,209.124.218.134,IBM Cloud
LAS 02,LAS 02,Primary,Altice West,Suddenlink Communications,No Match,47,500.0M x 50.0M,$222.23,WAN 1 | Altice West | 500.0M x 50.0M | WAN 2 | AT&T Broadband II | 300.0M x 300.0M,Altice West,500.0M x 50.0M,AT&T Broadband II,300.0M x 300.0M,66.76.161.89,WAN1,66.76.161.89,Suddenlink Communications,104.49.235.169,AT&T
MIA00,MIA00,Primary,Comcast Workplace,,No Match,0,750.0M x 35.0M,$234.45,,,,,,50.252.88.137,Unknown,,,,
MIA 17,MIA 17- B,Secondary,Comcast,"D&P Communications, Inc.",No Match,57,1000.0M x 500.0M,$280.00,WAN 1 | D & P Communications | 1000.0M x 500.0M | WAN 2 | Comcast,D & P Communications,1000.0M x 500.0M,Comcast,,63.143.19.230,WAN1,63.143.19.230,"D&P Communications, Inc.",173.13.30.249,Comcast
MID 05,MID 05- B,Secondary,Comcast,AT&T,No Match,57,1000.0M x 1000.0M,$165.01,WAN 1 | AT&T Broadband II | 1000.0M x 1000.0M | WAN 2 | Comcast | 300.0M x 25.0M,AT&T Broadband II,1000.0M x 1000.0M,Comcast,300.0M x 25.0M,108.85.101.97,WAN1,108.85.101.97,AT&T,96.80.239.129,Comcast
MID 07,MID 07- B,Secondary,Comcast,AT&T,No Match,57,1000.0M x 1000.0M,$165.01,WAN 1 | AT&T Broadband II | 1000.0M x 1000.0M | WAN 2 | Comcast | 300.0M x 35.0M,AT&T Broadband II,1000.0M x 1000.0M,Comcast,300.0M x 35.0M,108.224.190.33,WAN1,108.224.190.33,AT&T,75.145.237.101,Comcast
MID 09,MID 09- B,Secondary,Comcast,AT&T,No Match,57,1000.0M x 1000.0M,$165.01,WAN 1 | AT&T Broadband II | 1000.0M x 1000.0M | WAN 2 | Comcast | 300.0M x 35.0M,AT&T Broadband II,1000.0M x 1000.0M,Comcast,300.0M x 35.0M,99.95.104.17,WAN1,99.95.104.17,AT&T,96.76.241.73,Comcast
MID 14,MID 14- B,Secondary,Comcast,AT&T,No Match,57,300.0M x 300.0M,$105.01,WAN 1 | AT&T Broadband II | 300.0M x 300.0M | WAN 2 | Comcast | 300.0M x 35.0M,AT&T Broadband II,300.0M x 300.0M,Comcast,300.0M x 35.0M,76.227.245.41,WAN1,76.227.245.41,AT&T,96.75.39.45,Comcast
MID 16,MID 16- B,Secondary,Comcast,AT&T,No Match,57,1000.0M x 1000.0M,$165.01,WAN 1 | AT&T Broadband II | 1000.0M x 1000.0M | WAN 2 | Comcast | 300.0M x 35.0M,AT&T Broadband II,1000.0M x 1000.0M,Comcast,300.0M x 35.0M,104.59.15.185,WAN1,104.59.15.185,AT&T,96.92.62.81,Comcast
MID 17,MID 17- B,Secondary,Comcast,AT&T,No Match,57,1000.0M x 1000.0M,$165.01,WAN 1 | AT&T Broadband II | 1000.0M x 1000.0M | WAN 2 | Comcast | 300.0M x 35.0M,AT&T Broadband II,1000.0M x 1000.0M,Comcast,300.0M x 35.0M,71.150.237.33,WAN1,71.150.237.33,AT&T,96.76.232.101,Comcast
MID 19,MID 19- B,Secondary,Comcast,AT&T,No Match,57,1000.0M x 1000.0M,$165.01,WAN 1 | AT&T Broadband II | 1000.0M x 1000.0M | WAN 2 | Comcast | 300.0M x 35.0M,AT&T Broadband II,1000.0M x 1000.0M,Comcast,300.0M x 35.0M,108.203.130.1,WAN1,108.203.130.1,AT&T,173.162.61.253,Comcast
MIF 04,MIF 04- B,Secondary,Comcast,AT&T,No Match,57,1000.0M x 1000.0M,$165.01,WAN 1 | AT&T Broadband II | 1000.0M x 1000.0M | WAN 2 | Comcast | 300.0M x 35.0M,AT&T Broadband II,1000.0M x 1000.0M,Comcast,300.0M x 35.0M,104.59.13.225,WAN1,104.59.13.225,AT&T,96.76.235.173,Comcast
MIG 08,MIG 08,Primary,Comcast Workplace,GLOBAL AUTOMOTIVE,No Match,35,500.0M x 30.0M,$175.56,WAN 1 | Comcast Workplace | 500.0M x 30.0M | WAN 2 | AT&T Broadband II | 300.0M x 300.0M,Comcast Workplace,500.0M x 30.0M,AT&T Broadband II,300.0M x 300.0M,173.167.20.17,WAN1,173.167.20.17,GLOBAL AUTOMOTIVE,23.118.203.225,AT&T
MIHW00,MIHW00,Primary,Comcast Workplace,,No Match,0,300.0M x 30.0M,$186.18,,,,,,173.167.236.165,Unknown,,,,
MIL 15,MIL 15- B,Secondary,Comcast,AT&T,No Match,57,1000.0M x 1000.0M,$165.01,WAN 1 | AT&T Broadband II | 1000.0M x 1000.0M | WAN 2 | Comcast | 300.0M x 35.0M,AT&T Broadband II,1000.0M x 1000.0M,Comcast,300.0M x 35.0M,70.142.28.121,WAN1,70.142.28.121,AT&T,96.76.233.153,Comcast
MNM 00,MNM 00 New,Primary,Comcast Workplace,,No Match,0,750.0M x 35.0M,$234.45,,,,,,173.165.242.141,Unknown,,,,
MNM 09 -B,MNM 09 -B,Secondary,Comcast Workplace,,No Match,0,750.0M x 35.0M,$234.45,,,,,,NaN,Unknown,,,,
MNM 13,MNM 13- B,Secondary,EB2-Lumen DSL,CenturyLink,No Match,33,100.0M x 10.0M,$128.00,WAN 1 | Comcast Workplace | 750.0M x 35.0M | WAN 2 | EB2-Lumen DSL | 100.0M x 10.0M,Comcast Workplace,750.0M x 35.0M,EB2-Lumen DSL,100.0M x 10.0M,63.231.176.49,WAN2,50.209.16.33,Comcast,63.231.176.49,CenturyLink
MNM 15,MNM 15 -B,Secondary,Metronet,Jaguar Communications,No Match,46,500.0M x 500.0M,$199.95,WAN 1 | Spectrum | 750.0M x 35.0M | WAN 2 | Metronet | 500.0M x 500.0M,Spectrum,750.0M x 35.0M,Metronet,500.0M x 500.0M,199.193.65.17,WAN2,66.191.136.66,Charter Communications,199.193.65.17,Jaguar Communications
MNM 19,MNM 19,Primary,MetroNet,Deutsche Telekom,No Match,38,300.0M x 300.0M,$129.95,WAN 1 | DSR MetroNet Fiber | 100.0M x 100.0M | WAN 2 | Digi | Cell,MetroNet Fiber,100.0M x 100.0M,Digi Cell,,195.252.240.66,WAN1,195.252.240.66,Deutsche Telekom,107.80.160.12,Unknown
MNM 27,MNM 27 -B,Secondary,CTC,CONSOLIDATED TELEPHONE COMPANY,No Match,50,250.0M x 250.0M,$275.00,WAN 1 | CenturyLink Fiber Plus | 500.0M x 500.0M | WAN 2 | CTC | 250.0M x 250.0M,CenturyLink Fiber Plus,500.0M x 500.0M,CTC,250.0M x 250.0M,209.212.33.147,WAN2,65.125.124.178,CenturyLink,209.212.33.147,CONSOLIDATED TELEPHONE COMPANY
MNMW01,MNMW01,Primary,Comcast Workplace,,No Match,0,750.0M x 35.0M,$234.45,,,,,,50.211.20.237,Unknown,,,,
MOO 04,,Primary,Brightspeed,Level 3,No Match,40,300.0M x 300.0M,$1009.00,WAN 1 | Level 3 | 300.0M x 300.0M | WAN 2 | Verizon 5G,Level 3,300.0M x 300.0M,Verizon 5G,,,Unknown,4.35.182.162,Level 3,63.43.232.131,Verizon
MOR 01,MOR 01 -B,Secondary,EB2-Sparklight Cable,"Fidelity Cablevision, LLC",No Match,59,300.0M x 30.0M,$335.00,WAN 1 | Fidelity Communications | 350.0M x 20.0M | WAN 2 | EB2-Sparklight Cable | 300.0M x 30.0M,Fidelity Communications,350.0M x 20.0M,EB2-Sparklight Cable,300.0M x 30.0M,149.76.232.62,WAN2,149.76.254.206,"Fidelity Cablevision, LLC",149.76.232.62,"Fidelity Cablevision, LLC"
MOS 00,MOS 00,Primary,Spectrum,,No Match,0,750.0M x 35.0M,$172.23,,,,,,24.182.253.114,Unknown,,,,
MOS 00,MOS 00-B,Secondary,AT&T Broadband II,,No Match,0,1000.0M x 1000.0M,$165.01,,,,,,75.36.177.1,Unknown,,,,
MOS 08,MOS 08- B,Secondary,Brightspeed,CenturyLink,No Match,29,100.0M x 100.0M,$189.00,WAN 1 | Spectrum | 750.0M x 35.0M | WAN 2 | Brightspeed | 100.0M x 100.0M,Spectrum,750.0M x 35.0M,Brightspeed,100.0M x 100.0M,184.159.176.26,WAN2,24.241.105.158,Charter Communications,184.159.176.26,CenturyLink
MOS XX,MOS XX,Primary,Spectrum,,No Match,0,750.0M x 35.0M,$172.23,,,,,,47.50.140.114,Unknown,,,,
MOS XX,MOS XX -B,Secondary,AT&T Broadband II,,No Match,0,1000.0M x 1000.0M,$165.01,,,,,,108.192.139.225,Unknown,,,,
NCC00,NCC00 -B,Secondary,AT&T Broadband II,,No Match,0,300.0M x 300.0M,$105.01,,,,,,45.23.77.145,Unknown,,,,
NCC 13,NCC 13- B,Secondary,Lumos Networks,"North State Telephone, LLC",No Match,38,500.0M x 500.0M,$120.00,WAN 1 | Spectrum | 750.0M x 35.0M | WAN 2 | Lumos Networks | 500.0M x 500.0M,Spectrum,750.0M x 35.0M,Lumos Networks,500.0M x 500.0M,74.124.172.46,WAN2,173.42.50.90,Charter Communications,74.124.172.46,"North State Telephone, LLC"
NCC 30,NCC 30,Primary,Spectrum,CARDINAL INNOVATIONS HEALTHCARE SOLUTIONS,No Match,38,750.0M x 35.0M,$172.23,WAN 2 | Digi | Cell,,,Digi Cell,,96.10.47.50,WAN1,96.10.47.50,CARDINAL INNOVATIONS HEALTHCARE SOLUTIONS,192.168.2.179,Private IP
NCC 36,NCC 36,Primary,Spectrum,Private IP,No Match,40,750.0M x 35.0M,$244.45,WAN 1 | Spectrum | 750.0M x 35.0M | WAN 2 | GreenLight | 1000.0M x 1000.0M,Spectrum,750.0M x 35.0M,GreenLight,1000.0M x 1000.0M,66.57.79.162,Unknown,192.168.1.2,Private IP,216.210.92.222,Greenlight
NCC 38,NCC 38- B,Secondary,VZW Cell,Metronet,No Match,20,1000.0M x 1000.0M,$249.95,WAN 1 | MetroNet | 1000.0M x 1000.0M | WAN 2 | VZW Cell | Cell,MetroNet,1000.0M x 1000.0M,VZW Cell Cell,,195.252.194.188,WAN1,195.252.194.188,Metronet,192.168.0.151,Private IP
NCC 45,NCC 45- B,Secondary,Brightspeed,Charter Communications,No Match,35,100.0M x 100.0M,$592.00,"WAN 1 | Spectrum | 600.0M x 35.0M | WAN 2 | Level 3 Parent, LLC",Spectrum,600.0M x 35.0M,Level 3 Parent LLC,,NaN,Unknown,96.10.113.218,Charter Communications,4.8.162.18,Level 3 Parent
NCC 48,NCC 48 -B,Secondary,VZW Cell,Level 3,No Match,44,300.0M x 300.0M,$931.00,WAN 1 | Brightspeed | 300.0M x 300.0M | WAN 2 | VZW Cell | Cell,Brightspeed,300.0M x 300.0M,VZW Cell Cell,,64.158.8.74,WAN1,64.158.8.74,Level 3,192.168.0.152,Private IP
NCC W00,NCC W00,Primary,Spectrum,,No Match,0,750.0M x 35.0M,$244.45,,,,,,66.57.166.218,Unknown,,,,
NCN 01,NCN 01- B,Secondary,Brightspeed,CenturyLink,No Match,29,100.0M x 100.0M,$189.99,WAN 1 | Spectrum | 600.0M x 35.0M | WAN 2 | Brightspeed | 100.0M x 100.0M,Spectrum,600.0M x 35.0M,Brightspeed,100.0M x 100.0M,71.37.136.213,WAN2,24.172.12.22,Charter Communications,71.37.136.213,CenturyLink
NEO 05,NEO 05- B,Secondary,EB2-Centurylink DSL,Malinda Jepsen,No Match,34,100.0M x 10.0M,$128.00,WAN 1 | Cox Business BOI | 300.0M x 30.0M | WAN 2 | EB2-Centurylink DSL | 100.0M x 10.0M,Cox Business BOI,300.0M x 30.0M,EB2-Centurylink DSL,100.0M x 10.0M,65.103.170.121,WAN2,184.183.225.86,Cox Communications,65.103.170.121,Malinda Jepsen
NEO 06,NEO 06- B,Secondary,EB2-Centurylink DSL,Diane Allen,No Match,38,100.0M x 10.0M,$128.00,WAN 1 | Cox Business BOI | 300.0M x 30.0M | WAN 2 | EB2-Centurylink DSL | 100.0M x 10.0M,Cox Business BOI,300.0M x 30.0M,EB2-Centurylink DSL,100.0M x 10.0M,65.103.170.65,WAN2,184.189.166.231,Cox Communications,65.103.170.65,Diane Allen
NMA00,NMA00,Primary,Comcast Workplace,,No Match,0,300.0M x 30.0M,$175.56,,,,,,96.64.151.241,Unknown,,,,
NMA00,NMA00- B,Secondary,EB2-Centurylink DSL,,No Match,0,100.0M x 10.0M,$128.00,,,,,,168.103.98.137,Unknown,,,,
NMA 09,NMA 09,Primary,SparkLight,"CABLE ONE, INC.",No Match,30,300.0M x 30.0M,$224.99,WAN 1 | SparkLight | 300.0M x 30.0M | WAN 2 | Comcast Workplace | 250.0M x 25.0M,SparkLight,300.0M x 30.0M,Comcast Workplace,250.0M x 25.0M,67.60.99.2,WAN1,67.60.99.2,"CABLE ONE, INC.",96.72.12.153,Comcast
NMA 11,NMA 11,Primary,TDS Cable,DISCOUNT TIRE ,No Match,46,300.0M x 30.0M,$99.95,WAN 1 | Tularosa Basin Telephone Company | 100.0M x 100.0M | WAN 2 | TDS Cable | 300.0M x 30.0M,Tularosa Basin Telephone Company,100.0M x 100.0M,TDS Cable,300.0M x 30.0M,24.49.160.42,WAN2,66.18.169.141,"TULAROSA COMMUNICATIONS, INC.",24.49.160.42,DISCOUNT TIRE 
NMA 13,NMA 13- B,Secondary,VZW Cell,Unite Private Networks LLC.,No Match,50,300.0M x 300.0M,$699.00,WAN 1 | Unite Private Networks | 300.0M x 300.0M | WAN 2 | VZW Cell | Cell,Unite Private Networks,300.0M x 300.0M,VZW Cell Cell,,209.71.136.18,WAN1,209.71.136.18,Unite Private Networks LLC.,192.168.0.152,Private IP
NMA Call Center,NMA Call Center,Primary,Comcast Workplace,,No Match,0,750.0M x 35.0M,$234.45,,,,,,74.92.206.225,Unknown,,,,
NMF 01,NMF 01- B,Secondary,EB2-Centurylink DSL,Comcast,No Match,29,100.0M x 10.0M,$128.00,WAN 1 | Comcast Workplace | 750.0M x 35.0M | WAN 2 | EB2-Centurylink DSL | 100.0M x 10.0M,Comcast Workplace,750.0M x 35.0M,EB2-Centurylink DSL,100.0M x 10.0M,168.103.98.122,Unknown,23.31.119.25,Comcast,192.168.0.4,Private IP
NMH 01,NMH 01- B,Secondary,EB2-TDS Cable,Frontier Communications,No Match,31,300.0M x 30.0M,$216.00,WAN 1 | Windstream | 500.0M x 500.0M | WAN 2 | EB2-TDS Cable | 300.0M x 30.0M,Windstream,500.0M x 500.0M,EB2-TDS Cable,300.0M x 30.0M,184.60.134.66,WAN2,184.81.233.98,Windstream Communications LLC,184.60.134.66,Frontier Communications
NMR 01,NMR 01,Primary,Sparklight,"CABLE ONE, INC.",No Match,30,300.0M x 30.0M,$248.75,WAN 1 | Plateau Telecommunications | 500.0M x 500.0M | WAN 2 | Sparklight | 300.0M x 30.0M,Plateau Telecommunications,500.0M x 500.0M,Sparklight,300.0M x 30.0M,24.119.46.66,WAN2,64.90.159.209,Plateau Telecommunications Incorporated,24.119.46.66,"CABLE ONE, INC."
NMS 03,NMS 03- B,Secondary,"NMSurf, Inc.",Comcast,No Match,40,300.0M x 300.0M,$129.99,WAN 1 | NMSurf Inc. | 300.0M x 300.0M | WAN 2 | Comcast Workplace | 300.0M x 30.0M,NMSurf Inc.,300.0M x 300.0M,Comcast Workplace,300.0M x 30.0M,208.85.34.212,Unknown,192.168.88.196,Private IP,50.213.132.113,Comcast
NNM 09,NNM 09,Primary,Comcast Workplace,,No Match,0,600.0M x 35.0M,$234.45,,,,,,50.249.116.145,Unknown,,,,
NVL000,NVL000,Primary,Cox Business/BOI,,No Match,0,300.0M x 30.0M,$266.67,,,,,,24.234.187.243,Unknown,,,,
NVL 07,NVL 07- B,Secondary,Verizon Business,Cox Communications,No Match,40,300.0M x 50.0M,$266.67,WAN 1 | Cox Communications | 300.0M x 30.0M | WAN 2 | Verizon Business,Cox Communications,300.0M x 30.0M,Verizon Business,,174.71.198.86,WAN1,174.71.198.86,Cox Communications,166.248.9.203,Verizon
NVL 15,NVL 15 -B,Secondary,CenturyLink,Cox Communications,No Match,44,300.0M x 30.0M,$266.67,WAN 1 | Cox Business BOI | 300.0M x 30.0M | WAN 2 | CenturyLink | 80.0M x 10.0M,Cox Business BOI,300.0M x 30.0M,CenturyLink,80.0M x 10.0M,24.234.120.82,WAN1,24.234.120.82,Cox Communications,75.171.91.197,CenturyLink
NVL 25,NVL 25,Primary,CenturyLink Fiber Plus,DISCOUNT TIRE NVL 25,No Match,40,500.0M x 500.0M,$509.00,WAN 2 | VZW Cell | Cell,,,VZW Cell Cell,,65.140.77.202,WAN1,65.140.77.202,DISCOUNT TIRE NVL 25,192.168.0.151,Private IP
NVLW 01,NVLW 01,Primary,Cox Business/BOI,,No Match,0,300.0M x 30.0M,$266.67,,,,,,24.120.171.73,Unknown,,,,
OHD 04,OHD 04,Primary,Spectrum,Private IP,No Match,40,750.0M x 35.0M,$172.23,WAN 1 | Charter Communications Inc | WAN 2 | AT&T Broadband II | 1000.0M x 1000.0M,Charter Communications Inc,,AT&T Broadband II,1000.0M x 1000.0M,74.143.122.162,Unknown,192.168.1.153,Private IP,99.29.48.9,AT&T
OHL 01,OHL 01- B,Secondary,Telephone Service Company (TSC),Hanson Communications - Ohio,No Match,40,200.0M x 50.0M,$299.95,WAN 1 | Spectrum | 750.0M x 35.0M | WAN 2 | Telephone Service Company TSC | 200.0M x 50.0M,Spectrum,750.0M x 35.0M,Telephone Service Company TSC,200.0M x 50.0M,167.100.35.230,WAN2,98.102.18.154,Charter Communications,167.100.35.230,Hanson Communications - Ohio
OHN 06,OHN 06,Primary,Armstrong Cable,Charter Communications,No Match,53,300.0M x 300.0M,$134.95,WAN 1 | Armstrong Cable | 300.0M x 300.0M | WAN 2 | VZW Cell | Cell,Armstrong Cable,300.0M x 300.0M,VZW Cell Cell,,24.101.188.52,WAN1,24.101.188.52,Charter Communications,192.168.0.151,Private IP
OHS 02,OHS 02,Primary,Spectrum,NCS,No Match,50,750.0M x 35.0M,$244.45,WAN 1 | Altafiber | 600.0M x 300.0M | WAN 2 | Spectrum | 750.0M x 35.0M,Altafiber,600.0M x 300.0M,Spectrum,750.0M x 35.0M,24.142.129.2,WAN2,74.83.131.130,Altafiber,24.142.129.2,NCS
OHS 05,OHS 05 -B,Secondary,Altafiber,Fuse Internet Access,No Match,50,400.0M x 200.0M,$69.99,WAN 1 | Spectrum | 750.0M x 35.0M | WAN 2 | Altafiber | 400.0M x 200.0M,Spectrum,750.0M x 35.0M,Altafiber,400.0M x 200.0M,69.61.230.82,WAN2,71.67.57.246,Charter Communications,69.61.230.82,Fuse Internet Access
OKA 01,OKA 01,Primary,SparkLight,"Cable One, Inc.",No Match,30,300.0M x 30.0M,$224.99,WAN 1 | SparkLight | 300.0M x 30.0M | WAN 2 | AT&T Broadband II | 300.0M x 300.0M,SparkLight,300.0M x 30.0M,AT&T Broadband II,300.0M x 300.0M,159.118.225.250,WAN1,159.118.225.250,"Cable One, Inc.",104.7.187.169,AT&T
OKO00,OKO00,Primary,Cox Business/BOI,,No Match,0,300.0M x 50.0M,$266.67,,,,,,68.228.123.109,Unknown,,,,
OKO 12,OKO 12 -B,Secondary,BluePeak Communications ,Clarity Telecom LLC,No Match,39,1000.0M x 1000.0M,$100.00,WAN 1 | BluePeak Communications | 1000.0M x 1000.0M | WAN 2 | AT&T Broadband II | 300.0M x 75.0M,BluePeak Communications,1000.0M x 1000.0M,AT&T Broadband II,300.0M x 75.0M,143.109.149.115,WAN1,143.109.149.115,Clarity Telecom LLC,45.26.241.57,AT&T
OKT 08,OKT 08 -B,Secondary,EB2-Windstream Fiber,Cox Communications,No Match,33,500.0M x 500.0M,$209.00,WAN 1 | Cox Business BOI | 300.0M x 30.0M | WAN 2 | EB2-Windstream Fiber | 500.0M x 500.0M,Cox Business BOI,300.0M x 30.0M,EB2-Windstream Fiber,500.0M x 500.0M,40.135.93.182,Unknown,184.178.158.33,Cox Communications,192.168.254.64,Private IP
ORP 11,ORP 11,Primary,Comcast Workplace,Private IP,No Match,40,500.0M x 30.0M,$175.56,WAN 1 | Comcast Workplace | 300.0M x 30.0M | WAN 2 | VZW Cell | Cell,Comcast Workplace,300.0M x 30.0M,VZW Cell Cell,,50.214.77.149,Unknown,10.1.10.142,Private IP,192.168.0.151,Private IP
PAN 02,PAN 02,Primary,EB2-Penteledata Cable,EarthLink,No Match,33,300.0M x 30.0M,$304.00,WAN 1 | DSR EB2-Penteledata Cable - NAM Cable - | 300.0M x 30.0M | WAN 2 | VZW Cell | Cell,EB2-Penteledata Cable - NAM Cable -,300.0M x 30.0M,VZW Cell Cell,,NaN,Unknown,66.152.135.50,EarthLink,192.168.0.151,Private IP
SCC 03,SCC 03,Primary,Comporium Com DDSL,Private IP,No Match,40,1000.0M x 35.0M,$600.00,WAN 1 | Comporium Com DDSL | Dedicated Line ADSL Dry Loop | | 1000.0M x 35.0M | WAN 2 | Digi | Cell,Comporium Com DDSL | Dedicated Line ADSL Dry Loop |,1000.0M x 35.0M,Digi Cell,,68.235.226.162,Unknown,100.68.218.12,Internet Assigned Numbers Authority,192.168.2.212,Private IP
SCC 09,SCC 09- B,Secondary,Comporium Com,Rock Hill Telephone Company,No Match,46,400.0M x 10.0M,$170.00,WAN 1 | Spectrum | 750.0M x 35.0M | WAN 2 | Comporium Com | 400.0M x 10.0M,Spectrum,750.0M x 35.0M,Comporium Com,400.0M x 10.0M,208.104.208.71,WAN2,173.42.23.254,Charter Communications,208.104.208.71,Rock Hill Telephone Company
SDS 01,SDS 01- B,Secondary,EB2-Centurylink DSL,Midcontinent Communications,No Match,42,100.0M x 10.0M,$128.00,WAN 1 | Midcontinent | 1000.0M x 60.0M | WAN 2 | EB2-Centurylink DSL | 100.0M x 10.0M,Midcontinent,1000.0M x 60.0M,EB2-Centurylink DSL,100.0M x 10.0M,63.230.149.33,Unknown,24.111.10.222,Midcontinent Communications,192.168.0.2,Private IP
TNN00,TNN00,Primary,Comcast Workplace,,No Match,0,300.0M x 30.0M,$175.56,,,,,,96.69.101.185,Unknown,,,,
TNN00,TNN00 -B,Secondary,AT&T Broadband II,,No Match,0,300.0M x 300.0M,$105.01,,,,,,162.203.252.161,Unknown,,,,
TNN 04,TNN 04,Primary,Comcast Workplace,AT&T,No Match,50,750.0M x 35.0M,$234.45,WAN 1 | Comcast Workplace | 750.0M x 35.0M | WAN 2 | AT&T Broadband II | 300.0M x 300.0M,Comcast Workplace,750.0M x 35.0M,AT&T Broadband II,300.0M x 300.0M,50.194.1.177,Unknown,10.1.10.38,Private IP,99.26.179.113,AT&T
TNN 06,TNN 06- B,Secondary,Comcast,AT&T,No Match,57,1000.0M x 1000.0M,$165.01,WAN 1 | AT&T Broadband II | 1000.0M x 1000.0M | WAN 2 | Comcast | 300.0M x 35.0M,AT&T Broadband II,1000.0M x 1000.0M,Comcast,300.0M x 35.0M,70.237.81.129,WAN1,70.237.81.129,AT&T,50.243.116.185,Comcast
TXA 07,TXA 07 -B,Secondary,Astound,Grande Communications SAN MARCOS Static,No Match,57,500.0M x 20.0M,$89.95,WAN 1 | Spectrum | 750.0M x 35.0M | WAN 2 | Astound | 500.0M x 20.0M,Spectrum,750.0M x 35.0M,Astound,500.0M x 20.0M,72.48.89.23,WAN2,150.220.131.26,Charter Communications,72.48.89.23,Grande Communications SAN MARCOS Static
TXA 20,TXA 20,Primary,Spectrum,Private IP,No Match,40,600.0M x 35.0M,$172.23,WAN 1 | Charter Communications Inc | WAN 2 Vive - | NORTHLAND CABLE TELEVISION INC.,Charter Communications Inc,,Vive - NORTHLAND CABLE TELEVISION INC.,,97.105.58.234,Unknown,192.168.1.138,Private IP,,
TXA 20,TXA 20- B,Secondary,Vyve,Private IP,No Match,50,250.0M x 25.0M,$165.90,WAN 1 | Charter Communications Inc | WAN 2 Vive - | NORTHLAND CABLE TELEVISION INC.,Charter Communications Inc,,Vive - NORTHLAND CABLE TELEVISION INC.,,24.54.120.229,Unknown,192.168.1.138,Private IP,,
TXA 24,TXA 24 -B,Secondary,"AT&T Enterprises, LLC",Charter Communications,No Match,41,750.0M x 35.0M,$172.23,"WAN 1 | Spectrum | 750.0M x 35.0M | WAN 2 | AT&T Enterprises, LLC",Spectrum,750.0M x 35.0M,AT&T Enterprises LLC,,67.79.200.206,WAN1,67.79.200.206,Charter Communications,107.127.152.237,AT&T
TXC 11,TXC 11,Primary,Altice,"CABLE ONE, INC.",No Match,55,500.0M x 50.0M,$212.77,WAN 1 | Altice | 500.0M x 50.0M | WAN 2 | EB2-CableOne Cable | 150.0M x 15.0M,Altice,500.0M x 50.0M,EB2-CableOne Cable,150.0M x 15.0M,66.76.46.54,Unknown,192.168.1.91,Private IP,174.126.248.98,"CABLE ONE, INC."
TXC 15,TXC 15,Primary,Spectrum,MITEL,No Match,33,750.0M x 35.0M,$244.45,WAN 1 | Spectrum | 750.0M x 35.0M | WAN 2 | EB2-CableOne Cable | 300.0M x 30.0M,Spectrum,750.0M x 35.0M,EB2-CableOne Cable,300.0M x 30.0M,97.79.174.186,WAN1,97.79.174.186,MITEL,192.24.123.230,New Wave Communications
TXC 15,TXC 15 -B,Secondary,EB2-CableOne Cable,New Wave Communications,No Match,39,300.0M x 30.0M,$335.00,WAN 1 | Spectrum | 750.0M x 35.0M | WAN 2 | EB2-CableOne Cable | 300.0M x 30.0M,Spectrum,750.0M x 35.0M,EB2-CableOne Cable,300.0M x 30.0M,192.24.123.230,WAN2,97.79.174.186,MITEL,192.24.123.230,New Wave Communications
TXD 00,TXD 00,Primary,Spectrum,,No Match,0,750.0M x 35.0M,$244.45,,,,,,50.84.170.198,Unknown,,,,
TXD00,TXD00,Primary,Spectrum,,No Match,0,750.0M x 35.0M,$172.23,,,,,,50.84.170.198,Unknown,,,,
TXD 04,TXD 04,Primary,Spectrum,Private IP,No Match,40,750.0M x 35.0M,$244.45,WAN 1 | Spectrum | 750.0M x 35.0M | WAN 2 | AT&T Broadband II | 300.0M x 300.0M,Spectrum,750.0M x 35.0M,AT&T Broadband II,300.0M x 300.0M,172.87.144.182,Unknown,192.168.1.103,Private IP,104.187.167.97,AT&T
TXD 08,TXD 08 -B,Secondary,EB2-Frontier Fiber,Charter Communications,No Match,42,500.0M x 500.0M,$245.00,WAN 1 | Spectrum | 750.0M x 35.0M | WAN 2 | EB2-Frontier Fiber | 500.0M x 500.0M,Spectrum,750.0M x 35.0M,EB2-Frontier Fiber,500.0M x 500.0M,47.190.40.171,Unknown,98.6.82.238,Charter Communications,192.168.254.12,Private IP
TXD 33,TXD 33,Primary,Spectrum,Private IP,No Match,40,750.0M x 35.0M,$244.45,WAN 1 | Spectrum | 750.0M x 35.0M,Spectrum,750.0M x 35.0M,,,97.105.4.198,Unknown,192.168.1.4,Private IP,,
TXD 33,TXD 33 -B,Secondary,AT&T Broadband II,Private IP,No Match,50,300.0M x 300.0M,$105.01,WAN 1 | Spectrum | 750.0M x 35.0M,Spectrum,750.0M x 35.0M,,,71.138.16.1,Unknown,192.168.1.4,Private IP,,
TXD 71,TXD 71 -B,Secondary,VZW Cell,AT&T,No Match,17,300.0M x 300.0M,$105.01,WAN 1 | AT&T Broadband II | 300.0M x 300.0M | WAN 2 | VZW Cell | Cell,AT&T Broadband II,300.0M x 300.0M,VZW Cell Cell,,162.205.137.169,WAN1,162.205.137.169,AT&T,192.168.0.151,Private IP
TXD 81,TXD 81 -B,Secondary,EB2-Frontier Fiber,Charter Communications,No Match,42,500.0M x 500.0M,$245.00,WAN 1 | EB2-Frontier Fiber | 500.0M x 500.0M | WAN 2 | Spectrum | 750.0M x 35.0M,EB2-Frontier Fiber,500.0M x 500.0M,Spectrum,750.0M x 35.0M,47.190.112.121,Unknown,192.168.254.121,Private IP,70.115.32.30,Charter Communications
TXD 90,TXD 90,Primary,East Texas Broadband,Private IP,No Match,40,300.0M x 300.0M,$300.00,WAN 1 | East Texas Broadband | 300.0M x 300.0M | WAN 2 | CenturyLink | 40.0M x 5.0M,East Texas Broadband,300.0M x 300.0M,CenturyLink,40.0M x 5.0M,NaN,Unknown,172.16.52.14,Private IP,71.37.162.185,CenturyLink
TXD 93,TXD 93,Primary,Altice West,Classic Communications,No Match,47,300.0M x 50.0M,$106.67,WAN 1 | DSR Altice | 300.0M x 50.0M | WAN 2 | DSR CLink DSL | 80.0M x 10.0M,Altice,300.0M x 50.0M,CLink DSL,80.0M x 10.0M,64.72.38.133,WAN1,64.72.38.133,Classic Communications,192.168.0.45,Private IP
TXG 02,TXG 02- B,Secondary,VZW Cell,"Consolidated Communications, Inc.",No Match,33,300.0M x 300.0M,$469.00,WAN 1 | Consolidated Communications | 300.0M x 300.0M | WAN 2 | VZW Cell | Cell,Consolidated Communications,300.0M x 300.0M,VZW Cell Cell,,156.47.166.66,WAN1,156.47.166.66,"Consolidated Communications, Inc.",192.168.0.151,Private IP
TXH00,TXH00,Primary,Comcast Workplace,,No Match,0,300.0M x 30.0M,$175.56,,,,,,96.85.28.9,Unknown,,,,
TXH00,TXH00 -B,Secondary,AT&T Broadband II,,No Match,0,300.0M x 300.0M,$105.01,,,,,,162.201.19.73,Unknown,,,,
TXH 04,TXH 04- B,Secondary,Comcast,AT&T,No Match,57,1000.0M x 1000.0M,$165.01,WAN 1 | AT&T Broadband II | 1000.0M x 1000.0M | WAN 2 | Comcast,AT&T Broadband II,1000.0M x 1000.0M,Comcast,,99.125.136.1,WAN1,99.125.136.1,AT&T,96.79.187.121,Comcast
TXH 05,TXH 05- B,Secondary,Comcast,AT&T,No Match,57,300.0M x 300.0M,$105.01,WAN 1 | AT&T Broadband II | 300.0M x 300.0M | WAN 2 | Comcast | 300.0M x 35.0M,AT&T Broadband II,300.0M x 300.0M,Comcast,300.0M x 35.0M,99.110.95.201,WAN1,99.110.95.201,AT&T,96.73.96.237,Comcast
TXH 41,TXH 41- B,Secondary,Comcast,AT&T,No Match,57,1000.0M x 1000.0M,$165.01,WAN 1 | AT&T Broadband II | 1000.0M x 1000.0M | WAN 2 | Comcast | 300.0M x 35.0M,AT&T Broadband II,1000.0M x 1000.0M,Comcast,300.0M x 35.0M,162.236.70.129,WAN1,162.236.70.129,AT&T,96.73.99.97,Comcast
TXH 45,TXH 45,Primary,Comcast Workplace,LONE STAR ICE HOUSE,No Match,40,750.0M x 35.0M,$234.45,WAN 1 | Comcast Workplace | 750.0M x 35.0M | WAN 2 | Digi | Cell,Comcast Workplace,750.0M x 35.0M,Digi Cell,,50.194.168.221,WAN1,50.194.168.221,LONE STAR ICE HOUSE,192.168.2.249,Private IP
TXH 52,TXH 52- B,Secondary,Comcast,AT&T,No Match,57,1000.0M x 1000.0M,$165.01,WAN 1 | AT&T Broadband II | 1000.0M x 1000.0M | WAN 2 | Comcast | 300.0M x 35.0M,AT&T Broadband II,1000.0M x 1000.0M,Comcast,300.0M x 35.0M,68.74.126.121,WAN1,68.74.126.121,AT&T,50.210.208.249,Comcast
TXH 55,TXH 55- B,Secondary,"Comcast Cable Communications, LLC",AT&T,No Match,50,1000.0M x 1000.0M,$165.01,"WAN 1 | AT&T Broadband II | 1000.0M x 1000.0M | WAN 2 | Comcast Cable Communications, LLC",AT&T Broadband II,1000.0M x 1000.0M,Comcast Cable Communications LLC,,108.223.37.121,WAN1,108.223.37.121,AT&T,96.73.120.17,Comcast
TXH 56,TXH 56- B,Secondary,Comcast,AT&T,No Match,57,1000.0M x 1000.0M,$165.01,WAN 1 | AT&T Broadband II | 1000.0M x 1000.0M | WAN 2 | Comcast | 300.0M x 35.0M,AT&T Broadband II,1000.0M x 1000.0M,Comcast,300.0M x 35.0M,172.10.171.81,WAN1,172.10.171.81,AT&T,96.77.159.245,Comcast
TXH 62,TXH 62 -B,Secondary,AT&T Broadband II,Charter Communications,No Match,50,1000.0M x 1000.0M,$165.01,WAN 1 | AT&T Broadband II | 1000.0M x 1000.0M | WAN 2 | Spectrum | 750.0M x 35.0M,AT&T Broadband II,1000.0M x 1000.0M,Spectrum,750.0M x 35.0M,108.254.202.153,Unknown,,,24.173.224.254,Charter Communications
TXH 65,TXH 65- B,Secondary,Comcast,AT&T,No Match,57,1000.0M x 1000.0M,$165.01,WAN 1 | AT&T Broadband II | 1000.0M x 1000.0M | WAN 2 | Comcast | 300.0M x 35.0M,AT&T Broadband II,1000.0M x 1000.0M,Comcast,300.0M x 35.0M,108.210.135.209,WAN1,108.210.135.209,AT&T,50.249.68.153,Comcast
TXH 66,TXH 66,Primary,Comcast Workplace,PPO CHECK,No Match,43,750.0M x 35.0M,$234.45,WAN 1 | AT&T Broadband II | 1000.0M x 1000.0M | WAN 2 | Comcast Workplace | 750.0M x 35.0M,AT&T Broadband II,1000.0M x 1000.0M,Comcast Workplace,750.0M x 35.0M,50.197.216.105,WAN2,99.125.139.25,AT&T,50.197.216.105,PPO CHECK
TXH 74,TXH 74,Primary,Altice,Private IP,No Match,50,500.0M x 50.0M,$212.77,WAN 1 | Optimum | WAN 2 | VZW Cell | Cell,Optimum,,VZW Cell Cell,,208.180.4.110,Unknown,192.168.1.243,Private IP,192.168.0.151,Private IP
TXH 80,TXH 80,Primary,Comcast Workplace,FIDELITY NATIONAL TITLE,No Match,37,750.0M x 35.0M,$234.45,WAN 1 | Comcast Workplace | 750.0M x 35.0M | WAN 2 | VZW Cell | Cell,Comcast Workplace,750.0M x 35.0M,VZW Cell Cell,,23.30.65.17,WAN1,23.30.65.17,FIDELITY NATIONAL TITLE,166.168.231.225,Verizon
TXH 81,TXH 81,Primary,Rise Broadband,"JAB Wireless, INC.",No Match,33,15.0M x 3.0M,$149.95,WAN 1 | Metronet | 300.0M x 300.0M | WAN 2 | Rise Broadband | 15.0M x 3.0M,Metronet,300.0M x 300.0M,Rise Broadband,15.0M x 3.0M,216.228.69.228,WAN2,195.252.236.111,Metronet,216.228.69.228,"JAB Wireless, INC."
TXH 88,TXH 88,Primary,Comcast Workplace,VESCO BUSINESS PRODUCTS,No Match,30,300.0M x 30.0M,$186.18,WAN 1 | Comcast Workplace | 300.0M x 30.0M | WAN 2 | AT&T Broadband II | 300.0M x 300.0M,Comcast Workplace,300.0M x 30.0M,AT&T Broadband II,300.0M x 300.0M,74.95.150.225,WAN1,74.95.150.225,VESCO BUSINESS PRODUCTS,68.253.20.105,AT&T
TXH 92,TXH 92- B,Secondary,Brightspeed,Private IP,No Match,44,80.0M x 10.0M,$149.99,"WAN 1 | Comcast Workplace | 300.0M x 25.0M | WAN 2 | CenturyLink Communications, LLC",Comcast Workplace,300.0M x 25.0M,CenturyLink Communications LLC,,71.37.162.209,Unknown,96.88.62.237,Comcast,192.168.0.2,Private IP
TXH SE Flex DTU,TXH SE Flex DTU,Primary,Comcast Workplace,Private IP,No Match,40,750.0M x 35.0M,$234.45,WAN 1 | Warehouse for Regional Facilities,Warehouse for Regional Facilities,,,,50.209.109.209,Unknown,10.1.10.143,Private IP,,
TXH Training,TXH Training,Primary,Comcast Workplace,,No Match,0,300.0M x 30.0M,$175.56,,,,,,75.148.163.185,Unknown,,,,
TXHW00,TXHW00,Primary,Comcast Workplace,,No Match,0,750.0M x 35.0M,$234.45,,,,,,50.210.214.113,Unknown,,,,
TXHW00,TXHW00 -B,Secondary,AT&T Broadband II,,No Match,0,300.0M x 300.0M,$105.01,,,,,,99.164.140.169,Unknown,,,,
TXM 03,TXM 03,Primary,Altice,AT&T,No Match,57,300.0M x 30.0M,$170.22,WAN 1 | AT&T Broadband II | 300.0M x 300.0M | WAN 2 | Altice | 300.0M x 30.0M,AT&T Broadband II,300.0M x 300.0M,Altice,300.0M x 30.0M,208.180.5.183,Unknown,172.7.186.105,AT&T,192.168.1.69,Private IP
TXS 00,TXS 00 -B,Secondary,AT&T Broadband II,,No Match,0,300.0M x 300.0M,$105.01,,,,,,104.4.85.177,Unknown,,,,
TXS000,TXS 00,Primary,Spectrum,,No Match,0,750.0M x 35.0M,$244.45,,,,,,71.78.86.2,Unknown,,,,
TXS 09,TXS 09 -B,Secondary,Spectrum,STARBUCKS,No Match,57,750.0M x 35.0M,$172.23,WAN 1 | AT&T Broadband II | 1000.0M x 1000.0M | WAN 2 | Spectrum | 750.0M x 35.0M,AT&T Broadband II,1000.0M x 1000.0M,Spectrum,750.0M x 35.0M,71.41.12.254,WAN2,76.255.15.17,AT&T,71.41.12.254,STARBUCKS
TXS 23,TXS 23- B,Secondary,GVTC Communications,"Guadalupe Valley Telephone Cooperative,",No Match,39,250.0M x 250.0M,$74.95,WAN 1 | Spectrum | 750.0M x 35.0M | WAN 2 | GVTC Communications | 250.0M x 250.0M,Spectrum,750.0M x 35.0M,GVTC Communications,250.0M x 250.0M,69.166.64.173,WAN2,67.78.107.122,Charter Communications,69.166.64.173,"Guadalupe Valley Telephone Cooperative,"
TXS 26,TXS 26-B,Secondary,GVTC Communications,GVTC-DIALUP DYNAMIC POOL,No Match,44,500.0M x 250.0M,$249.95,WAN 1 | GVTC Communications | 500.0M x 250.0M | WAN 2 | Spectrum | 750.0M x 35.0M,GVTC Communications,500.0M x 250.0M,Spectrum,750.0M x 35.0M,216.177.186.153,WAN1,216.177.186.153,GVTC-DIALUP DYNAMIC POOL,70.116.227.178,Charter Communications
TXW 04,TXW 04,Primary,Altice,AT&T,No Match,57,500.0M x 50.0M,$212.77,WAN 1 | Altice | 500.0M x 50.0M | WAN 2 | AT&T Broadband II | 300.0M x 300.0M,Altice,500.0M x 50.0M,AT&T Broadband II,300.0M x 300.0M,173.219.174.18,Unknown,192.168.1.118,Private IP,107.220.35.249,AT&T
TXW 08,TXW 08,Primary,Harris Broadband,"Grande Communications Networks, LLC",No Match,38,500.0M x 20.0M,$89.95,WAN 1 | Harris Broadband | 500.0M x 20.0M | WAN 2 | Unite Private Networks | 300.0M x 300.0M,Harris Broadband,500.0M x 20.0M,Unite Private Networks,300.0M x 300.0M,199.16.97.109,WAN1,199.16.97.109,"Grande Communications Networks, LLC",208.82.106.10,Unite Private Networks LLC.
TXW 09,TXW 09 -B,Secondary,Vexus,NTSC,No Match,40,100.0M x 100.0M,$99.95,WAN 1 | Altice | 500.0M x 50.0M | WAN 2 | Vexus | 100.0M x 100.0M,Altice,500.0M x 50.0M,Vexus,100.0M x 100.0M,38.158.182.200,WAN2,66.76.178.81,Optimum,38.158.182.200,NTSC
UTS 00,UTS 00,Primary,Zayo Communications,,No Match,0,100.0M x 100.0M,$495.00,,,,,,209.66.104.34,Unknown,,,,
UTS 03,UTS 03- B,Secondary,EB2-Lumen DSL,CenturyLink,No Match,33,140.0M x 20.0M,$151.00,WAN 1 | Comcast Workplace | 750.0M x 35.0M | WAN 2 | EB2-Lumen DSL | 140.0M x 20.0M,Comcast Workplace,750.0M x 35.0M,EB2-Lumen DSL,140.0M x 20.0M,65.100.251.41,WAN2,96.73.12.109,Comcast,65.100.251.41,CenturyLink
UTS 04,UTS 04- B,Secondary,EB2-Lumen DSL,CenturyLink,No Match,33,100.0M x 10.0M,$128.00,WAN 1 | Comcast Workplace | 300.0M x 25.0M | WAN 2 | EB2-Lumen DSL | 100.0M x 10.0M,Comcast Workplace,300.0M x 25.0M,EB2-Lumen DSL,100.0M x 10.0M,65.100.242.193,WAN2,173.10.21.245,Comcast,65.100.242.193,CenturyLink
UTS 05,UTS 05- B,Secondary,Centracom,Private Customer,No Match,47,500.0M x 500.0M,$350.00,WAN 1 | Comcast Workplace | 750.0M x 35.0M | WAN 2 | Centracom | 500.0M x 500.0M,Comcast Workplace,750.0M x 35.0M,Centracom,500.0M x 500.0M,204.225.31.253,WAN2,96.86.214.241,Comcast Cable Communications,204.225.31.253,Private Customer
UTS 07,UTS 07- B,Secondary,DSR Lumen DSL,Private IP,No Match,25,80.0M x 10.0M,$128.00,WAN 1 | Comcast | 300.0M x 35.0M | WAN 2 | DSR Lumen DSL | 80.0M x 10.0M,Comcast,300.0M x 35.0M,Lumen DSL,80.0M x 10.0M,65.100.251.193,Unknown,96.92.90.13,Comcast,192.168.0.5,Private IP
UTS 09,UTS 09- B,Secondary,EB2-Centurylink DSL,MindQuest,No Match,33,100.0M x 10.0M,$128.00,WAN 1 | Comcast Workplace | 750.0M x 35.0M | WAN 2 | EB2-Centurylink DSL | 100.0M x 10.0M,Comcast Workplace,750.0M x 35.0M,EB2-Centurylink DSL,100.0M x 10.0M,65.100.241.249,WAN2,96.86.207.181,Comcast,65.100.241.249,MindQuest
UTS 11,UTS 11- B,Secondary,Centracom,Private Customer,No Match,47,300.0M x 30.0M,$370.00,WAN 1 | Comcast | 300.0M x 30.0M | WAN 2 | Centracom | 300.0M x 30.0M,Comcast,300.0M x 30.0M,Centracom,300.0M x 30.0M,64.77.208.93,WAN2,50.198.188.101,Comcast,64.77.208.93,Private Customer
UTS 12,UTS 12,Primary,TDS Cable,Frontier Communications,No Match,33,500.0M x 100.0M,$209.00,WAN 1 DSR TDS Cable - 3rd Party Cable Ordered Speed 500.0M x 100.0M | WAN 2 Digi Cell,TDS Cable - 3rd Party Cable Ordered Speed,500.0M x 100.0M,Digi Cell,,184.61.190.6,WAN1,184.61.190.6,Frontier Communications,192.168.2.240,Private IP
UTS 16,UTS 16- B,Secondary,EB2-Lumen DSL,Crossroads Plaza Associates,No Match,18,100.0M x 10.0M,$128.00,WAN 1 | Comcast | 300.0M x 30.0M | WAN 2 | EB2-Lumen DSL | 100.0M x 10.0M,Comcast,300.0M x 30.0M,EB2-Lumen DSL,100.0M x 10.0M,65.100.251.161,WAN2,96.73.18.105,Comcast,65.100.251.161,Crossroads Plaza Associates
UTS 20,UTS 20- B,Secondary,First Digital,Private IP,No Match,44,500.0M x 35.0M,$230.00,WAN 1 | Comcast Workplace | 300.0M x 25.0M | WAN 2 | First Digital | Cell,Comcast Workplace,300.0M x 25.0M,First Digital Cell,,50.188.140.161,Unknown,173.8.88.141,Comcast,192.168.2.232,Private IP
UTS 22,UTS 22,Primary,Centracom,Private Customer,No Match,47,500.0M x 500.0M,$350.00,WAN 1 | Centracom | 500.0M x 500.0M | WAN 2 | CenturyLink | 60.0M x 5.0M,Centracom,500.0M x 500.0M,CenturyLink,60.0M x 5.0M,69.163.69.129,WAN1,69.163.69.129,Private Customer,67.40.102.73,CenturyLink Communications
UTS 24,UTS 24 -B,Secondary,Spanish Fork Community Network,Comcast,No Match,43,1000.0M x 1000.0M,$98.00,WAN 1 | Comcast Workplace | 600.0M x 35.0M | WAN 2 | Spanish Fork Community Network | 1000.0M x 1000.0M,Comcast Workplace,600.0M x 35.0M,Spanish Fork Community Network,1000.0M x 1000.0M,NaN,Unknown,50.255.207.237,Comcast,67.199.174.137,Google
UTS 25,UTS 25- B,Secondary,Centracom,Private Customer,No Match,47,100.0M x 40.0M,$250.00,WAN 1 | Comcast Workplace | 750.0M x 35.0M | WAN 2 | Centracom | 100.0M x 40.0M,Comcast Workplace,750.0M x 35.0M,Centracom,100.0M x 40.0M,69.163.66.31,WAN2,50.252.142.41,Comcast,69.163.66.31,Private Customer
UTS 26,UTS 26- B,Secondary,VZW Cell,InfoWest,No Match,33,250.0M x 250.0M,$150.00,WAN 1 | Infowest Inc | 250.0M x 250.0M | WAN 2 | VZW Cell | Cell,Infowest Inc,250.0M x 250.0M,VZW Cell Cell,,209.33.214.82,WAN1,209.33.214.82,InfoWest,192.168.0.151,Private IP
UTSW01,UTSW01,Primary,Comcast Workplace,,No Match,0,750.0M x 35.0M,$234.45,,,,,,50.208.244.41,Unknown,,,,
UTS W02,,Primary,DSR Comcast Cable,Private IP,No Match,40,600.0M x 35.0M,,WAN 1 | DSR Comcast Cable | 600.0M x 35.0M | WAN 2 | VZW Cell | Cell,Comcast Cable,600.0M x 35.0M,VZW Cell Cell,,,Unknown,10.1.10.247,Private IP,192.168.0.151,Private IP
UTSW02,UTSW02,Primary,Comcast Workplace,,No Match,0,750.0M x 35.0M,$234.45,,,,,,50.215.217.149,Unknown,,,,
VAB 03,VAB 03 -B,Secondary,Cox Business/BOI,Private IP,No Match,32,300.0M x 50.0M,$266.67,WAN 1 | Verizon FIOS | 500.0M x 500.0M | WAN 2 | DSR Cox Cable | 300.0M x 30.0M,Verizon FIOS,500.0M x 500.0M,Cox Cable,300.0M x 30.0M,70.168.213.210,Unknown,173.50.103.27,Verizon,192.168.2.140,Private IP
VAF 01,VAF 01,Primary,Comcast Workplace,,No Match,0,300.0M x 25.0M,$186.18,,,,,,50.211.60.57,Unknown,,,,
VAR 00,VAR 00,Primary,Comcast Workplace,,No Match,0,750.0M x 35.0M,$234.45,,,,,,50.210.2.145,Unknown,,,,
VAR 02,VAR 02,Primary,Comcast Workplace,,No Match,0,250.0M x 25.0M,$134.45,| WAN 1 | 23.25.122.238 | Failed | 2601:5cc:4680:5d70::19d1 | Failed | | | WAN 1 | Comcast Workplace | 200.0M x 20.0M | WAN 2 | VZ Gateway IMEI 356405432149137,23.25.122.238 Failed 2601 5cc 4680 5d70 19d1 Failed WAN 1 Comcast Workplace,200.0M x 20.0M,VZ Gateway IMEI 356405432149137,,23.25.122.237,Unknown,,,,
VAW 01,VAW 01- B,Secondary,Lumos Networks,Ntelos - WYBO FTTP Static Range,No Match,44,500.0M x 500.0M,$120.00,WAN 1 | Lumos Networks | 500.0M x 500.0M | WAN 2 | Comcast Workplace | 300.0M x 30.0M,Lumos Networks,500.0M x 500.0M,Comcast Workplace,300.0M x 30.0M,67.211.133.46,WAN1,67.211.133.46,Ntelos - WYBO FTTP Static Range,50.184.133.5,Comcast
WAE 03,WAE 03- B,Secondary,Pocketinet Communications,Northwest Open Access Network,No Match,40,100.0M x 100.0M,$144.95,WAN 1 | Spectrum | 750.0M x 35.0M | WAN 2 | Pocketinet Communications | 100.0M x 100.0M,Spectrum,750.0M x 35.0M,Pocketinet Communications,100.0M x 100.0M,66.119.203.174,WAN2,97.90.49.166,Charter Communications,66.119.203.174,Northwest Open Access Network
WAE 04,WAE 04- B,Secondary,EB2-Ziply Fiber,Private IP,No Match,46,500.0M x 500.0M,$153.00,WAN 1 | EB2-Ziply Fiber | 500.0M x 500.0M | WAN 2 | Spectrum | 750.0M x 35.0M,EB2-Ziply Fiber,500.0M x 500.0M,Spectrum,750.0M x 35.0M,NaN,Unknown,192.168.88.2,Private IP,156.19.242.226,Charter Communications
WAS00,WAS00,Primary,Ziply Fiber,,No Match,0,1000.0M x 1000.0M,$200.00,,,,,,50.34.4.82,Unknown,,,,
WAS 17,WAS 17 -B,Secondary,EB2-Ziply Fiber,Private IP,No Match,46,500.0M x 500.0M,$168.00,WAN 1 | Comcast Workplace | 600.0M x 35.0M | WAN 2 | EB2-Ziply Fiber | NAM Fiber | | 500.0M x 500.0M,Comcast Workplace,600.0M x 35.0M,EB2-Ziply Fiber | NAM Fiber |,500.0M x 500.0M,50.106.13.217,Unknown,50.210.40.229,Comcast,192.168.254.13,Private IP
WAS 18,WAS 18- B,Secondary,LocalTel,Charter Communications,No Match,57,1000.0M x 1000.0M,$73.95,WAN 1 | LocalTel | 1000.0M x 1000.0M | WAN 2 | Spectrum | 750.0M x 35.0M,LocalTel,1000.0M x 1000.0M,Spectrum,750.0M x 35.0M,NaN,Unknown,136.143.158.58,Ziply Fiber,68.185.54.210,Charter Communications
WAS 20,WAS 20,Primary,Comcast Workplace,CASEINTEL CORPORATION,No Match,53,500.0M x 30.0M,$175.56,WAN 1 | Comcast Workplace | 300.0M x 30.0M | WAN 2 | VZW Cell | Cell,Comcast Workplace,300.0M x 30.0M,VZW Cell Cell,,50.78.171.129,WAN1,50.78.171.129,CASEINTEL CORPORATION,10.0.0.2,Private IP
WAS 21,WAS 21,Primary,Comcast Workplace,VICTORY STUDIOS,No Match,40,750.0M x 35.0M,$234.45,WAN 1 | Comcast Workplace | 600.0M x 35.0M | WAN 2 | Digi | Cell,Comcast Workplace,600.0M x 35.0M,Digi Cell,,50.197.75.77,WAN1,50.197.75.77,VICTORY STUDIOS,192.168.2.150,Private IP
WAS 28,WAS 28,Primary,Comcast Workplace,RAND L KOLER AND ASSOCIA,No Match,39,300.0M x 30.0M,$175.56,WAN 1 | Astound | 300.0M x 300.0M | WAN 2 | Comcast Workplace | 300.0M x 30.0M,Astound,300.0M x 300.0M,Comcast Workplace,300.0M x 30.0M,173.160.197.253,WAN2,152.44.147.10,Wave Broadband,173.160.197.253,RAND L KOLER AND ASSOCIA
WDGA01_01,WDGA01_01 -B,Secondary,AT&T Broadband II,,No Match,0,300.0M x 300.0M,$105.01,,,,,,104.61.91.209,Unknown,,,,
WDIL01,WDIL01,Primary,AT&T Broadband II,,No Match,0,1000.0M x 1000.0M,$165.01,,,,,,104.185.193.161,Unknown,,,,
WDTD01,WDTD01,Primary,AT&T Broadband II,,No Match,0,1000.0M x 1000.0M,$165.00,,,,,,107.132.157.73,Unknown,,,,
WIG 01,WIG 01,Primary,Spectrum,CINCINNATI TENANT,No Match,31,750.0M x 35.0M,$244.45,WAN 1 | Spectrum | 600.0M x 35.0M | WAN 2 | Digi | Cell,Spectrum,600.0M x 35.0M,Digi Cell,,98.103.62.50,WAN1,98.103.62.50,CINCINNATI TENANT,192.168.2.238,Private IP
WYO 03,WYO 03,Primary,Mountain West Technologies,Titan Electric ,No Match,50,500.0M x 500.0M,$350.00,WAN 1 | Mountain West Technologies | 500.0M x 500.0M | WAN 2 | Spectrum | 600.0M x 35.0M,Mountain West Technologies,500.0M x 500.0M,Spectrum,600.0M x 35.0M,66.119.61.198,WAN1,66.119.61.198,Titan Electric ,47.47.132.138,Charter Communications
