site_name,interface,ip_address,provider_name,ip_assignment_status,circuit_type
ALB 01,WAN1,108.209.60.25,AT&T Broadband II,static,DSR
ALB 01,WAN2,24.197.4.98,Spectrum,static,DSR
ALB 03,WAN1,66.190.127.170,Spectrum,static,DSR
ALM 01,WAN1,35.135.143.110,Spectrum,static,DSR
ALM 01,WAN2,66.141.81.241,AT&T Broadband II,static,DSR
ALM 02,WAN1,156.19.135.26,Spectrum,static,DSR
ALM 03,WAN1,156.19.130.22,Spectrum,static,DSR
ALM 03,WAN2,75.6.50.193,AT&T Broadband II,static,DSR
ALM 04,WAN1,76.242.168.129,AT&T Broadband II,static,DSR
ALM 04,WAN2,24.197.80.118,Spectrum,static,DSR
ALN 01,WAN1,96.82.23.117,Comcast Workplace,static,DSR
ALN 02,WAN1,162.199.104.113,AT&T Broadband II,static,DSR
ALN 02,WAN2,70.90.225.177,Comcast Workplace,static,DSR
ALS 01,WAN1,173.197.231.154,Spectrum,static,DSR
ALS 01,WAN2,96.72.25.77,Comcast Workplace,static,DSR
ALS 02,WAN1,50.86.27.54,C Spire,static,DSR
ALS 02,WAN2,64.159.249.182,Brightspeed,static,DSR
ARL 01,WAN1,107.129.220.41,AT&T Broadband II,static,DSR
ARL 01,WAN2,50.214.80.29,Comcast Workplace,static,DSR
ARL 02,WAN1,108.241.236.49,AT&T Broadband II,static,DSR
ARL 02,WAN2,50.214.80.229,Comcast Workplace,static,DSR
ARL 03,WAN1,24.144.4.162,Conway Corporation,static,DSR
ARL 03,WAN2,107.129.216.209,AT&T Broadband II,static,DSR
ARL 04,WAN2,108.241.237.49,AT&T Broadband II,static,DSR
ARL 05,WAN1,107.140.226.113,AT&T Broadband II,static,DSR
ARL 05,WAN2,199.38.125.142,Ritter Communications,static,DSR
ARL 06,WAN1,65.57.63.26,Brightspeed,static,DSR
ARO 01,WAN1,108.252.38.25,AT&T Broadband II,static,DSR
ARO 01,WAN2,174.76.168.174,Cox Business/BOI,static,DSR
ARO 02,WAN1,104.3.166.57,AT&T Broadband II,static,DSR
ARO 02,WAN2,98.187.167.3,Cox Business/BOI,static,DSR
ARO 03,WAN1,104.3.161.209,AT&T Broadband II,static,DSR
ARO 03,WAN2,72.196.88.47,Cox Business/BOI,static,DSR
ARO 04,WAN1,98.187.167.138,Cox Business/BOI,static,DSR
ARO 04,WAN2,99.3.51.41,AT&T Broadband II,static,DSR
ARO 05,WAN1,207.66.103.214,Yelcot Communications,static,DSR
ARO 05,WAN2,69.195.29.6,Ritter Communications,static,DSR
AZC 01,WAN1,68.15.189.118,Cox Business/BOI,static,DSR
AZF 01,WAN1,72.166.76.98,DSR CLink Fiber,static,Non-DSR
AZF 02,WAN1,207.192.240.178,Altice West,static,DSR
AZH 01,WAN1,24.121.227.61,Optimum,static,Non-DSR
AZK 01,WAN1,104.235.17.254,Frontier,static,DSR
AZN 02,WAN1,24.117.65.74,"CABLE ONE, INC.",static,Non-DSR
AZN 03,WAN1,67.60.206.6,Sparklight,static,DSR
AZN 04,WAN1,12.39.141.194,Frontier,static,Non-DSR
AZN 05,WAN1,69.171.123.138,TransWorld,static,DSR
AZN 06,WAN1,159.118.232.190,Sparklight,static,DSR
AZP 01,WAN1,24.250.126.75,Cox Business/BOI,static,DSR
AZP 03,WAN1,98.190.154.148,Cox Business BOI,static,Non-DSR
AZP 05,WAN1,72.216.209.162,Cox Business/BOI,static,DSR
AZP 05,WAN2,98.97.188.165,Starlink,static,Non-DSR
AZP 07,WAN1,184.186.205.106,Cox Business/BOI,static,DSR
AZP 08,WAN1,68.15.185.94,Cox Business/BOI,static,DSR
AZP 09,WAN1,24.250.98.131,Cox Business/BOI,static,DSR
AZP 09,WAN2,67.40.64.233,EB2-Lumen DSL,static,DSR
AZP 10,WAN1,98.174.224.236,Cox Communications,static,Non-DSR
AZP 11,WAN1,98.172.73.114,Cox Business/BOI,static,DSR
AZP 13,WAN1,184.183.11.229,Cox Communications,static,Non-DSR
AZP 14,WAN1,70.175.28.153,Cox Communications,static,Non-DSR
AZP 17,WAN1,24.248.0.187,Cox Business/BOI,static,DSR
AZP 18,WAN1,184.181.22.14,Cox Business/BOI,static,DSR
AZP 18,WAN2,67.40.67.153,EB2-CenturyLink DSL,static,DSR
AZP 19,WAN1,184.190.7.139,Cox Business/BOI,static,DSR
AZP 20,WAN1,208.77.60.230,Saddleback Communications,static,DSR
AZP 21,WAN1,98.174.240.157,Cox Business/BOI,static,DSR
AZP 21,WAN2,67.42.35.212,CenturyLink,static,Non-DSR
AZP 22,WAN1,70.177.10.244,Cox Business/BOI,static,DSR
AZP 22,WAN2,65.103.195.225,EB2-Centurylink DSL,static,DSR
AZP 23,WAN1,72.212.131.138,Cox Business/BOI,static,DSR
AZP 24,WAN1,72.212.133.26,Cox Business/BOI,static,DSR
AZP 24,WAN2,65.103.195.249,EB2-Centurylink DSL,static,DSR
AZP 25,WAN1,98.174.253.101,Cox Business/BOI,static,DSR
AZP 26,WAN1,70.175.19.222,Cox Business/BOI,static,DSR
AZP 26,WAN2,216.161.167.41,EB2-Centurylink DSL,static,DSR
AZP 27,WAN1,68.14.223.218,Cox Business/BOI,static,DSR
AZP 27,WAN2,65.101.24.225,CenturyLink,static,Non-DSR
AZP 28,WAN1,98.174.246.37,Cox Business/BOI,static,DSR
AZP 28,WAN2,63.228.128.81,CenturyLink,static,Non-DSR
AZP 29,WAN1,184.187.210.108,Cox Business/BOI,static,DSR
AZP 29,WAN2,67.40.65.73,EB2-Lumen DSL,static,DSR
AZP 30,WAN1,72.215.195.100,Cox Business/BOI,static,DSR
AZP 30,WAN2,216.161.167.57,EB2-Centurylink DSL,static,DSR
AZP 31,WAN1,24.250.117.149,Cox Business/BOI,static,DSR
AZP 32,WAN1,184.187.215.58,Cox Communications,static,Non-DSR
AZP 33,WAN1,72.212.138.164,Cox Communications,static,Non-DSR
AZP 34,WAN1,70.175.19.221,Cox Communications,static,Non-DSR
AZP 35,WAN1,184.188.109.66,Cox Communications,static,Non-DSR
AZP 37,WAN1,68.14.208.68,Cox Business/BOI,static,DSR
AZP 37,WAN2,65.101.37.57,CenturyLink,static,Non-DSR
AZP 38,WAN1,98.190.138.162,Cox Communications,static,Non-DSR
AZP 39,WAN1,98.190.130.72,Cox Communications,static,Non-DSR
AZP 41,WAN1,12.111.1.74,AT&T,static,DSR
AZP 42,WAN1,24.249.183.88,Cox Business/BOI,static,DSR
AZP 43,WAN1,24.250.112.162,Cox Business/BOI,static,DSR
AZP 43,WAN2,63.226.59.241,CenturyLink,static,Non-DSR
AZP 44,WAN1,63.226.63.17,CenturyLink,static,Non-DSR
AZP 45,WAN1,184.188.208.14,Cox Communications,static,Non-DSR
AZP 46,WAN2,216.161.165.105,EB2-Centurylink DSL,static,DSR
AZP 47,WAN1,24.250.126.108,Cox Business/BOI,static,DSR
AZP 47,WAN2,70.56.190.49,CenturyLink,static,Non-DSR
AZP 48,WAN1,98.174.240.92,Cox Business/BOI,static,DSR
AZP 49,WAN1,65.101.21.49,CenturyLink,static,Non-DSR
AZP 50,WAN1,72.212.146.133,Cox Business/BOI,static,DSR
AZP 51,WAN1,174.79.51.123,Cox Business/BOI,static,DSR
AZP 53,WAN1,72.212.135.50,Cox Communications,static,Non-DSR
AZP 54,WAN1,174.66.126.100,Cox Business/BOI,static,DSR
AZP 54,WAN2,216.161.165.161,CenturyLink/Qwest,static,DSR
AZP 55,WAN1,204.132.235.26,CenturyLink,static,Non-DSR
AZP 56,WAN1,63.224.146.6,ComcastAgg,static,Non-DSR
AZP 58,WAN1,72.194.165.206,Cox Communications,static,Non-DSR
AZP 59,WAN1,70.175.31.234,Cox Communications,static,Non-DSR
AZP 60,WAN1,74.84.70.98,Mediacom Communications Corporation,static,Non-DSR
AZP 61,WAN1,72.194.182.2,Cox Communications,static,Non-DSR
AZS 01,WAN1,98.190.144.243,Cox Communications,static,Non-DSR
AZT 01,WAN1,72.194.173.124,Cox Communications,static,Non-DSR
AZT 02,WAN1,68.98.215.100,Cox Business/BOI,static,DSR
AZT 02,WAN2,65.100.99.25,EB2-Centurylink DSL,static,DSR
AZT 03,WAN1,184.183.13.237,Cox Communications,static,Non-DSR
AZT 06,WAN1,50.208.236.45,Comcast Workplace,static,DSR
AZT 07,WAN1,72.214.214.230,Cox Communications,static,Non-DSR
AZT 09,WAN1,75.146.134.225,Comcast Workplace,static,DSR
AZT 10,WAN1,98.190.145.73,Cox Business/BOI,static,DSR
AZT 11,WAN1,50.248.113.137,Comcast Workplace,static,DSR
AZT 12,WAN1,98.164.141.100,Cox Business/BOI,static,DSR
AZT 13,WAN1,68.98.221.146,Cox Business/BOI,static,DSR
AZT 13,WAN2,67.41.31.9,GTT ESA2 ADSL,static,Non-DSR
AZT 14,WAN1,68.14.243.158,Cox Business/BOI,static,DSR
AZT 14,WAN2,204.17.50.34,"Login, Inc.",static,Non-DSR
AZY 01,WAN1,74.62.234.182,Spectrum,static,DSR
AZY 02,WAN1,170.64.15.200,Allo Communications,static,DSR
AZY 02,WAN2,76.79.115.26,Spectrum,static,DSR
CAL 01,WAN1,76.83.31.54,Spectrum,static,DSR
CAL 01,WAN2,47.180.162.176,EB2-Frontier Fiber,static,DSR
CAL 02,WAN1,137.27.244.230,Spectrum,static,DSR
CAL 02,WAN2,47.176.36.66,Frontier MetroFiber,static,DSR
CAL 03,WAN1,47.180.197.231,GTT Ethernet,static,DSR
CAL 04,WAN1,99.124.162.177,AT&T Broadband II,static,DSR
CAL 04,WAN2,137.27.235.102,Spectrum,static,DSR
CAL 05,WAN1,69.75.15.162,Spectrum,static,DSR
CAL 06,WAN1,173.196.167.10,Spectrum,static,DSR
CAL 07,WAN1,162.198.186.161,AT&T Broadband II,static,DSR
CAL 08,WAN1,137.27.225.142,Spectrum,static,DSR
CAL 08,WAN2,68.95.185.33,AT&T Broadband II,static,DSR
CAL 09,WAN1,98.152.191.174,Spectrum,static,DSR
CAL 09,WAN2,47.180.28.28,EB2-Frontier Fiber,static,DSR
CAL 10,WAN1,47.46.116.90,Spectrum,static,DSR
CAL 11,WAN1,184.188.125.168,Cox Communications,static,Non-DSR
CAL 12,WAN1,45.25.217.241,AT&T Broadband II,static,DSR
CAL 13,WAN1,47.181.218.180,Frontier Communications,static,Non-DSR
CAL 14,WAN1,72.34.90.78,DSR One Ring Networks | Fixed Wireless |,static,Non-DSR
CAL 15,WAN1,98.153.174.142,Spectrum,static,DSR
CAL 17,WAN1,47.176.201.18,Frontier Communications,static,Non-DSR
CAL 18,WAN1,47.46.116.74,Spectrum,static,DSR
CAL 19,WAN1,99.29.108.233,AT&T Broadband II,static,DSR
CAL 20,WAN1,47.179.15.126,Frontier Communications,static,Non-DSR
CAL 21,WAN1,68.77.247.81,AT&T Broadband,static,DSR
CAL 21,WAN2,23.114.69.105,AT&T Broadband,static,DSR
CAL 22,WAN1,173.196.160.142,Spectrum,static,DSR
CAL 22,WAN2,108.227.54.145,AT&T Broadband II,static,DSR
CAL 23,WAN1,99.128.22.105,AT&T Broadband II,static,DSR
CAL 23,WAN2,24.199.26.158,Spectrum,static,DSR
CAL 24,WAN1,47.176.12.58,Frontier Communications,static,Non-DSR
CAL 26,WAN1,67.53.103.142,Spectrum,static,DSR
CAL 26,WAN2,99.30.252.57,AT&T Broadband II,static,DSR
CAL 28,WAN1,137.27.238.234,Spectrum,static,DSR
CAL 29,WAN1,12.3.118.66,Frontier,static,DSR
CAL 31,WAN1,76.80.189.186,Spectrum,static,DSR
CAL 33,WAN1,23.24.207.137,Comcast Workplace,static,DSR
CAL 35,WAN1,107.215.140.233,AT&T Broadband II,static,DSR
CAL 35,WAN2,47.46.116.98,Spectrum,static,DSR
CAL 37,WAN1,144.129.44.198,Spectrum,static,DSR
CAL 38,WAN1,71.95.197.18,Spectrum,static,DSR
CAL 41,WAN1,108.227.52.33,AT&T Broadband II,static,DSR
CAL 41,WAN2,45.59.236.50,Spectrum,static,DSR
CAL 42,WAN1,107.200.251.9,AT&T Broadband II,static,DSR
CAL 43,WAN1,104.52.151.233,AT&T Broadband II,static,DSR
CAL 43,WAN2,68.189.120.98,Spectrum,static,DSR
CAL 44,WAN1,104.52.24.57,AT&T Broadband II,static,DSR
CAL 44,WAN2,24.199.12.162,Spectrum,static,DSR
CAL 46,WAN1,47.176.224.250,EB2-Frontier Fiber,static,DSR
CAL 47,WAN2,72.34.92.210,One Ring Networks,static,Non-DSR
CAL 48,WAN1,98.173.25.45,Cox Communications,static,Non-DSR
CAL 49,WAN1,104.4.217.33,AT&T Broadband II,static,DSR
CAL 49,WAN2,24.199.63.18,Spectrum,static,DSR
CAL 50,WAN1,137.27.200.110,Spectrum,static,DSR
CAL 50,WAN2,47.180.4.158,EB2-Frontier Fiber,static,DSR
CAN 02,WAN1,23.118.223.49,AT&T Broadband II,static,DSR
CAN 03,WAN1,162.225.208.9,AT&T Broadband II,static,DSR
CAN 03,WAN2,50.196.146.221,Comcast Workplace,static,DSR
CAN 04,WAN1,96.76.217.185,Comcast Workplace,static,DSR
CAN 05,WAN1,50.209.152.21,Comcast Workplace,static,DSR
CAN 05,WAN2,108.95.164.233,AT&T Broadband II,static,DSR
CAN 07,WAN1,75.147.239.149,Comcast Workplace,static,DSR
CAN 10,WAN1,96.71.242.65,Comcast Workplace,static,DSR
CAN 10,WAN2,23.118.222.113,AT&T Broadband II,static,DSR
CAN 11,WAN1,173.13.137.81,Comcast Workplace,static,DSR
CAN 12,WAN1,204.11.231.174,DSR Etheric FixedWireless,static,Non-DSR
CAN 13,WAN1,50.250.224.109,Comcast Workplace,static,DSR
CAN 13,WAN2,108.218.206.17,AT&T Broadband II,static,DSR
CAN 14,WAN1,172.1.57.65,AT&T Broadband II,static,DSR
CAN 14,WAN2,50.208.43.185,Comcast Workplace,static,DSR
CAN 15,WAN1,45.19.142.201,AT&T Broadband II,static,DSR
CAN 16,WAN1,47.176.225.2,Frontier Communications,static,Non-DSR
CAN 17,WAN1,75.144.253.237,Comcast Workplace,static,DSR
CAN 17,WAN2,104.2.149.17,AT&T Broadband,static,DSR
CAN 18,WAN1,162.198.215.73,AT&T Broadband II,static,DSR
CAN 19,WAN1,68.189.91.250,Spectrum,static,DSR
CAN 19,WAN2,107.203.64.209,AT&T Broadband II,static,DSR
CAN 20,WAN1,207.183.228.254,"Consolidated Communications, Inc.",static,Non-DSR
CAN 21,WAN1,173.11.79.109,Comcast Workplace,static,DSR
CAN 21,WAN2,108.95.161.49,AT&T Broadband II,static,DSR
CAN 22,WAN1,50.213.15.41,Comcast Workplace,static,Non-DSR
CAN 22,WAN2,99.87.250.177,AT&T Broadband II,static,DSR
CAN 23,WAN1,76.243.122.133,"AT&T Enterprises, LLC",static,Non-DSR
CAN 23,WAN2,173.8.170.141,Comcast Workplace,static,DSR
CAN 24,WAN1,45.19.143.81,AT&T Broadband II,static,DSR
CAN 24,WAN2,96.81.191.61,Comcast Workplace,static,DSR
CAN 25,WAN1,96.92.113.13,Comcast,static,Non-DSR
CAN 25,WAN2,99.3.127.17,AT&T Broadband II,static,DSR
CAN 26,WAN1,50.73.61.21,Comcast Workplace,static,DSR
CAN 28,WAN1,50.120.20.9,EB2-Frontier Fiber,static,DSR
CAN 28,WAN2,96.71.202.17,Comcast Workplace,static,DSR
CAN 30,WAN1,75.18.222.33,AT&T Broadband II,static,DSR
CAN 30,WAN2,96.77.192.105,Comcast,static,Non-DSR
CAN 31,WAN1,172.1.56.153,AT&T Broadband II,static,DSR
CAN 31,WAN2,75.144.244.65,Comcast Workplace,static,DSR
CAN 32,WAN1,104.4.77.193,AT&T Broadband II,static,DSR
CAN 32,WAN2,166.248.10.1,Verizon Business,static,Non-DSR
CAN 33,WAN1,67.180.66.59,Comcast Workplace,static,DSR
CAN 33,WAN2,104.6.121.241,AT&T Broadband II,static,DSR
CAN 34,WAN1,23.24.222.45,Comcast Workplace,static,DSR
CAN 35,WAN1,99.156.67.249,AT&T Broadband II,static,DSR
CAN 35,WAN2,50.255.225.209,Comcast,static,Non-DSR
CAN 36,WAN1,24.180.12.122,Spectrum,static,DSR
CAN 37,WAN1,99.87.229.153,AT&T Broadband II,static,DSR
CAN 37,WAN2,162.17.80.189,Comcast Workplace,static,DSR
CAN 38,WAN1,108.251.54.65,AT&T Broadband II,static,DSR
CAN 39,WAN1,76.14.161.29,Astound,static,DSR
CAN 39,WAN2,99.156.64.9,AT&T Broadband II,static,DSR
CAN 41,WAN1,50.211.212.13,Comcast Workplace,static,DSR
CAN 41,WAN2,99.43.103.177,AT&T Broadband II,static,DSR
CAN 42,WAN1,96.71.204.201,Comcast Workplace,static,DSR
CAN 43,WAN1,45.26.112.129,AT&T Broadband II,static,DSR
CAN 44,WAN1,173.10.12.149,Comcast Workplace,static,DSR
CAN 45,WAN1,45.16.98.121,AT&T,static,Non-DSR
CAN 46,WAN1,162.225.210.97,AT&T Broadband II,static,DSR
CAN 47,WAN1,71.27.121.133,Comcast Workplace,static,DSR
CAN 47,WAN2,75.18.223.145,AT&T Broadband II,static,DSR
CAN 48,WAN1,71.92.248.190,Spectrum,static,DSR
CAN 48,WAN2,68.78.74.37,AT&T Broadband II,static,DSR
CAN 49,WAN1,162.225.215.146,AT&T Broadband II,static,DSR
CAN 50,WAN1,66.208.212.153,Comcast Workplace,static,DSR
CAN 51,WAN1,47.47.86.246,Spectrum,static,DSR
CAN 51,WAN2,108.227.46.201,AT&T Broadband II,static,DSR
CAN 52,WAN1,66.60.178.178,DSR ConsolComms,static,Non-DSR
CAN 53,WAN1,130.250.202.186,Vast Networks,static,DSR
CAN 53,WAN2,96.86.129.253,Comcast Workplace,static,DSR
CAN 54,WAN1,75.36.6.121,AT&T Broadband II,static,DSR
CAN 55,WAN1,71.27.104.197,Comcast Workplace,static,DSR
CAN 55,WAN2,74.116.203.118,Succeed-net,static,DSR
CAN 56,WAN1,96.82.117.145,Comcast Workplace,static,DSR
CAN 56,WAN2,107.207.172.233,AT&T Broadband II,static,DSR
CAN 57,WAN1,99.87.224.225,AT&T Broadband II,static,DSR
CAN 58,WAN2,75.150.3.233,Comcast Workplace,static,DSR
CAN 60,WAN1,104.49.8.113,AT&T Broadband II,static,DSR
CAN 60,WAN2,96.81.164.189,Comcast Workplace,static,DSR
CAN 61,WAN1,104.11.46.81,AT&T Broadband II,static,DSR
CAO 01,WAN1,12.16.40.114,AT&T,static,DSR
CAO 03,WAN1,47.181.255.152,EB2-Frontier Fiber,static,DSR
CAO 03,WAN2,47.180.218.74,GTT Ethernet,static,DSR
CAO 05,WAN1,108.80.87.129,AT&T Broadband II,static,DSR
CAO 06,WAN1,76.248.43.73,AT&T Broadband II,static,DSR
CAO 06,WAN2,98.189.252.131,Cox Business/BOI,static,DSR
CAS 01,WAN1,184.181.27.110,Cox Communications,static,Non-DSR
CAS 02,WAN1,12.71.205.234,AT&T,static,Non-DSR
CAS 04,WAN1,69.152.38.193,AT&T Broadband II,static,DSR
CAS 04,WAN2,68.15.27.103,Cox Business/BOI,static,DSR
CAS 05,WAN1,104.185.82.209,AT&T Broadband II,static,DSR
CAS 05,WAN2,98.186.226.135,Cox Business/BOI,static,DSR
CAS 06,WAN1,107.141.97.225,AT&T Broadband II,static,DSR
CAS 07,WAN1,162.196.236.73,AT&T Broadband II,static,DSR
CAS 07,WAN2,98.175.240.168,Cox Business/BOI,static,DSR
CAS 08,WAN1,99.68.11.209,AT&T Broadband II,static,DSR
CAS 08,WAN2,70.166.8.50,Cox Business/BOI,static,DSR
CAS 09,WAN1,98.178.227.93,Cox Communications,static,Non-DSR
CAS 10,WAN1,108.80.216.1,AT&T Broadband II,static,DSR
CAS 10,WAN2,72.206.95.54,Cox Business/BOI,static,DSR
CAS 11,WAN1,68.94.116.201,AT&T Broadband II,static,DSR
CAS 12,WAN1,104.9.51.57,AT&T Broadband II,static,DSR
CAS 14,WAN1,108.250.153.129,AT&T Broadband II,static,DSR
CAS 14,WAN2,68.105.244.238,Cox Business/BOI,static,DSR
CAS 15,WAN1,108.201.145.89,AT&T Broadband II,static,DSR
CAS 16,WAN1,98.173.33.135,Cox Communications,static,Non-DSR
CAS 17,WAN1,68.15.26.234,Cox Communications,static,Non-DSR
CAS 18,WAN1,104.190.5.209,AT&T Broadband II,static,DSR
CAS 18,WAN2,68.105.250.171,Cox Business/BOI,static,DSR
CAS 19,WAN1,98.173.43.218,Cox Business/BOI,static,DSR
CAS 20,WAN1,76.83.53.58,Spectrum,static,DSR
CAS 21,WAN1,76.53.129.210,Charter Communications Inc,static,Non-DSR
CAS 22,WAN1,98.189.80.12,Cox Business/BOI,static,DSR
CAS 22,WAN2,108.92.93.121,AT&T Broadband II,static,DSR
CAS 23,WAN1,76.53.240.54,Spectrum,static,DSR
CAS 23,WAN2,99.85.49.65,AT&T Broadband II,static,DSR
CAS 24,WAN1,173.198.38.138,Spectrum,static,DSR
CAS 24,WAN2,104.13.227.217,AT&T Broadband II,static,DSR
CAS 25,WAN1,108.80.80.249,AT&T Broadband II,static,DSR
CAS 25,WAN2,24.43.80.98,Spectrum,static,DSR
CAS 27,WAN1,98.189.219.228,Cox Business/BOI,static,DSR
CAS 27,WAN2,108.201.233.185,AT&T Broadband II,static,DSR
CAS 28,WAN1,75.26.3.237,AT&T Broadband II,static,DSR
CAS 28,WAN2,68.15.9.83,Cox Business/BOI,static,DSR
CAS 31,WAN1,47.180.146.117,Frontier Fios,static,DSR
CAS 32,WAN1,98.153.138.150,DSR Comcast,static,Non-DSR
CAS 32,WAN2,166.248.10.23,Verizon Business,static,Non-DSR
CAS 33,WAN1,98.153.179.158,Spectrum,static,DSR
CAS 34,WAN1,45.31.45.129,AT&T Broadband II,static,DSR
CAS 34,WAN2,68.15.15.104,Cox Business/BOI,static,DSR
CAS 35,WAN1,47.176.206.178,Frontier Communications,static,Non-DSR
CAS 36,WAN1,76.81.227.222,Spectrum,static,DSR
CAS 37,WAN1,184.189.109.141,Cox Business/BOI,static,DSR
CAS 38,WAN1,107.130.10.153,AT&T Broadband II,static,DSR
CAS 38,WAN2,184.189.110.7,Cox Business/BOI,static,DSR
CAS 39,WAN1,173.198.38.142,Spectrum,static,DSR
CAS 40,WAN1,47.179.21.123,Frontier Communications,static,Non-DSR
CAS 41,WAN1,47.176.225.10,Frontier Communications,static,Non-DSR
CAS 42,WAN1,72.211.52.244,Cox Communications,static,Non-DSR
CAS 43,WAN1,69.75.186.178,Spectrum,static,DSR
CAS 43,WAN2,76.210.254.185,AT&T Broadband II,static,DSR
CAS 44,WAN1,104.59.74.145,AT&T Broadband II,static,DSR
CAS 44,WAN2,69.75.66.142,Spectrum,static,DSR
CAS 45,WAN1,162.196.235.249,AT&T Broadband II,static,DSR
CAS 46,WAN1,12.111.1.98,AT&T,static,DSR
CAS 47,WAN1,99.47.87.137,AT&T Broadband II,static,DSR
CAS 48,WAN1,47.180.235.173,Frontier Communications,static,Non-DSR
CAS 49,WAN1,76.53.67.30,Spectrum,static,DSR
CAS 50,WAN1,47.181.172.127,EB2-Frontier Fiber,static,DSR
CAS 50,WAN2,47.180.196.75,GTT Ethernet,static,DSR
CAS 51,WAN1,68.15.20.182,Cox Business/BOI,static,Non-DSR
CAS 51,WAN2,76.199.106.113,AT&T Broadband II,static,DSR
CAS 53,WAN1,75.60.234.33,AT&T Broadband II,static,DSR
CAS 53,WAN2,174.77.167.8,Cox Business/BOI,static,DSR
COB 01,WAN1,50.211.228.33,Comcast Workplace,static,DSR
COB 01,WAN2,67.40.41.89,EB2-Centurylink DSL,static,DSR
COD 01,WAN1,96.78.2.33,Comcast,static,DSR
COD 02,WAN1,96.76.171.13,Comcast Workplace,static,DSR
COD 03,WAN1,96.75.122.169,Comcast,static,DSR
COD 04,WAN1,50.190.67.161,Comcast Workplace,static,DSR
COD 05,WAN1,70.89.171.173,Comcast Workplace,static,DSR
COD 06,WAN1,63.231.93.145,CenturyLink,static,Non-DSR
COD 07,WAN1,50.214.21.189,Comcast Workplace,static,DSR
COD 08,WAN1,96.75.124.5,Comcast,static,DSR
COD 09,WAN1,96.75.102.5,Comcast,static,DSR
COD 10,WAN1,50.190.70.173,Comcast Workplace,static,DSR
COD 11,WAN1,75.145.115.1,Comcast Workplace,static,DSR
COD 13,WAN1,96.76.170.93,Comcast,static,DSR
COD 14,WAN1,50.246.194.125,Comcast Workplace,static,DSR
COD 15,WAN1,96.90.174.117,Comcast,static,Non-DSR
COD 17,WAN1,96.76.168.233,Comcast,static,Non-DSR
COD 18,WAN1,50.190.87.25,Comcast Workplace,static,DSR
COD 19,WAN1,63.239.214.18,CenturyLink,static,Non-DSR
COD 20,WAN1,96.78.4.81,Comcast Workplace,static,DSR
COD 21,WAN1,50.211.254.149,Comcast Workplace,static,DSR
COD 21,WAN2,63.229.227.41,CenturyLink,static,Non-DSR
COD 22,WAN1,74.92.221.65,"Comcast Cable Communications, LLC",static,Non-DSR
COD 23,WAN1,50.209.236.229,Comcast,static,Non-DSR
COD 23,WAN2,67.40.43.129,EB2-Lumen DSL,static,DSR
COD 24,WAN1,96.69.179.121,Comcast Workplace,static,DSR
COD 25,WAN1,50.242.141.237,Comcast Workplace,static,DSR
COD 25,WAN2,67.40.41.177,EB2-Centurylink DSL,static,DSR
COD 26,WAN1,96.66.88.141,Comcast Workplace,static,DSR
COD 26,WAN2,63.229.239.225,EB2-Centurylink DSL,static,DSR
COD 27,WAN1,50.189.36.57,Comcast Workplace,static,DSR
COD 28,WAN1,50.194.145.129,Comcast Workplace,static,DSR
COD 28,WAN2,12.109.239.26,AT&T,static,Non-DSR
COD 29,WAN1,173.8.235.101,Comcast Workplace,static,DSR
COD 30,WAN1,50.214.12.145,Comcast Workplace,static,DSR
COD 31,WAN1,192.190.112.119,MallCom Networks,static,DSR
COD 32,WAN1,96.87.43.105,Comcast Workplace,static,DSR
COD 32,WAN2,63.227.119.113,CenturyLink,static,Non-DSR
COD 34,WAN1,65.103.115.121,CenturyLink,static,Non-DSR
COD 35,WAN1,96.66.73.17,Comcast Workplace,static,DSR
COD 35,WAN2,66.185.98.122,LiveWire Net,static,DSR
COD 36,WAN1,50.189.32.85,Comcast Workplace,static,DSR
COD 36,WAN2,67.41.196.217,CenturyLink,static,Non-DSR
COD 37,WAN1,50.246.196.57,Comcast Workplace,static,DSR
COD 38,WAN1,63.229.225.1,CenturyLink,static,Non-DSR
COD 39,WAN1,96.84.240.97,Comcast Workplace,static,DSR
COD 40,WAN1,71.24.134.221,Comcast Workplace,static,DSR
COD 41,WAN1,65.56.84.242,Lumen,static,DSR
COD 42,WAN1,23.24.156.189,Comcast Workplace,static,DSR
COG 01,WAN1,69.145.255.206,Spectrum,static,DSR
COG 01,WAN2,67.40.42.209,EB2-Centurylink DSL,static,DSR
Cog 02,WAN1,50.198.210.201,Comcast,static,DSR
Cog 02,WAN2,74.114.7.176,Community Broadband Network,static,Non-DSR
COG 03,WAN1,47.47.138.238,Spectrum,static,DSR
CON 02,WAN1,50.250.132.165,Comcast Workplace,static,DSR
CON 03,WAN1,198.99.82.203,FORT COLLINS CONNEXION,static,DSR
CON 03,WAN2,70.89.171.149,Comcast Workplace,static,DSR
COP 02,WAN1,50.198.220.193,Comcast Workplace,static,DSR
COP 03,WAN1,173.164.56.61,Comcast Workplace,static,DSR
COP 03,WAN2,63.231.99.233,EB2-Centurylink DSL,static,DSR
COS 01,WAN1,50.211.225.225,Comcast Workplace,static,DSR
COS 02,WAN1,96.75.127.77,Comcast Workplace,static,DSR
COS 03,WAN1,50.211.247.101,Comcast Workplace,static,DSR
COS 03,WAN2,65.102.84.97,EB2-Centurylink DSL,static,DSR
COS 04,WAN1,65.155.48.154,CenturyLink,static,Non-DSR
COS 05,WAN1,104.218.131.50,Unite Private Networks,static,DSR
COS 05,WAN2,96.87.56.41,Comcast Workplace,static,DSR
COS 06,WAN1,96.93.223.105,Comcast Workplace,static,DSR
COS 07,WAN1,50.185.12.249,Comcast Workplace,static,DSR
COW 01,WAN1,47.47.165.38,Spectrum,static,DSR
FLD 01,WAN1,104.12.114.233,AT&T Broadband II,static,DSR
FLD 01,WAN2,97.68.164.202,Spectrum,static,DSR
FLD 04,WAN1,67.9.119.254,Spectrum,static,DSR
FLD 04,WAN2,75.58.182.201,AT&T Broadband II,static,DSR
FLF 01,WAN1,23.31.180.221,Comcast Workplace,static,DSR
FLG 02,WAN1,67.231.63.222,Ocala Fiber Network,static,DSR
FLG 02,WAN2,184.180.146.204,Cox Business/BOI,static,DSR
FLG 03,WAN1,76.250.234.25,AT&T Broadband II,static,DSR
FLG 03,WAN2,96.90.0.189,Comcast Workplace,static,DSR
FLJ 01,WAN1,74.93.170.109,Comcast Workplace,static,DSR
FLJ 01,WAN2,104.177.152.241,AT&T Broadband II,static,DSR
FLJ 02,WAN1,96.71.102.189,Comcast Workplace,static,DSR
FLJ 02,WAN2,76.250.234.65,AT&T Broadband II,static,DSR
FLJ 03,WAN1,50.184.244.137,Comcast Workplace,static,DSR
FLJ 05,WAN1,50.184.244.141,Comcast Workplace,static,DSR
FLJ 05,WAN2,104.48.126.249,AT&T Broadband II,static,DSR
FLJ 06,WAN1,76.237.130.241,AT&T Broadband II,static,DSR
FLJ 06,WAN2,96.65.55.85,Comcast Workplace,static,DSR
FLJ 07,WAN1,50.215.195.161,Comcast Workplace,static,DSR
FLJ 07,WAN2,104.189.160.121,AT&T Broadband II,static,DSR
FLJ 09,WAN1,99.27.29.17,AT&T Broadband II,static,DSR
FLJ 09,WAN2,173.8.36.41,Comcast Workplace,static,DSR
FLJ 10,WAN1,96.71.98.25,Comcast Workplace,static,DSR
FLJ 10,WAN2,76.250.236.129,AT&T Broadband II,static,DSR
FLJ 11,WAN1,99.14.160.169,AT&T Broadband II,static,DSR
FLJ 12,WAN1,99.27.27.169,AT&T Broadband II,static,DSR
FLJ 12,WAN2,74.93.175.77,Comcast Workplace,static,DSR
FLM 01,WAN1,75.112.40.218,Spectrum,static,DSR
FLM 01,WAN2,162.239.27.17,AT&T Broadband II,static,DSR
FLM 02,WAN1,71.41.210.34,Spectrum,static,DSR
FLM 02,WAN2,75.49.166.185,AT&T Broadband II,static,DSR
FLO 01,WAN1,75.112.41.254,Spectrum,static,DSR
FLO 02,WAN1,75.112.39.62,Spectrum,static,DSR
FLO 03,WAN1,68.95.180.85,AT&T Broadband II,static,DSR
FLO 03,WAN2,71.41.117.78,Spectrum,static,DSR
FLO 04,WAN1,45.3.143.186,Spectrum,static,DSR
FLO 04,WAN2,67.38.47.161,AT&T Broadband II,static,DSR
FLO 05,WAN1,45.3.171.18,Spectrum,static,DSR
FLO 06,WAN1,97.68.34.70,Spectrum,static,DSR
FLO 06,WAN2,108.84.88.65,AT&T Broadband II,static,DSR
FLO 07,WAN1,172.2.223.173,AT&T Broadband II,static,DSR
FLO 07,WAN2,45.3.130.82,Spectrum,static,DSR
FLO 08,WAN1,131.148.46.74,Spectrum,static,DSR
FLO 09,WAN1,131.148.26.138,Spectrum,static,DSR
FLO 10,WAN1,71.41.79.238,Spectrum,static,DSR
FLO 11,WAN1,96.94.20.169,Comcast Workplace,static,DSR
FLO 12,WAN1,97.68.106.46,Spectrum,static,DSR
FLO 12,WAN2,45.27.249.129,AT&T Broadband II,static,DSR
FLO 14,WAN1,99.25.86.105,AT&T Broadband II,static,DSR
FLO 14,WAN2,97.71.128.178,Spectrum,static,DSR
FLO 15,WAN1,68.95.178.169,AT&T Broadband II,static,DSR
FLO 15,WAN2,71.42.61.162,Spectrum,static,DSR
FLO 16,WAN1,144.129.80.126,Spectrum,static,DSR
FLP 01,WAN1,174.76.192.26,Cox Business/BOI,static,DSR
FLP 01,WAN2,99.106.185.17,AT&T Broadband II,static,DSR
FLP 02,WAN1,162.233.215.49,AT&T Broadband II,static,DSR
FLP 04,WAN1,98.191.245.201,Cox Business/BOI,static,DSR
FLP 04,WAN2,162.233.210.113,AT&T Broadband II,static,DSR
FLS 01,WAN1,96.64.172.49,Comcast Workplace,static,DSR
FLS 01,WAN2,107.131.180.145,AT&T Broadband II,static,DSR
FLS 02,WAN1,23.24.160.5,Comcast Workplace,static,DSR
FLS 03,WAN1,173.9.149.9,Comcast Workplace,static,DSR
FLS 03,WAN2,76.221.191.169,AT&T Broadband II,static,DSR
FLS 04,WAN1,108.223.229.225,AT&T Broadband II,static,DSR
FLS 04,WAN2,71.27.217.245,Comcast Workplace,static,DSR
FLT 01,WAN1,96.65.145.1,Comcast,static,Non-DSR
FLT 01,WAN2,46.110.99.217,MetroNet,static,DSR
FLT 02,WAN1,50.252.158.189,Comcast,static,Non-DSR
FLT 02,WAN2,46.110.100.229,MetroNet,static,DSR
GAA 01,WAN1,96.73.255.205,Comcast,static,Non-DSR
GAA 01,WAN2,75.52.168.161,AT&T Broadband II,static,DSR
GAA 05,WAN1,96.93.171.53,Comcast,static,Non-DSR
GAA 05,WAN2,75.52.170.49,AT&T Broadband II,static,DSR
GAA 06,WAN1,96.93.161.169,Comcast Workplace,static,DSR
GAA 06,WAN2,162.230.152.9,AT&T Broadband II,static,DSR
GAA 07,WAN1,24.178.75.226,Spectrum,static,DSR
GAA 08,WAN1,162.205.237.113,AT&T Broadband II,static,DSR
GAA 08,WAN2,96.87.236.113,Comcast Workplace,static,DSR
GAA 10,WAN1,162.195.253.1,AT&T Broadband II,static,DSR
GAA 10,WAN2,96.77.85.21,Comcast,static,Non-DSR
GAA 11,WAN1,75.141.179.26,Spectrum,static,DSR
GAA 11,WAN2,172.124.120.201,AT&T Broadband II,static,DSR
GAA 12,WAN1,104.188.254.185,AT&T Broadband II,static,DSR
GAA 12,WAN2,96.73.252.173,Comcast,static,Non-DSR
GAA 13,WAN1,76.216.69.1,AT&T Broadband II,static,DSR
GAA 13,WAN2,96.77.71.133,Comcast,static,Non-DSR
GAA 14,WAN1,96.73.252.21,Comcast,static,Non-DSR
GAA 14,WAN2,107.130.209.169,AT&T Broadband II,static,DSR
GAA 15,WAN1,162.205.233.145,AT&T Broadband II,static,DSR
GAA 15,WAN2,96.77.64.1,Comcast,static,Non-DSR
GAA 17,WAN1,47.46.129.106,Spectrum,static,DSR
GAA 17,WAN2,107.133.226.177,AT&T Broadband II,static,DSR
GAA 18,WAN1,107.130.210.65,AT&T Broadband II,static,DSR
GAA 18,WAN2,96.73.223.85,Comcast,static,Non-DSR
GAA 19,WAN1,75.33.170.97,AT&T Broadband II,static,DSR
GAA 19,WAN2,96.38.200.190,Spectrum,static,DSR
GAA 21,WAN1,108.209.103.225,AT&T Broadband II,static,DSR
GAA 21,WAN2,96.73.249.37,"Comcast Cable Communications, LLC",static,Non-DSR
GAA 22,WAN1,184.176.62.247,Cox Business/BOI,static,DSR
GAA 24,WAN1,71.85.69.170,Spectrum,static,DSR
GAA 24,WAN2,68.72.136.193,AT&T Broadband II,static,DSR
GAA 25,WAN1,162.235.81.185,AT&T Broadband II,static,DSR
GAA 25,WAN2,50.251.137.177,AT&T Broadband II,static,DSR
GAA 26,WAN1,72.212.183.137,Cox Business/BOI,static,DSR
GAA 26,WAN2,162.205.235.113,AT&T Broadband II,static,DSR
GAA 27,WAN1,162.235.50.185,AT&T Broadband II,static,DSR
GAA 27,WAN2,96.67.122.225,Comcast,static,Non-DSR
GAA 28,WAN1,96.77.72.169,Comcast,static,Non-DSR
GAA 28,WAN2,99.8.195.153,AT&T Broadband II,static,DSR
GAA 29,WAN1,104.180.210.185,AT&T Broadband II,static,DSR
GAA 29,WAN2,64.139.67.233,Comcast Workplace,static,DSR
GAA 30,WAN1,107.216.87.73,AT&T Broadband II,static,DSR
GAA 30,WAN2,96.73.252.169,Comcast,static,Non-DSR
GAA 31,WAN1,47.46.148.246,Spectrum,static,DSR
GAA 32,WAN1,96.91.136.237,Comcast Workplace,static,DSR
GAA 32,WAN2,104.61.89.193,AT&T Broadband II,static,DSR
GAA 33,WAN1,162.230.155.225,AT&T Broadband II,static,DSR
GAA 33,WAN2,96.73.212.193,Comcast Workplace,static,DSR
GAA 34,WAN1,108.209.98.49,AT&T Broadband II,static,DSR
GAA 34,WAN2,96.89.79.69,Comcast Workplace,static,DSR
GAA 35,WAN1,70.228.103.225,AT&T Broadband II,static,DSR
GAA 35,WAN2,50.248.240.73,Comcast Workplace,static,DSR
GAA 36,WAN1,108.232.191.161,AT&T Broadband II,static,DSR
GAA 36,WAN2,96.94.172.105,Comcast Workplace,static,DSR
GAA 37,WAN1,107.222.170.169,AT&T Broadband II,static,DSR
GAA 37,WAN2,173.160.71.21,Comcast Workplace,static,DSR
GAA 38,WAN1,70.186.63.72,Cox Business/BOI,static,DSR
GAA 38,WAN2,67.216.148.19,EB2-Hargray Cable,static,DSR
GAA 39,WAN1,50.215.240.117,Comcast Workplace,static,DSR
GAA 39,WAN2,104.184.145.225,AT&T Broadband II,static,DSR
GAA 40,WAN1,104.184.149.249,AT&T Broadband II,static,DSR
GAA 40,WAN2,50.243.202.233,Comcast Workplace,static,DSR
GAA 41,WAN1,71.25.170.29,Comcast Workplace,static,DSR
GAA 42,WAN1,96.77.126.169,Comcast Workplace,static,DSR
GAA 43,WAN2,96.38.224.149,Charter Communications LLC,static,Non-DSR
GAA 44,WAN1,173.160.65.217,Comcast Workplace,static,DSR
GAA 44,WAN2,66.217.86.150,EB2-Windstream Fiber,static,DSR
GAA 45,WAN1,99.28.20.49,AT&T Broadband II,static,DSR
GAA 45,WAN2,192.119.222.34,Mediacom/BOI,static,DSR
GAA 46,WAN1,108.166.159.78,Mediacom/BOI,static,DSR
GAA 46,WAN2,99.14.165.1,AT&T Broadband II,static,DSR
GAE 01,WAN1,74.94.242.169,Comcast Workplace,static,DSR
GAE 01,WAN2,108.175.205.9,EB2-Hargray Cable,static,DSR
GAE 02,WAN1,50.77.1.249,Comcast Workplace,static,DSR
GAE 02,WAN2,108.209.99.25,AT&T Broadband II,static,DSR
GAE 03,WAN1,173.163.230.157,Comcast Workplace,static,DSR
GAE 03,WAN2,99.111.69.89,AT&T Broadband II,static,DSR
GAS 01,WAN1,99.27.27.161,AT&T Broadband II,static,DSR
GAS 01,WAN2,74.84.120.114,Mediacom Communications Corporation,static,Non-DSR
IAC 01,WAN1,45.59.13.82,Mediacom Communications Corporation,static,Non-DSR
IAC 02,WAN1,72.255.120.130,Mediacom Communications Corporation,static,Non-DSR
IAC 02,WAN2,207.191.192.33,ImOn Communications,static,DSR
IAD 01,WAN1,192.119.207.250,Mediacom Communications Corporation,static,Non-DSR
IAD 02,WAN1,149.154.7.70,MetroNet,static,DSR
IAD 02,WAN2,72.255.109.246,Mediacom Communications Corporation,static,Non-DSR
IAD 04,WAN1,72.255.116.186,Mediacom Communications Corporation,static,Non-DSR
IAD 04,WAN2,149.154.7.169,Metronet,static,DSR
IAD 05,WAN1,107.167.215.206,Mediacom/BOI,static,DSR
IAD 05,WAN2,149.154.5.20,Metronet,static,DSR
IAF 01,WAN1,64.59.201.241,Fort Dodge Fiber,static,DSR
IAF 01,WAN2,198.40.226.150,Mediacom Communications Corporation,static,Non-DSR
IAI 01,WAN1,46.110.90.149,Metronet,static,DSR
IAI 01,WAN2,104.201.99.58,Mediacom Communications Corporation,static,Non-DSR
IAN 01,WAN1,72.255.114.186,Mediacom,static,Non-DSR
IAN 01,WAN2,24.149.7.35,Cedar Falls,static,Non-DSR
IAN 02,WAN1,63.142.61.150,Mediacom Communications Corporation,static,Non-DSR
IAN 02,WAN2,65.103.56.177,CenturyLink,static,Non-DSR
IAN 03,WAN1,74.84.121.118,Mediacom Communications Corporation,static,Non-DSR
IAQ 01,WAN1,45.59.5.34,DSR Mediacom,static,Non-DSR
IAQ 01,WAN2,71.33.87.213,ComcastAgg CLink DSL,static,Non-DSR
IAQ 02,WAN1,72.255.79.154,Mediacom Communications Corporation,static,Non-DSR
IAQ 02,WAN2,195.252.226.122,MetroNet,static,DSR
IAS 01,WAN1,149.154.3.162,MetroNet,static,DSR
IAS 01,WAN2,24.119.182.98,Sparklight,static,DSR
IDB 01,WAN1,96.18.66.90,Cable One,static,Non-DSR
IDB 03,WAN1,69.92.163.142,EB2-CableOne Cable,static,DSR
IDB 03,WAN2,70.56.207.57,EB2-Centurylink DSL,static,DSR
IDB 04,WAN1,72.24.12.254,EB2-CableOne Cable,static,DSR
IDB 04,WAN2,65.140.187.146,CenturyLink Fiber Plus,static,DSR
IDB 05,WAN1,24.117.252.114,EB2-CableOne Cable,static,DSR
IDB 05,WAN2,70.56.203.209,EB2-Centurylink DSL,static,DSR
IDB 06,WAN2,24.116.129.22,EB2-CableOne Cable,static,DSR
IDB 07,WAN1,24.117.183.106,EB2-CableOne Cable,static,DSR
IDB 07,WAN2,168.103.46.13,EB2-Centurylink DSL,static,DSR
IDN 01,WAN1,24.123.118.30,Spectrum,static,DSR
IDN 01,WAN2,50.37.227.70,EB2-Ziply Fiber,static,DSR
ILC 01,WAN1,104.12.155.57,AT&T Broadband II,static,DSR
ILC 01,WAN2,96.74.211.233,Comcast,static,Non-DSR
ILC 02,WAN1,96.72.114.241,Comcast Workplace,static,DSR
ILC 02,WAN2,96.81.226.89,Comcast Workplace,static,DSR
ILC 03,WAN1,99.18.8.41,AT&T Broadband II,static,DSR
ILC 03,WAN2,173.15.46.121,Comcast Workplace,static,DSR
ILC 05,WAN1,50.249.209.161,Comcast Workplace,static,DSR
ILC 05,WAN2,107.134.174.161,AT&T Broadband II,static,DSR
ILC 06,WAN1,108.91.15.137,AT&T Broadband II,static,DSR
ILC 06,WAN2,74.94.114.85,Comcast,static,Non-DSR
ILC 07,WAN1,99.35.135.153,AT&T Broadband II,static,DSR
ILC 07,WAN2,96.81.204.185,Comcast Workplace,static,DSR
ILC 08,WAN1,75.146.110.61,Comcast Workplace,static,DSR
ILC 08,WAN2,75.9.255.233,AT&T Broadband II,static,DSR
ILC 09,WAN1,96.74.190.41,Comcast,static,Non-DSR
ILC 09,WAN2,104.4.89.113,AT&T Broadband II,static,DSR
ILC 11,WAN1,96.74.196.161,Comcast,static,DSR
ILC 12,WAN1,96.68.37.73,Comcast,static,DSR
ILC 13,WAN1,96.90.104.229,Comcast Workplace,static,DSR
ILC 14,WAN1,96.72.69.113,Comcast Workplace,static,DSR
ILC 14,WAN2,99.43.120.17,AT&T Broadband II,static,DSR
ILC 15,WAN1,172.125.39.129,AT&T Broadband II,static,DSR
ILC 15,WAN2,96.74.202.21,Comcast,static,Non-DSR
ILC 16,WAN1,50.254.12.245,Comcast Workplace,static,DSR
ILC 17,WAN1,162.197.251.173,AT&T Broadband II,static,DSR
ILC 17,WAN2,162.17.19.41,Comcast Workplace,static,DSR
ILC 18,WAN1,107.200.191.1,AT&T Broadband II,static,DSR
ILC 18,WAN2,96.74.204.97,Comcast,static,Non-DSR
ILC 19,WAN1,162.229.147.233,AT&T Broadband II,static,DSR
ILC 19,WAN2,96.74.149.133,Comcast,static,Non-DSR
ILC 21,WAN1,45.20.166.73,AT&T Broadband II,static,DSR
ILC 21,WAN2,96.68.15.1,Comcast Workplace,static,DSR
ILC 22,WAN1,75.63.66.181,AT&T Broadband II,static,DSR
ILC 22,WAN2,75.146.107.81,Comcast Workplace,static,DSR
ILC 24,WAN1,74.95.111.177,Comcast,static,Non-DSR
ILC 24,WAN2,108.223.111.1,AT&T Broadband II,static,DSR
ILC 25,WAN1,173.161.84.205,Comcast Workplace,static,DSR
ILC 25,WAN2,107.140.248.41,AT&T Broadband II,static,DSR
ILC 27,WAN1,162.17.14.217,Comcast Workplace,static,DSR
ILC 27,WAN2,99.43.124.105,AT&T Broadband II,static,DSR
ILC 28,WAN1,50.247.154.153,Comcast,static,Non-DSR
ILC 29,WAN1,107.223.63.169,AT&T Broadband II,static,DSR
ILC 29,WAN2,75.149.203.125,Comcast,static,Non-DSR
ILC 30,WAN1,173.15.49.97,Comcast Workplace,static,DSR
ILC 30,WAN2,108.91.12.81,AT&T Broadband II,static,DSR
ILC 31,WAN1,50.194.121.125,Comcast Workplace	,static,Non-DSR
ILC 32,WAN1,96.70.42.113,Comcast Workplace,static,DSR
ILC 32,WAN2,107.219.226.217,AT&T Broadband II,static,DSR
ILC 33,WAN1,99.76.24.121,AT&T Broadband II,static,DSR
ILC 34,WAN1,108.233.6.49,AT&T Broadband II,static,DSR
ILC 34,WAN2,96.87.104.145,Comcast Workplace,static,DSR
ILC 35,WAN1,96.90.119.25,Comcast Workplace,static,DSR
ILC 35,WAN2,107.223.61.193,AT&T Broadband II,static,DSR
ILC 36,WAN1,96.65.73.197,Comcast Workplace,static,DSR
ILC 36,WAN2,76.247.15.1,AT&T Broadband II,static,DSR
ILC 37,WAN1,96.81.242.229,Comcast Workplace,static,DSR
ILC 37,WAN2,68.74.149.65,AT&T Broadband II,static,DSR
ILP 01,WAN1,140.141.187.98,i3 Broadband,static,DSR
ILR 01,WAN1,74.94.116.73,Comcast,static,DSR
ILR 02,WAN1,173.9.227.189,Comcast Workplace,static,DSR
ILS 01,WAN1,23.118.5.137,AT&T Broadband II,static,DSR
ILS 01,WAN2,173.15.45.97,Comcast Workplace,static,DSR
ILW 01,WAN1,108.192.143.217,AT&T Broadband II,static,DSR
ILW 01,WAN2,68.188.19.150,Spectrum,static,DSR
ILW 02,WAN1,97.86.173.134,Spectrum,static,DSR
ILW 02,WAN2,107.209.44.177,AT&T Broadband II,static,DSR
INC 01,WAN1,96.65.67.77,Comcast Workplace,static,DSR
INC 02,WAN1,76.247.8.193,AT&T Broadband II,static,DSR
INC 02,WAN2,75.150.222.109,Comcast Workplace,static,DSR
INC 03,WAN1,96.95.113.13,Comcast Workplace,static,DSR
INE 01,WAN1,207.180.180.10,Astound,static,DSR
INE 01,WAN2,107.192.163.33,AT&T Broadband II,static,DSR
INE 02,WAN1,104.181.53.201,AT&T Broadband II,static,DSR
INE 02,WAN2,98.102.32.106,Spectrum,static,DSR
INF 01,WAN1,96.75.247.185,Comcast,static,Non-DSR
INF 02,WAN1,96.75.245.37,Comcast,static,Non-DSR
INF 03,WAN1,152.117.74.243,MetroNet,static,DSR
INF 03,WAN2,173.15.90.217,Comcast Workplace,static,DSR
INF 04,WAN1,50.102.128.90,GTT Ethernet,static,DSR
INI 01,WAN1,104.4.44.153,AT&T Broadband II,static,DSR
INI 01,WAN2,96.72.229.217,Comcast Workplace,static,DSR
INI 02,WAN1,76.194.87.57,AT&T Broadband II,static,DSR
INI 02,WAN2,96.85.177.225,Comcast Workplace,static,DSR
INI 03,WAN1,76.210.157.221,AT&T Broadband II,static,DSR
INI 05,WAN2,75.61.116.233,AT&T Broadband II,static,DSR
INI 06,WAN1,96.79.81.149,Comcast Workplace,static,DSR
INI 07,WAN2,104.4.42.133,AT&T,static,Non-DSR
INI 08,WAN1,96.90.27.121,Comcast Workplace,static,DSR
INI 08,WAN2,69.223.50.153,AT&T Broadband II,static,DSR
INI 09,WAN1,96.72.240.229,Comcast,static,Non-DSR
INI 09,WAN2,107.220.40.169,AT&T Broadband II,static,DSR
INI 10,WAN1,75.61.116.25,AT&T Broadband II,static,DSR
INI 12,WAN1,96.94.237.121,Comcast Workplace,static,DSR
INI 12,WAN2,104.63.183.177,AT&T Broadband II,static,DSR
INI 13,WAN1,50.212.144.125,Comcast Workplace,static,DSR
INI 13,WAN2,104.58.53.105,AT&T Broadband II,static,DSR
INI 14,WAN1,96.94.231.173,Comcast Workplace,static,DSR
INI 15,WAN1,96.82.60.17,Comcast Workplace,static,DSR
INI 15,WAN2,99.145.255.217,AT&T Broadband II,static,DSR
INI 16,WAN1,96.85.176.197,Comcast Workplace,static,DSR
INI 16,WAN2,107.201.196.105,AT&T Broadband II,static,DSR
INJ 01,WAN1,71.66.34.26,Spectrum,static,DSR
INJ 01,WAN2,104.49.57.121,AT&T Broadband II,static,DSR
INL 01,WAN1,69.174.170.102,MetroNet,static,DSR
INL 01,WAN2,96.82.50.57,Comcast Workplace,static,DSR
INN 01,WAN1,96.95.126.105,Comcast Workplace,static,DSR
INN 01,WAN2,99.45.41.201,AT&T Broadband II,static,DSR
INW 01,WAN1,99.39.182.185,AT&T Broadband II,static,DSR
INW 01,WAN2,96.74.215.229,Comcast,static,Non-DSR
INW 02,WAN1,96.72.115.9,Comcast,static,DSR
INW 03,WAN1,173.165.49.113,Comcast Workplace,static,DSR
INW 03,WAN2,99.39.182.113,AT&T Broadband II,static,DSR
KSK 01,WAN1,104.5.151.241,AT&T Broadband II,static,DSR
KSK 01,WAN2,96.73.43.217,Comcast,static,Non-DSR
KSK 02,WAN1,98.100.123.146,Spectrum,static,DSR
KSK 02,WAN2,107.207.18.41,AT&T Broadband II,static,DSR
KSK 03,WAN1,107.132.182.153,AT&T Broadband II,static,DSR
KSK 03,WAN2,74.62.160.234,Spectrum,static,DSR
KSK 05,WAN1,70.88.84.245,Comcast Workplace,static,DSR
KSK 05,WAN2,104.5.145.217,AT&T Broadband II,static,DSR
KSK 06,WAN1,72.131.218.210,Spectrum,static,DSR
KSL 01,WAN1,24.124.116.54,Midcontinent,static,DSR
KSL 01,WAN2,99.35.242.209,AT&T Broadband II,static,DSR
KSM 01,WAN1,72.205.196.166,Cox Business/BOI,static,DSR
KSM 01,WAN2,162.228.250.97,AT&T Broadband II,static,DSR
KSM 02,WAN1,68.99.117.157,Cox Business/BOI,static,DSR
KSM 02,WAN2,99.35.243.57,AT&T Broadband II,static,DSR
KST 01,WAN1,162.228.253.137,AT&T Broadband II,static,DSR
KST 01,WAN2,98.174.116.218,Cox Business/BOI,static,DSR
KSW 01,WAN1,104.189.180.193,AT&T Broadband II,static,DSR
KSW 01,WAN2,72.200.247.28,Cox Business/BOI,static,DSR
KSW 02,WAN1,184.187.231.235,Cox Business/BOI,static,DSR
KSW 02,WAN2,162.193.119.145,AT&T Broadband II,static,DSR
KSW 03,WAN1,70.163.33.102,Cox Business/BOI,static,DSR
KSW 03,WAN2,162.193.118.17,AT&T Broadband II,static,DSR
KYB 01,WAN1,74.143.198.194,Spectrum,static,DSR
KYB 01,WAN2,108.239.1.89,AT&T Broadband II,static,DSR
KYE 01,WAN1,64.24.83.138,EB2-Windstream Fiber,static,DSR
KYE 01,WAN2,75.148.61.125,Comcast Workplace,static,DSR
KYL 01,WAN1,172.4.130.201,AT&T Broadband II,static,DSR
KYL 01,WAN2,70.60.43.18,Spectrum,static,DSR
KYL 02,WAN1,24.106.90.178,Spectrum,static,DSR
KYL 02,WAN2,99.6.111.153,AT&T Broadband II,static,DSR
KYL 03,WAN1,98.123.3.126,Spectrum,static,DSR
KYL 03,WAN2,104.179.32.113,AT&T Broadband II,static,DSR
LAB 01,WAN1,68.96.156.235,: Cox Business/BOI,static,Non-DSR
LAB 01,WAN2,209.124.218.134,: REV Business,static,Non-DSR
LAB 02,WAN1,68.96.147.246,: Cox Business/BOI,static,Non-DSR
LAB 02,WAN2,99.18.29.121,: AT&T Broadband II,static,Non-DSR
LAB 03,WAN1,104.62.190.17,: AT&T Broadband II,static,Non-DSR
LAB 03,WAN2,72.215.247.249,: Cox Business/BOI,static,Non-DSR
LAB 06,WAN1,99.76.204.153,: AT&T Broadband II,static,Non-DSR
LAB 06,WAN2,98.185.13.102,: Cox Business/BOI,static,Non-DSR
LAS 01,WAN1,198.0.21.249,Comcast Workplace,static,DSR
LAS 01,WAN2,104.10.22.233,AT&T Broadband II,static,DSR
LAS 02,WAN1,66.76.161.89,Altice West,static,DSR
LAS 02,WAN2,104.49.235.169,AT&T Broadband II,static,DSR
MIA 01,WAN1,96.76.228.17,Comcast Workplace,static,DSR
MIA 01,WAN2,99.121.19.73,AT&T Broadband II,static,DSR
MIA 04,WAN1,96.66.59.149,Comcast Workplace,static,DSR
MIA 04,WAN2,107.223.73.105,AT&T Broadband II,static,DSR
MIA 16,WAN1,162.17.131.57,Comcast Workplace,static,DSR
MIA 16,WAN2,99.32.122.225,AT&T Broadband II,static,DSR
MIA 17,WAN2,173.13.30.249,Comcast,static,Non-DSR
MIB 01,WAN1,104.14.0.33,AT&T Broadband II,static,DSR
MIB 01,WAN2,173.13.12.141,Comcast Workplace,static,DSR
MID 01,WAN1,24.172.185.102,Spectrum,static,DSR
MID 04,WAN1,70.88.123.209,Comcast Workplace,static,DSR
MID 04,WAN2,131.148.167.70,Spectrum,static,DSR
MID 05,WAN1,108.85.101.97,AT&T Broadband II,static,DSR
MID 05,WAN2,96.80.239.129,Comcast,static,Non-DSR
MID 06,WAN1,96.76.242.241,Comcast Workplace,static,DSR
MID 06,WAN2,104.186.185.185,AT&T Broadband II,static,DSR
MID 07,WAN1,108.224.190.33,AT&T Broadband II,static,DSR
MID 07,WAN2,75.145.237.101,Comcast,static,Non-DSR
MID 09,WAN1,99.95.104.17,AT&T Broadband II,static,DSR
MID 09,WAN2,96.76.241.73,Comcast,static,Non-DSR
MID 10,WAN1,131.148.165.98,Spectrum,static,DSR
MID 10,WAN2,108.85.101.105,AT&T Broadband II,static,DSR
MID 11,WAN1,162.17.137.105,Comcast Workplace,static,DSR
MID 11,WAN2,23.123.123.81,AT&T Broadband II,static,DSR
MID 12,WAN1,50.197.115.1,Comcast Workplace,static,DSR
MID 12,WAN2,99.121.18.225,AT&T Broadband II,static,DSR
MID 13,WAN1,104.59.8.253,AT&T Broadband II,static,DSR
MID 13,WAN2,96.76.233.165,Comcast,static,Non-DSR
MID 14,WAN1,76.227.245.41,AT&T Broadband II,static,DSR
MID 14,WAN2,96.75.39.45,Comcast,static,Non-DSR
MID 16,WAN1,104.59.15.185,AT&T Broadband II,static,DSR
MID 16,WAN2,96.92.62.81,Comcast,static,Non-DSR
MID 17,WAN1,71.150.237.33,AT&T Broadband II,static,DSR
MID 17,WAN2,96.76.232.101,Comcast,static,Non-DSR
MID 18,WAN1,96.70.103.113,Comcast,static,Non-DSR
MID 18,WAN2,23.123.121.129,AT&T Broadband II,static,DSR
MID 19,WAN1,108.203.130.1,AT&T Broadband II,static,DSR
MID 19,WAN2,173.162.61.253,Comcast,static,Non-DSR
MID 20,WAN1,99.95.111.241,AT&T Broadband II,static,DSR
MID 20,WAN2,173.14.56.41,Comcast Workplace,static,DSR
MID 22,WAN1,75.147.228.165,Comcast Workplace,static,DSR
MID 22,WAN2,162.230.179.177,AT&T Broadband II,static,DSR
MID 23,WAN1,75.145.232.69,Comcast Workplace,static,DSR
MID 24,WAN1,96.75.57.253,Comcast,static,Non-DSR
MID 24,WAN2,76.227.244.153,AT&T Broadband II,static,DSR
MID 25,WAN1,108.245.49.193,AT&T Broadband II,static,DSR
MID 25,WAN2,50.77.235.41,Comcast Workplace,static,DSR
MID 26,WAN1,96.66.29.189,Comcast Workplace,static,DSR
MID 26,WAN2,76.242.102.225,AT&T Broadband II,static,DSR
MID 27,WAN1,47.50.24.46,Spectrum,static,DSR
MID 27,WAN2,75.61.89.153,AT&T Broadband II,static,DSR
MIF 04,WAN1,104.59.13.225,AT&T Broadband II,static,DSR
MIF 04,WAN2,96.76.235.173,Comcast,static,Non-DSR
MIF 05,WAN1,96.76.231.33,Comcast,static,DSR
MIF 25,WAN1,47.50.11.14,Spectrum,static,DSR
MIF 25,WAN2,74.94.239.177,Comcast Workplace,static,DSR
MIF 26,WAN1,23.123.124.97,AT&T Broadband II,static,DSR
MIF 26,WAN2,96.85.104.161,Comcast Workplace,static,DSR
MIG 07,WAN1,104.190.110.13,AT&T Broadband II,static,DSR
MIG 07,WAN2,96.76.237.29,Comcast,static,Non-DSR
MIG 08,WAN1,173.167.20.17,Comcast Workplace,static,DSR
MIG 08,WAN2,23.118.203.225,AT&T Broadband II,static,DSR
MIG 09,WAN1,96.80.209.81,Comcast Workplace,static,DSR
MIG 09,WAN2,107.135.204.89,AT&T Broadband II,static,DSR
MIG 23,WAN1,173.13.5.193,Comcast Workplace,static,DSR
MIG 23,WAN2,50.124.42.153,EB2-Frontier Fiber,static,DSR
MIG 24,WAN1,173.162.52.189,Comcast Workplace,static,DSR
MIG 24,WAN2,108.245.124.57,AT&T Broadband II,static,DSR
MIG 25,WAN1,96.76.237.21,Comcast,static,Non-DSR
MIG 29,WAN1,47.50.106.18,Spectrum,static,DSR
MIG 29,WAN2,75.12.87.177,AT&T Broadband II,static,DSR
MIG 30,WAN1,75.144.75.53,Comcast Workplace,static,DSR
MIG 30,WAN2,23.118.200.241,AT&T Broadband II,static,DSR
MIH 27,WAN1,96.64.20.101,Comcast Workplace,static,DSR
MIH 27,WAN2,99.29.195.101,AT&T Broadband II,static,DSR
MIK 06,WAN1,47.50.92.186,Spectrum,static,DSR
MIK 06,WAN2,162.206.156.33,AT&T Broadband II,static,DSR
MIK 14,WAN1,24.180.122.254,Spectrum,static,DSR
MIK 14,WAN2,108.223.27.201,AT&T Broadband II,static,DSR
MIK 30,WAN1,75.151.13.237,Comcast Workplace,static,DSR
MIK 30,WAN2,108.245.122.25,AT&T Broadband II,static,DSR
MIK 31,WAN1,97.86.65.38,Spectrum,static,DSR
MIK 31,WAN2,75.12.84.9,AT&T Broadband II,static,DSR
MIL 11,WAN1,50.245.105.77,Comcast Workplace,static,DSR
MIL 15,WAN1,70.142.28.121,AT&T Broadband II,static,DSR
MIL 15,WAN2,96.76.233.153,Comcast,static,Non-DSR
MIM 01,WAN1,71.13.110.74,Spectrum,static,DSR
MIM 01,WAN2,108.67.179.121,AT&T Broadband II,static,DSR
MIN 01,WAN1,66.188.41.46,Spectrum,static,DSR
MIP 01,WAN1,67.209.247.62,Winn Telecom,static,DSR
MIP 01,WAN2,66.188.28.62,Spectrum,static,DSR
MIS 12,WAN1,47.50.120.198,Spectrum,static,DSR
MIS 12,WAN2,99.30.29.9,AT&T Broadband II,static,DSR
MIS 17,WAN1,24.231.193.218,Spectrum,static,DSR
MIS 17,WAN2,104.190.148.65,AT&T Broadband II,static,DSR
MIS 20,WAN1,24.231.194.158,Spectrum,static,DSR
MIS 20,WAN2,99.30.31.49,AT&T Broadband II,static,DSR
MIT 26,WAN1,162.236.204.81,AT&T Broadband II,static,DSR
MIW 21,WAN1,75.145.145.189,Comcast,static,Non-DSR
MIW 21,WAN2,99.39.180.209,AT&T Broadband II,static,DSR
MNM 01,WAN1,50.209.23.197,Comcast Workplace,static,DSR
MNM 02,WAN1,96.75.157.169,Comcast,static,DSR
MNM 03,WAN1,96.75.153.5,Comcast,static,DSR
MNM 05,WAN1,96.75.148.181,Comcast,static,Non-DSR
MNM 05,WAN2,63.229.207.225,DSR Lumen DSL,static,Non-DSR
MNM 06,WAN1,75.146.165.229,Comcast Workplace,static,DSR
MNM 07,WAN1,96.93.241.101,Comcast Workplace,static,DSR
MNM 07,WAN2,63.231.181.33,EB2-Centurylink DSL,static,DSR
MNM 08,WAN1,50.212.182.85,Comcast Workplace,static,DSR
MNM 10,WAN1,96.87.155.65,Comcast Workplace,static,DSR
MNM 11,WAN1,96.75.149.153,Comcast,static,DSR
MNM 12,WAN1,199.48.95.72,Metronet,static,DSR
MNM 12,WAN2,24.181.149.18,Spectrum,static,DSR
MNM 13,WAN1,50.209.16.33,Comcast Workplace,static,DSR
MNM 13,WAN2,63.231.176.49,EB2-Lumen DSL,static,DSR
MNM 14,WAN1,50.211.22.161,Comcast Workplace,static,DSR
MNM 15,WAN1,66.191.136.66,Spectrum,static,DSR
MNM 15,WAN2,199.193.65.17,Metronet,static,DSR
MNM 16,WAN1,96.75.151.233,Comcast,static,Non-DSR
MNM 17,WAN1,96.75.137.93,Comcast Workplace,static,DSR
MNM 18,WAN1,50.209.29.89,Comcast Workplace,static,DSR
MNM 19,WAN1,195.252.240.66,DSR MetroNet Fiber,static,Non-DSR
MNM 20,WAN1,195.252.234.8,MetroNet,static,DSR
MNM 20,WAN2,24.196.62.150,Spectrum,static,DSR
MNM 21,WAN1,173.8.127.65,Comcast Workplace,static,DSR
MNM 22,WAN1,47.49.101.114,Spectrum,static,DSR
MNM 22,WAN2,65.102.107.57,EB2-Centurylink DSL,static,DSR
MNM 23,WAN1,24.181.150.230,Spectrum,static,DSR
MNM 24,WAN1,96.72.38.153,Comcast,static,DSR
MNM 26,WAN1,50.211.25.85,Comcast Workplace,static,DSR
MNM 27,WAN1,65.125.124.178,CenturyLink Fiber Plus,static,DSR
MNM 27,WAN2,209.212.33.147,CTC,static,DSR
MNM 29,WAN1,96.75.159.233,Comcast,static,DSR
MNM 31,WAN1,70.89.198.5,Comcast Workplace,static,DSR
MOK 01,WAN2,98.100.117.174,Spectrum,static,DSR
MOK 02,WAN1,70.115.87.122,Spectrum,static,DSR
MOK 02,WAN2,162.225.104.177,AT&T Broadband II,static,DSR
MOK 03,WAN1,70.115.81.26,Spectrum,static,DSR
MOK 03,WAN2,104.182.118.217,AT&T Broadband II,static,DSR
MOK 05,WAN1,70.91.182.209,Comcast Workplace,static,DSR
MOK 05,WAN2,99.126.71.89,AT&T Broadband II,static,DSR
MOK 06,WAN1,50.240.67.221,Comcast Workplace,static,DSR
MOK 06,WAN2,104.5.144.169,AT&T Broadband II,static,DSR
MOK 07,WAN1,162.193.190.173,AT&T Broadband II,static,DSR
MOK 07,WAN2,70.115.24.82,Spectrum,static,Non-DSR
MON 01,WAN1,66.76.79.145,Altice West,static,DSR
MON 01,WAN2,104.182.118.89,AT&T Broadband II,static,DSR
MOO 01,WAN1,24.119.128.250,ComcastAgg CableOne,static,DSR
MOO 02,WAN1,72.255.84.218,Mediacom Communications Corporation,static,Non-DSR
MOO 02,WAN2,99.115.113.97,AT&T Broadband II,static,DSR
MOO 03,WAN1,64.237.17.58,Mediacom Communications Corporation,static,Non-DSR
MOO 03,WAN2,104.49.227.97,AT&T Broadband II,static,DSR
MOO 04,WAN1,4.35.182.162,Level 3,static,Non-DSR
MOR 01,WAN1,149.76.254.206,Fidelity Communications,static,DSR
MOR 01,WAN2,149.76.232.62,EB2-Sparklight Cable,static,DSR
MOS 01,WAN1,108.252.197.217,AT&T Broadband II,static,DSR
MOS 01,WAN2,97.87.195.122,Spectrum,static,DSR
MOS 02,WAN1,108.192.139.137,AT&T Broadband II,static,DSR
MOS 04,WAN1,68.188.105.222,Spectrum,static,DSR
MOS 04,WAN2,108.230.112.177,AT&T Broadband II,static,DSR
MOS 05,WAN1,71.86.47.194,Spectrum,static,DSR
MOS 05,WAN2,104.8.209.161,AT&T Broadband II,static,DSR
MOS 06,WAN1,47.47.33.146,Spectrum,static,DSR
MOS 06,WAN2,104.8.211.201,AT&T Broadband II,static,DSR
MOS 07,WAN1,107.209.41.193,AT&T Broadband II,static,DSR
MOS 08,WAN1,24.241.105.158,Spectrum,static,DSR
MOS 08,WAN2,184.159.176.26,Brightspeed,static,DSR
MOS 09,WAN1,97.87.146.162,Spectrum,static,DSR
MOS 10,WAN1,24.241.104.110,Spectrum,static,DSR
MOS 12,WAN2,47.50.179.106,Spectrum,static,DSR
MSN 01,WAN1,173.166.199.197,Comcast Workplace,static,DSR
MSN 01,WAN2,75.17.98.129,AT&T Broadband II,static,DSR
MSN 02,WAN1,173.235.182.210,C Spire,static,DSR
MSN 02,WAN2,173.166.198.117,Comcast Workplace,static,DSR
MTB 01,WAN1,47.47.128.254,Spectrum,static,Non-DSR
MTM 01,WAN1,47.47.186.114,Spectrum,static,DSR
MTM 02,WAN1,137.26.72.118,Spectrum,static,DSR
NCC 01,WAN1,173.95.192.126,Spectrum,static,DSR
NCC 01,WAN2,107.210.72.33,AT&T Broadband II,static,DSR
NCC 02,WAN1,24.199.234.50,Spectrum,static,DSR
NCC 02,WAN2,76.248.72.49,AT&T Broadband II,static,DSR
NCC 03,WAN1,99.107.120.9,AT&T Broadband II,static,DSR
NCC 03,WAN2,98.101.86.162,Spectrum,static,DSR
NCC 04,WAN1,66.57.20.130,Spectrum,static,DSR
NCC 04,WAN2,107.210.72.41,AT&T Broadband II,static,DSR
NCC 05,WAN1,173.42.44.150,Spectrum,static,DSR
NCC 05,WAN2,99.58.163.241,AT&T Broadband II,static,DSR
NCC 06,WAN1,66.57.131.38,Spectrum,static,DSR
NCC 06,WAN2,108.252.40.65,AT&T Broadband II,static,DSR
NCC 07,WAN1,173.42.17.126,Spectrum,static,DSR
NCC 07,WAN2,107.210.91.161,AT&T Broadband II,static,DSR
NCC 08,WAN1,76.248.76.1,AT&T Broadband II,static,DSR
NCC 08,WAN2,70.60.204.242,Spectrum,static,DSR
NCC 09,WAN1,96.10.9.82,Spectrum,static,DSR
NCC 09,WAN2,99.58.164.1,AT&T Broadband II,static,DSR
NCC 10,WAN1,24.142.198.110,Spectrum,static,DSR
NCC 10,WAN2,107.208.172.233,AT&T Broadband II,static,DSR
NCC 11,WAN1,107.210.92.89,AT&T Broadband II,static,DSR
NCC 11,WAN2,173.42.50.70,Spectrum,static,DSR
NCC 13,WAN1,173.42.50.90,Spectrum,static,DSR
NCC 14,WAN1,173.42.60.10,Spectrum,static,DSR
NCC 15,WAN1,66.16.228.90,EB2-Windstream Fiber,static,DSR
NCC 15,WAN2,70.62.83.50,Spectrum,static,DSR
NCC 16,WAN1,74.218.243.174,Spectrum,static,DSR
NCC 16,WAN2,172.126.121.129,AT&T Broadband II,static,DSR
NCC 17,WAN1,70.63.77.82,Spectrum,static,DSR
NCC 17,WAN2,107.200.244.201,AT&T Broadband II,static,DSR
NCC 18,WAN1,24.199.211.46,Spectrum,static,DSR
NCC 19,WAN1,173.42.50.78,Spectrum,static,DSR
NCC 20,WAN1,107.203.43.57,AT&T Broadband II,static,DSR
NCC 20,WAN2,66.57.129.46,Spectrum,static,DSR
NCC 21,WAN1,173.42.50.74,Spectrum,static,DSR
NCC 23,WAN1,173.42.94.202,Spectrum,static,DSR
NCC 23,WAN2,107.210.92.49,AT&T Broadband II,static,DSR
NCC 24,WAN1,47.49.183.158,Spectrum,static,DSR
NCC 24,WAN2,70.132.132.41,AT&T Broadband II,static,DSR
NCC 25,WAN1,24.199.160.230,Spectrum,static,DSR
NCC 25,WAN2,70.231.63.121,AT&T Broadband II,static,DSR
NCC 26,WAN1,23.126.1.41,AT&T Broadband II,static,DSR
NCC 26,WAN2,24.241.144.174,AT&T Broadband II,static,DSR
NCC 27,WAN1,156.19.62.218,Spectrum,static,DSR
NCC 28,WAN1,107.207.159.185,AT&T Broadband II,static,DSR
NCC 28,WAN2,144.253.15.46,Spectrum,static,DSR
NCC 30,WAN1,96.10.47.50,Spectrum,static,DSR
NCC 33,WAN1,70.62.110.186,Spectrum,static,DSR
NCC 33,WAN2,104.12.18.9,AT&T Broadband II,static,DSR
NCC 36,WAN2,216.210.92.222,GreenLight,static,DSR
NCC 37,WAN1,174.108.204.246,Spectrum,static,DSR
NCC 37,WAN2,216.82.18.25,MetroNet,static,DSR
NCC 38,WAN1,195.252.194.188,MetroNet,static,DSR
NCC 39,WAN1,24.172.12.190,Spectrum,static,DSR
NCC 39,WAN2,23.120.26.113,AT&T Broadband II,static,DSR
NCC 40,WAN1,24.172.234.246,Spectrum,static,DSR
NCC 40,WAN2,209.253.208.134,EB2-Windstream Fiber,static,DSR
NCC 41,WAN1,173.42.50.238,Spectrum,static,DSR
NCC 41,WAN2,99.58.164.97,AT&T Broadband II,static,DSR
NCC 42,WAN1,104.13.12.121,AT&T Broadband II,static,DSR
NCC 42,WAN2,24.199.176.230,Spectrum,static,DSR
NCC 43,WAN1,66.217.75.138,EB2-Windstream Fiber,static,DSR
NCC 43,WAN2,47.49.163.174,Spectrum,static,DSR
NCC 44,WAN1,174.99.171.30,Spectrum,static,DSR
NCC 45,WAN1,96.10.113.218,Spectrum,static,DSR
NCC 45,WAN2,4.8.162.18,"Level 3 Parent, LLC",static,Non-DSR
NCC 46,WAN1,66.217.80.62,Windstream,static,DSR
NCC 46,WAN2,70.63.76.162,Spectrum,static,DSR
NCC 47,WAN1,74.219.25.130,Spectrum,static,DSR
NCC 47,WAN2,149.154.24.39,MetroNet,static,DSR
NCC 48,WAN1,64.158.8.74,Brightspeed,static,DSR
NCC 51,WAN1,207.192.229.44,Altice West,static,DSR
NCC 52,WAN1,173.95.111.214,Spectrum,static,DSR
NCC 52,WAN2,152.117.99.250,Metronet,static,DSR
NCN 01,WAN1,24.172.12.22,Spectrum,static,DSR
NCN 01,WAN2,71.37.136.213,Brightspeed,static,DSR
NDG 01,WAN1,24.220.46.162,Midcontinent,static,DSR
NEG 01,WAN1,206.222.219.64,Allo Communications,static,DSR
NEG 01,WAN2,71.8.217.226,Spectrum,static,DSR
NEL 01,WAN1,209.50.9.36,Customer Static IP Range at LNK02-OA01,static,Non-DSR
NEL 01,WAN2,76.79.25.54,Spectrum,static,DSR
NEO 01,WAN1,64.64.137.13,Great Plains Communications,static,DSR
NEO 01,WAN2,184.189.175.66,Cox Business/BOI,static,DSR
NEO 03,WAN1,223.165.98.229,Great Plains Communications,static,DSR
NEO 03,WAN2,98.171.225.242,Cox Business/BOI,static,DSR
NEO 04,WAN1,24.223.126.167,Great Plains Communications,static,DSR
NEO 04,WAN2,72.215.216.179,Cox Business/BOI,static,DSR
NEO 05,WAN1,184.183.225.86,Cox Business/BOI,static,DSR
NEO 05,WAN2,65.103.170.121,EB2-Centurylink DSL,static,DSR
NEO 06,WAN1,184.189.166.231,Cox Business/BOI,static,DSR
NEO 06,WAN2,65.103.170.65,EB2-Centurylink DSL,static,DSR
NEO 07,WAN1,173.240.90.78,Great Plains Communications,static,DSR
NEO 07,WAN2,98.179.45.43,Cox Business/BOI,static,DSR
NMA 01,WAN1,209.71.136.2,DSR Unite Network x First IP 209.71.136.2 Gateway 209.71.136.1 Subnet 255.255.255.252,static,Non-DSR
NMA 01,WAN2,50.240.15.89,DSR Comcast x First IP 50.240.15.89 Gateway 50.240.15.90 Subnet 255.255.255.252,static,Non-DSR
NMA 02,WAN1,50.188.167.53,Comcast Workplace,static,DSR
NMA 02,WAN2,71.32.110.137,ComcastAgg CLink,static,Non-DSR
NMA 03,WAN1,50.77.43.201,Comcast Workplace,static,DSR
NMA 04,WAN1,23.31.114.133,Comcast Workplace,static,DSR
NMA 04,WAN2,209.71.136.98,Unite Private Networks,static,DSR
NMA 05,WAN1,209.71.136.126,Comcast Workplace,static,DSR
NMA 05,WAN2,173.163.241.109,VZW Cell,static,Non-DSR
NMA 06,WAN1,71.25.95.217,DSR Unite Net x First IP 209.71.137.170 Gateway 209.71.137.169 Subnet 255.255.255.252,static,Non-DSR
NMA 07,WAN1,96.92.66.77,Comcast Workplace,static,DSR
NMA 08,WAN1,96.77.28.109,Comcast Workplace,static,DSR
NMA 09,WAN1,67.60.99.2,SparkLight,static,DSR
NMA 09,WAN2,96.72.12.153,Comcast Workplace,static,DSR
NMA 10,WAN1,96.77.22.185,Comcast,static,DSR
NMA 11,WAN1,66.18.169.141,Tularosa Basin Telephone Company,static,DSR
NMA 11,WAN2,24.49.160.42,TDS Cable,static,DSR
NMA 12,WAN1,96.77.26.145,Comcast Workplace,static,DSR
NMA 13,WAN1,209.71.136.18,Unite Private Networks,static,DSR
NMC 01,WAN1,68.66.82.53,Plateau Telecommunications,static,DSR
NMF 01,WAN1,23.31.119.25,Comcast Workplace,static,DSR
NMH 01,WAN1,184.81.233.98,Windstream,static,DSR
NMH 01,WAN2,184.60.134.66,EB2-TDS Cable,static,DSR
NML 01,WAN1,71.25.90.169,Comcast Workplace,static,DSR
NMR 01,WAN1,64.90.159.209,Plateau Telecommunications,static,DSR
NMR 01,WAN2,24.119.46.66,Sparklight,static,DSR
NMS 02,WAN1,50.243.19.13,Comcast Workplace,static,DSR
NMS 02,WAN2,65.102.98.193,CenturyLink,static,DSR
NMS 03,WAN2,50.213.132.113,Comcast Workplace,static,DSR
NVL 03,WAN1,174.67.84.78,Cox Business/BOI,static,DSR
NVL 04,WAN1,174.75.33.72,Cox Business/BOI,static,DSR
NVL 05,WAN1,24.234.148.98,Cox Business/BOI,static,DSR
NVL 06,WAN1,24.234.31.50,Cox Business/BOI,static,DSR
NVL 07,WAN1,174.71.198.86,Cox Communications,static,Non-DSR
NVL 08,WAN1,65.153.152.146,CenturyLink Fiber Plus,static,DSR
NVL 08,WAN2,174.75.61.136,Cox Business/BOI,static,DSR
NVL 09,WAN1,24.234.158.114,Cox Business/BOI,static,DSR
NVL 11,WAN1,174.71.227.27,Cox Business/BOI,static,DSR
NVL 13,WAN1,174.75.51.20,Cox Business/BOI,static,DSR
NVL 14,WAN1,24.234.115.121,Cox Communications,static,Non-DSR
NVL 15,WAN1,24.234.120.82,Cox Business/BOI,static,DSR
NVL 15,WAN2,75.171.91.197,CenturyLink,static,Non-DSR
NVL 17,WAN1,68.1.199.169,Cox Business/BOI,static,DSR
NVL 22,WAN1,98.180.225.154,Cox Business/BOI,static,DSR
NVL 23,WAN1,184.176.163.195,Cox Communications,static,Non-DSR
NVL 24,WAN1,174.67.82.218,Cox Business/BOI,static,DSR
NVL 24,WAN2,71.38.110.156,Cell Cell,static,Non-DSR
NVL 25,WAN1,65.140.77.202,CenturyLink Fiber Plus,static,DSR
NVR 01,WAN1,47.48.75.78,Charter Communications LLC,static,Non-DSR
NVR 01,WAN2,76.237.140.113,Private Customer - AT&T Internet Services,static,Non-DSR
NVR 02,WAN1,97.92.107.50,Spectrum,static,DSR
NVR 02,WAN2,76.237.141.137,AT&T Broadband II,static,DSR
NVR 04,WAN1,68.190.176.202,Spectrum,static,DSR
NVR 04,WAN2,45.21.91.73,AT&T Broadband II,static,DSR
NVR 05,WAN1,45.21.92.81,AT&T Broadband II,static,DSR
NVR 05,WAN2,24.176.187.90,Spectrum,static,DSR
OHC 03,WAN1,74.87.216.206,Spectrum,static,DSR
OHC 03,WAN2,99.93.219.169,AT&T Broadband II,static,DSR
OHC 04,WAN1,24.106.248.118,Spectrum,static,DSR
OHC 05,WAN1,98.100.57.174,Spectrum,static,DSR
OHC 06,WAN1,162.195.85.225,AT&T Broadband II,static,DSR
OHC 06,WAN2,147.0.109.194,Spectrum,static,DSR
OHC 07,WAN1,74.142.94.158,Spectrum,static,DSR
OHC 07,WAN2,99.172.130.41,AT&T Broadband II,static,DSR
OHC 08,WAN1,75.58.112.33,AT&T Broadband II,static,DSR
OHC 08,WAN2,98.100.62.186,Spectrum,static,DSR
OHC 10,WAN1,98.100.63.6,Spectrum,static,DSR
OHC 10,WAN2,99.93.220.217,AT&T Broadband II,static,DSR
OHD 02,WAN1,98.102.180.10,Spectrum,static,DSR
OHD 02,WAN2,76.192.70.153,AT&T Broadband II,static,DSR
OHD 03,WAN1,74.219.228.166,Spectrum,static,DSR
OHD 04,WAN2,99.29.48.9,AT&T Broadband II,static,DSR
OHL 01,WAN1,98.102.18.154,Spectrum,static,DSR
OHL 01,WAN2,167.100.35.230,Telephone Service Company TSC,static,Non-DSR
OHN 01,WAN1,24.56.64.170,Spectrum,static,DSR
OHN 01,WAN2,64.24.231.142,EB2-Windstream Fiber,static,DSR
OHN 02,WAN1,107.211.81.177,AT&T Broadband II,static,DSR
OHN 03,WAN1,67.53.174.202,Spectrum,static,DSR
OHN 04,WAN1,98.123.212.98,Spectrum,static,DSR
OHN 04,WAN2,64.24.227.230,Windstream,static,DSR
OHN 05,WAN1,74.143.158.26,Spectrum,static,DSR
OHN 05,WAN2,108.227.38.249,AT&T Broadband II,static,DSR
OHN 06,WAN1,24.101.188.52,Armstrong Cable,static,DSR
OHS 01,WAN1,70.62.144.78,Spectrum,static,DSR
OHS 02,WAN1,74.83.131.130,Altafiber,static,DSR
OHS 02,WAN2,24.142.129.2,Spectrum,static,DSR
OHS 03,WAN1,71.67.62.174,Spectrum,static,DSR
OHS 03,WAN2,74.83.148.94,Altafiber,static,DSR
OHS 04,WAN1,71.67.64.2,Spectrum,static,DSR
OHS 04,WAN2,69.61.230.46,Altafiber,static,DSR
OHS 05,WAN1,71.67.57.246,Spectrum,static,DSR
OHS 05,WAN2,69.61.230.82,Altafiber,static,DSR
OHT 01,WAN1,75.61.152.97,AT&T Broadband II,static,DSR
OHT 01,WAN2,24.53.132.23,Buckeye Broadband Business,static,DSR
OHT 02,WAN1,98.123.12.250,Spectrum,static,DSR
OHT 02,WAN2,104.181.58.33,AT&T Broadband II,static,DSR
OKA 01,WAN1,159.118.225.250,AT&T Broadband II,static,DSR
OKA 01,WAN2,104.7.187.169,SparkLight,static,DSR
OKE 01,WAN1,69.227.69.201,AT&T Broadband II,static,DSR
OKO 02,WAN1,98.174.180.151,Cox Business/BOI,static,DSR
OKO 02,WAN2,69.227.64.57,AT&T Broadband II,static,DSR
OKO 03,WAN1,24.248.169.51,Cox Business/BOI,static,DSR
OKO 03,WAN2,104.186.196.57,AT&T Broadband II,static,DSR
OKO 04,WAN1,104.7.184.153,AT&T Broadband II,static,DSR
OKO 04,WAN2,68.99.64.218,Cox Business/BOI,static,DSR
OKO 05,WAN1,72.198.170.125,Cox Business/BOI,static,DSR
OKO 05,WAN2,104.186.198.209,AT&T Broadband II,static,DSR
OKO 06,WAN1,99.90.246.217,AT&T Broadband II,static,DSR
OKO 06,WAN2,72.200.243.6,Cox Business/BOI,static,DSR
OKO 07,WAN1,23.112.171.153,AT&T Broadband II,static,DSR
OKO 07,WAN2,184.186.199.43,Cox Business/BOI,static,DSR
OKO 08,WAN1,72.204.204.142,Cox Business/BOI,static,DSR
OKO 08,WAN2,104.54.24.185,AT&T Broadband II,static,DSR
OKO 09,WAN1,184.186.193.250,Cox Business/BOI,static,DSR
OKO 09,WAN2,99.62.40.89,AT&T Broadband II,static,DSR
OKO 10,WAN1,98.179.49.45,Cox Business/BOI,static,DSR
OKO 10,WAN2,104.186.198.89,AT&T Broadband II,static,DSR
OKO 11,WAN1,68.109.210.125,Cox Business/BOI,static,DSR
OKO 11,WAN2,107.129.159.153,AT&T Broadband II,static,DSR
OKO 12,WAN1,143.109.149.115,BluePeak Communications,static,Non-DSR
OKO 12,WAN2,45.26.241.57,AT&T Broadband II,static,DSR
OKO 13,WAN1,104.7.190.9,AT&T Broadband II,static,DSR
OKO 13,WAN2,24.249.100.154,Cox Business/BOI,static,DSR
OKO 14,WAN1,104.7.191.249,AT&T Broadband II,static,DSR
OKO 14,WAN2,24.112.100.163,Vyve,static,DSR
OKO 15,WAN1,104.1.124.193,AT&T Broadband II,static,DSR
OKO 15,WAN2,68.225.4.83,Cox Business/BOI,static,DSR
OKT 01,WAN1,68.228.127.108,Cox Business/BOI,static,DSR
OKT 02,WAN1,99.148.52.201,AT&T Broadband II,static,DSR
OKT 02,WAN2,174.78.187.86,Cox Business/BOI,static,DSR
OKT 03,WAN1,104.180.55.97,AT&T Broadband II,static,DSR
OKT 03,WAN2,70.164.58.119,Cox Business/BOI,static,DSR
OKT 05,WAN1,98.184.114.134,Cox Business/BOI,static,DSR
OKT 05,WAN2,67.217.144.161,BTC Broadband,static,DSR
OKT 06,WAN1,174.77.124.141,Cox Business/BOI,static,Non-DSR
OKT 06,WAN2,67.217.144.242,BTC Broadband,static,DSR
OKT 07,WAN1,99.148.54.209,AT&T Broadband II,static,DSR
ORM 01,WAN1,97.90.122.186,Spectrum,static,DSR
ORM 01,WAN2,69.9.151.192,Hunter Communications,static,DSR
ORM 02,WAN1,68.185.58.190,Spectrum,static,DSR
ORM 02,WAN2,162.247.42.4,Hunter Communications,static,DSR
ORP 01,WAN1,96.95.155.237,Comcast,static,DSR
ORP 02,WAN1,96.71.186.1,Port 3 connected to G0 1 on 2960 switch,static,Non-DSR
ORP 03,WAN1,96.76.103.197,Comcast,static,Non-DSR
ORP 03,WAN2,50.126.114.122,Ziply Fiber,static,Non-DSR
ORP 04,WAN1,96.79.127.209,Comcast Workplace,static,DSR
ORP 05,WAN1,96.71.178.237,Comcast,static,DSR
ORP 07,WAN1,192.183.197.170,Ziply Fiber,static,DSR
ORP 08,WAN1,69.130.234.114,DSR TDS Cable,static,Non-DSR
ORP 09,WAN1,173.11.1.77,Comcast Workplace,static,DSR
ORP 10,WAN1,38.100.219.222,HiLight Internet,static,DSR
ORP 10,WAN2,96.76.121.5,Comcast Workplace,static,DSR
ORP 12,WAN1,50.196.2.241,Comcast Workplace,static,DSR
PAC 01,WAN1,50.244.251.229,Comcast Workplace,static,DSR
PAC 01,WAN2,72.28.198.15,Breezeline,static,DSR
PAN 01,WAN1,50.186.72.13,Comcast Workplace,static,DSR
PAP 01,WAN1,216.164.196.131,EB2-RCN Cable,static,DSR
PAP 02,WAN1,50.251.53.21,Comcast Workplace,static,DSR
PAW 01,WAN1,50.248.77.209,Comcast Workplace,static,DSR
PAW 02,WAN1,71.27.80.173,Comcast Workplace,static,DSR
SCA 01,WAN1,72.28.166.48,Breezeline Formerly Atlantic Broadband,static,Non-DSR
SCA 01,WAN2,75.52.169.41,AT&T Broadband II,static,DSR
SCC 01,WAN1,144.253.8.134,Spectrum,static,DSR
SCC 01,WAN2,45.23.85.73,AT&T Broadband II,static,DSR
SCC 02,WAN1,68.75.70.137,AT&T Broadband II,static,DSR
SCC 02,WAN2,47.46.230.78,Spectrum,static,DSR
SCC 04,WAN1,144.253.17.22,Spectrum,static,DSR
SCC 04,WAN2,45.23.86.25,AT&T Broadband II,static,DSR
SCC 05,WAN1,156.19.61.102,Spectrum,static,DSR
SCC 05,WAN2,68.75.68.89,AT&T Broadband II,static,DSR
SCC 06,WAN1,173.95.231.94,Spectrum,static,DSR
SCC 06,WAN2,108.241.223.65,AT&T Broadband II,static,DSR
SCC 07,WAN1,70.60.121.234,Spectrum,static,DSR
SCC 07,WAN2,68.235.232.245,Comporium Com DIA,static,DSR
SCC 08,WAN1,173.42.5.178,Spectrum,static,DSR
SCC 08,WAN2,66.217.75.134,EB2-Windstream Fiber,static,DSR
SCC 09,WAN1,173.42.23.254,Spectrum,static,DSR
SCC 09,WAN2,208.104.208.71,Comporium Com,static,DSR
SCC 10,WAN1,156.19.56.210,Spectrum,static,DSR
SCC 10,WAN2,45.23.85.129,AT&T Broadband II,static,DSR
SCC 11,WAN1,96.10.89.218,Spectrum,static,DSR
SCC 11,WAN2,76.232.58.49,AT&T Broadband II,static,DSR
SCC 12,WAN1,173.42.94.246,Spectrum,static,DSR
SCC 12,WAN2,108.246.192.81,AT&T Broadband II,static,DSR
SCC 14,WAN1,66.57.201.190,Spectrum,static,DSR
SCC 15,WAN1,158.115.161.49,"Farmers Telephone Cooperative, Inc.",static,Non-DSR
SCC 15,WAN2,174.108.179.122,Spectrum,static,DSR
SCC 16,WAN1,70.61.116.2,Spectrum,static,DSR
SCC 17,WAN1,45.52.184.66,EB2-Frontier Fiber,static,DSR
SCC 17,WAN2,70.63.254.34,Spectrum,static,DSR
SCC 18,WAN1,173.165.153.65,Comcast Workplace,static,DSR
SCC 18,WAN2,104.0.37.137,AT&T Broadband II,static,DSR
SCC 19,WAN1,99.88.212.9,AT&T Broadband II,static,DSR
SCC 19,WAN2,47.44.226.150,Spectrum,static,DSR
SDR 01,WAN1,24.111.131.190,Midcontinent - 3rd Party Cable -,static,Non-DSR
SDS 01,WAN1,24.111.10.222,Midcontinent,static,DSR
TNC 01,WAN1,96.38.34.202,Spectrum,static,DSR
TNC 01,WAN2,104.188.227.161,AT&T Broadband II,static,DSR
TNC 02,WAN1,74.95.105.125,Comcast Workplace,static,DSR
TNC 02,WAN2,76.201.147.209,AT&T Broadband II,static,DSR
TNC 03,WAN1,75.149.108.105,Comcast Workplace,static,DSR
TNC 03,WAN2,104.188.227.97,AT&T Broadband II,static,DSR
TNE 01,WAN1,96.69.125.117,Comcast,static,Non-DSR
TNE 01,WAN2,152.86.78.119,BrightRidge,static,Non-DSR
TNE 02,WAN1,137.27.62.170,Spectrum,static,Non-DSR
TNK 01,WAN1,137.27.57.138,Spectrum,static,DSR
TNK 02,WAN1,96.74.40.1,Comcast Workplace,static,DSR
TNK 02,WAN2,107.128.137.233,AT&T Broadband II,static,DSR
TNK 03,WAN1,96.69.104.121,Comcast Workplace,static,DSR
TNM 01,WAN1,96.87.191.129,Comcast,static,Non-DSR
TNM 02,WAN1,96.81.27.57,Comcast Workplace,static,DSR
TNM 02,WAN2,104.59.193.41,AT&T Broadband II,static,DSR
TNM 03,WAN1,75.151.208.13,Comcast Workplace,static,DSR
TNM 03,WAN2,45.18.199.241,AT&T Broadband II,static,DSR
TNM 04,WAN1,76.217.222.73,AT&T Broadband II,static,DSR
TNM 04,WAN2,75.145.217.113,Comcast Workplace,static,DSR
TNM 05,WAN1,137.27.56.202,Spectrum,static,Non-DSR
TNM 05,WAN2,45.27.136.73,AT&T Broadband II,static,DSR
TNN 02,WAN1,99.96.219.25,AT&T Broadband II,static,DSR
TNN 02,WAN2,96.74.47.109,AT&T Broadband II,static,DSR
TNN 03,WAN1,96.69.118.169,Comcast Workplace,static,DSR
TNN 03,WAN2,104.2.2.217,AT&T Broadband II,static,DSR
TNN 04,WAN2,99.26.179.113,AT&T Broadband II,static,DSR
TNN 05,WAN1,75.151.60.13,Comcast Workplace,static,DSR
TNN 06,WAN1,70.237.81.129,AT&T Broadband II,static,DSR
TNN 06,WAN2,50.243.116.185,Comcast,static,Non-DSR
TNN 07,WAN1,96.85.55.241,Comcast Workplace,static,DSR
TNN 07,WAN2,76.237.110.33,AT&T Broadband II,static,DSR
TNN 08,WAN1,107.217.125.233,AT&T Broadband II,static,DSR
TNN 08,WAN2,50.213.159.233,Comcast Workplace,static,DSR
TNN 09,WAN1,137.27.57.30,Spectrum,static,DSR
TNN 09,WAN2,162.233.227.153,AT&T Broadband II,static,DSR
TNN 10,WAN1,137.27.43.238,Spectrum,static,DSR
TNN 10,WAN2,104.186.202.17,AT&T Broadband II,static,DSR
TNN 11,WAN1,50.252.78.69,Comcast,static,Non-DSR
TNN 11,WAN2,76.221.223.145,AT&T Broadband II,static,DSR
TNN 12,WAN1,74.93.244.81,Comcast Workplace,static,DSR
TNN 13,WAN1,104.4.22.81,AT&T Broadband II,static,DSR
TNN 13,WAN2,96.38.61.10,Spectrum,static,DSR
TNN 14,WAN1,99.28.40.89,AT&T Broadband II,static,DSR
TNN 14,WAN2,96.38.28.106,Spectrum,static,DSR
TNN 15,WAN1,99.96.219.157,AT&T Broadband II,static,DSR
TNN 15,WAN2,96.74.37.101,Comcast Workplace,static,DSR
TNN 16,WAN1,50.254.254.117,Comcast Workplace,static,DSR
TNN 16,WAN2,162.203.251.241,AT&T Broadband II,static,Non-DSR
TXA 01,WAN1,71.78.177.218,Spectrum,static,DSR
TXA 02,WAN1,70.118.5.238,Spectrum,static,DSR
TXA 04,WAN1,97.105.15.182,Spectrum,static,DSR
TXA 04,WAN2,104.0.142.161,AT&T Broadband II,static,DSR
TXA 05,WAN1,75.87.49.14,Spectrum,static,DSR
TXA 05,WAN2,99.8.231.193,AT&T Broadband II,static,DSR
TXA 06,WAN1,150.220.131.42,Spectrum,static,DSR
TXA 06,WAN2,162.224.35.169,AT&T Broadband II,static,DSR
TXA 07,WAN1,150.220.131.26,Spectrum,static,DSR
TXA 07,WAN2,72.48.89.23,Astound,static,DSR
TXA 08,WAN1,71.40.76.202,Spectrum,static,DSR
TXA 08,WAN2,209.71.134.6,Unite Private Networks,static,DSR
TXA 09,WAN1,76.214.115.145,AT&T Broadband II,static,DSR
TXA 09,WAN2,24.153.247.10,Spectrum,static,DSR
TXA 10,WAN1,71.40.126.70,Spectrum,static,DSR
TXA 10,WAN2,76.214.116.65,AT&T Broadband II,static,DSR
TXA 11,WAN1,71.41.135.94,Spectrum,static,DSR
TXA 12,WAN1,172.108.209.43,Frontier Communications,static,Non-DSR
TXA 13,WAN1,68.255.247.177,AT&T Broadband II,static,DSR
TXA 13,WAN2,98.6.39.218,Spectrum,static,DSR
TXA 14,WAN1,50.84.160.190,Charter Communications Inc,static,Non-DSR
TXA 14,WAN2,104.0.141.73,Private Customer - AT&T Internet Services,static,Non-DSR
TXA 15,WAN1,75.87.52.134,Spectrum,static,DSR
TXA 15,WAN2,99.114.206.25,AT&T Broadband II,static,DSR
TXA 16,WAN1,150.220.131.22,Spectrum,static,DSR
TXA 16,WAN2,199.200.68.182,Unite Private Networks,static,DSR
TXA 17,WAN1,150.220.208.206,Spectrum,static,DSR
TXA 18,WAN1,98.6.149.210,Spectrum,static,DSR
TXA 19,WAN1,150.220.139.30,Spectrum,static,DSR
TXA 19,WAN2,104.49.18.9,AT&T Broadband II,static,DSR
TXA 21,WAN1,208.180.124.69,Altice,static,DSR
TXA 21,WAN2,107.218.165.129,AT&T Broadband II,static,DSR
TXA 22,WAN1,150.220.28.150,Spectrum,static,DSR
TXA 23,WAN1,67.78.45.154,Spectrum,static,DSR
TXA 24,WAN1,67.79.200.206,Spectrum,static,DSR
TXC 01,WAN1,24.153.245.246,Spectrum,static,DSR
TXC 01,WAN2,107.141.9.129,AT&T Broadband II,static,DSR
TXC 03,WAN1,70.113.232.226,Spectrum,static,DSR
TXC 03,WAN2,104.48.152.1,AT&T Broadband II,static,DSR
TXC 04,WAN1,98.6.65.114,Spectrum,static,DSR
TXC 05,WAN1,150.220.222.206,Spectrum,static,DSR
TXC 06,WAN1,107.141.9.241,AT&T Broadband II,static,DSR
TXC 06,WAN2,173.219.32.142,Altice,static,DSR
TXC 07,WAN1,107.131.61.121,AT&T Broadband II,static,DSR
TXC 07,WAN2,71.41.150.102,Spectrum,static,DSR
TXC 08,WAN1,150.220.207.254,Spectrum,static,DSR
TXC 08,WAN2,108.224.182.25,AT&T Broadband II,static,DSR
TXC 09,WAN1,97.77.33.182,Spectrum,static,DSR
TXC 09,WAN2,75.30.147.249,AT&T Broadband II,static,DSR
TXC 10,WAN1,67.78.39.94,Spectrum,static,DSR
TXC 11,WAN2,174.126.248.98,EB2-CableOne Cable,static,DSR
TXC 12,WAN1,162.237.84.57,AT&T Broadband II,static,DSR
TXC 12,WAN2,65.26.42.154,Spectrum,static,DSR
TXC 13,WAN1,150.220.139.18,Spectrum,static,DSR
TXC 13,WAN2,172.124.223.113,AT&T Broadband II,static,DSR
TXC 14,WAN1,71.78.5.110,Spectrum,static,DSR
TXC 14,WAN2,104.186.80.65,AT&T Broadband II,static,DSR
TXC 15,WAN1,97.79.174.186,Spectrum,static,DSR
TXC 15,WAN2,192.24.123.230,EB2-CableOne Cable,static,DSR
TXC 16,WAN1,208.180.237.252,Altice,static,DSR
TXC 16,WAN2,104.51.132.169,AT&T Broadband II,static,DSR
TXC 17,WAN1,98.6.81.222,Spectrum,static,DSR
TXC 17,WAN2,45.19.179.233,AT&T Broadband II,static,DSR
TXC 18,WAN1,108.80.71.65,AT&T Broadband II,static,DSR
TXC 18,WAN2,50.84.207.42,Spectrum,static,DSR
TXC 19,WAN1,38.158.148.28,Vexus,static,DSR
TXC 19,WAN2,67.78.88.118,Spectrum,static,DSR
TXC 20,WAN1,98.6.101.62,Spectrum,static,DSR
TXC 20,WAN2,68.94.190.177,AT&T Broadband II,static,DSR
TXC 21,WAN1,159.117.61.10,Big Bend Telephone,static,DSR
TXC 21,WAN2,98.6.130.254,Spectrum,static,DSR
TXD 01,WAN1,47.51.226.222,Spectrum,static,DSR
TXD 01,WAN2,162.196.225.33,AT&T Broadband II,static,DSR
TXD 02,WAN1,98.6.216.154,Spectrum,static,DSR
TXD 02,WAN2,162.196.224.113,AT&T Broadband II,static,DSR
TXD 04,WAN2,104.187.167.97,AT&T Broadband II,static,DSR
TXD 05,WAN1,70.118.1.50,Spectrum,static,DSR
TXD 06,WAN1,70.92.57.110,Spectrum,static,DSR
TXD 06,WAN2,162.233.193.81,AT&T Broadband II,static,DSR
TXD 08,WAN1,98.6.82.238,Spectrum,static,DSR
TXD 09,WAN1,98.6.152.90,Spectrum,static,DSR
TXD 09,WAN2,162.196.230.233,AT&T Broadband II,static,DSR
TXD 10,WAN1,98.6.216.146,Spectrum,static,DSR
TXD 10,WAN2,75.19.30.217,AT&T Broadband II,static,DSR
TXD 11,WAN1,104.48.98.249,AT&T Broadband II,static,DSR
TXD 11,WAN2,71.15.97.230,Spectrum,static,DSR
TXD 12,WAN1,47.51.235.182,Spectrum,static,DSR
TXD 12,WAN2,99.190.48.145,AT&T Broadband II,static,DSR
TXD 13,WAN1,97.79.245.62,Spectrum,static,DSR
TXD 13,WAN2,104.181.218.233,AT&T Broadband II,static,DSR
TXD 15,WAN1,97.77.110.30,Spectrum,static,DSR
TXD 17,WAN1,150.220.200.254,Spectrum,static,DSR
TXD 17,WAN2,75.19.31.89,AT&T Broadband II,static,DSR
TXD 18,WAN1,71.42.251.182,Spectrum,static,DSR
TXD 18,WAN2,162.233.199.105,AT&T Broadband II,static,DSR
TXD 19,WAN1,150.220.200.230,Spectrum,static,DSR
TXD 19,WAN2,172.125.10.153,AT&T Broadband II,static,DSR
TXD 20,WAN1,98.6.60.226,Spectrum,static,DSR
TXD 22,WAN1,162.201.89.89,AT&T Broadband II,static,DSR
TXD 22,WAN2,70.118.0.218,Spectrum,static,DSR
TXD 23,WAN1,67.79.29.210,Spectrum,static,DSR
TXD 25,WAN1,98.6.174.166,Spectrum,static,DSR
TXD 26,WAN1,108.90.222.89,AT&T Broadband II,static,DSR
TXD 26,WAN2,67.48.52.214,Spectrum,static,DSR
TXD 28,WAN1,162.205.143.25,Spectrum,static,DSR
TXD 28,WAN2,98.6.99.58,Spectrum,static,DSR
TXD 29,WAN1,71.41.187.58,Spectrum,static,DSR
TXD 29,WAN2,70.133.160.65,AT&T Broadband II,static,DSR
TXD 30,WAN1,70.118.80.222,Charter Communications Inc,static,Non-DSR
TXD 30,WAN2,104.176.60.177,Private Customer - AT&T Internet Services,static,Non-DSR
TXD 31,WAN1,98.6.82.122,Spectrum,static,DSR
TXD 32,WAN1,150.220.131.242,Spectrum,static,DSR
TXD 32,WAN2,104.54.183.161,AT&T Broadband II,static,DSR
TXD 34,WAN1,70.113.250.14,Spectrum,static,DSR
TXD 35,WAN1,150.220.135.46,Spectrum,static,DSR
TXD 35,WAN2,108.204.140.137,AT&T Broadband II,static,DSR
TXD 36,WAN1,97.77.228.22,Spectrum,static,DSR
TXD 37,WAN1,67.78.38.74,Spectrum,static,DSR
TXD 37,WAN2,104.48.96.81,AT&T Broadband II,static,DSR
TXD 38,WAN1,162.205.143.57,AT&T Broadband II,static,DSR
TXD 38,WAN2,98.6.99.74,Spectrum,static,DSR
TXD 39,WAN1,96.39.208.102,Spectrum,static,DSR
TXD 39,WAN2,104.11.154.161,AT&T Broadband II,static,DSR
TXD 40,WAN1,108.77.50.201,AT&T Broadband II,static,DSR
TXD 40,WAN2,68.187.35.114,Spectrum,static,DSR
TXD 41,WAN1,47.51.237.26,Spectrum,static,DSR
TXD 41,WAN2,108.204.139.97,AT&T Broadband II,static,DSR
TXD 42,WAN1,99.89.26.241,AT&T Broadband II,static,DSR
TXD 42,WAN2,172.87.130.182,Spectrum,static,DSR
TXD 43,WAN1,70.113.241.58,Spectrum,static,DSR
TXD 44,WAN1,75.19.29.57,AT&T Broadband II,static,DSR
TXD 44,WAN2,137.27.187.202,Spectrum,static,DSR
TXD 45,WAN1,108.204.140.177,AT&T Broadband II,static,DSR
TXD 45,WAN2,72.129.168.226,Spectrum,static,DSR
TXD 46,WAN1,108.204.136.209,AT&T Broadband II,static,DSR
TXD 46,WAN2,68.113.204.218,Spectrum,static,DSR
TXD 47,WAN1,107.132.155.129,AT&T Broadband II,static,DSR
TXD 47,WAN2,206.255.246.253,Longview Cable,static,DSR
TXD 48,WAN1,108.178.99.34,Spectrum,static,DSR
TXD 48,WAN2,172.10.201.17,AT&T Broadband II,static,DSR
TXD 50,WAN1,107.143.177.97,Private Customer - AT&T Internet Services,static,Non-DSR
TXD 50,WAN2,71.40.111.46,Charter Communications Inc,static,Non-DSR
TXD 51,WAN1,104.187.163.33,AT&T Broadband II,static,DSR
TXD 51,WAN2,24.178.208.158,Spectrum,static,DSR
TXD 52,WAN1,72.129.172.250,Spectrum,static,DSR
TXD 52,WAN2,45.25.209.185,AT&T Broadband II,static,DSR
TXD 54,WAN1,24.240.248.154,Spectrum,static,DSR
TXD 54,WAN2,108.90.221.41,AT&T Broadband II,static,DSR
TXD 55,WAN1,70.118.8.58,Spectrum,static,DSR
TXD 56,WAN1,24.178.216.26,Charter Communications LLC,static,Non-DSR
TXD 56,WAN2,75.51.221.137,"AT&T Enterprises, LLC",static,Non-DSR
TXD 57,WAN2,162.205.143.49,AT&T Broadband II,static,DSR
TXD 58,WAN1,99.29.137.201,AT&T Broadband II,static,DSR
TXD 58,WAN2,24.242.180.146,Spectrum,static,DSR
TXD 59,WAN1,137.27.189.6,Spectrum,static,DSR
TXD 59,WAN2,47.190.164.252,EB2-Frontier Fiber,static,DSR
TXD 60,WAN1,98.6.198.210,Spectrum Business,static,DSR
TXD 61,WAN1,47.51.232.242,Spectrum,static,DSR
TXD 61,WAN2,45.19.251.177,AT&T Broadband II,static,DSR
TXD 62,WAN1,160.3.116.250,"CABLE ONE, INC.",static,Non-DSR
TXD 63,WAN1,66.217.154.90,EB2-Windstream Fiber,static,DSR
TXD 63,WAN2,96.18.58.190,Cable One,static,DSR
TXD 64,WAN1,47.51.224.214,Spectrum,static,DSR
TXD 64,WAN2,162.234.87.9,AT&T Broadband II,static,DSR
TXD 65,WAN1,172.3.101.25,AT&T Broadband II,static,DSR
TXD 66,WAN1,98.6.60.254,Spectrum,static,DSR
TXD 66,WAN2,75.8.32.121,AT&T Broadband II,static,DSR
TXD 67,WAN1,108.69.141.65,AT&T Broadband II,static,DSR
TXD 67,WAN2,192.154.182.110,Spectrum,static,DSR
TXD 68,WAN1,98.6.249.126,Spectrum,static,DSR
TXD 69,WAN1,24.240.248.6,Spectrum,static,DSR
TXD 69,WAN2,76.209.14.201,AT&T Broadband II,static,DSR
TXD 70,WAN1,50.84.25.90,Spectrum,static,DSR
TXD 71,WAN1,162.205.137.169,AT&T Broadband II,static,DSR
TXD 72,WAN1,107.139.66.186,AT&T Broadband II,static,DSR
TXD 73,WAN1,98.6.124.154,Spectrum,static,DSR
TXD 73,WAN2,162.196.231.17,AT&T Broadband II,static,DSR
TXD 74,WAN1,47.51.228.218,Spectrum,static,DSR
TXD 74,WAN2,45.19.254.89,AT&T Broadband II,static,DSR
TXD 75,WAN1,68.187.43.70,Spectrum,static,DSR
TXD 75,WAN2,99.92.202.41,AT&T Broadband II,static,DSR
TXD 77,WAN1,150.220.202.210,Spectrum,static,DSR
TXD 77,WAN2,47.190.158.95,EB2-Frontier Fiber,static,DSR
TXD 78,WAN1,71.78.213.170,Spectrum,static,DSR
TXD 79,WAN1,66.76.70.123,Altice,static,DSR
TXD 79,WAN2,162.196.226.153,AT&T Broadband II,static,DSR
TXD 80,WAN1,104.11.158.65,AT&T Broadband II,static,DSR
TXD 81,WAN2,70.115.32.30,Spectrum,static,DSR
TXD 82,WAN1,76.237.81.217,AT&T Broadband II,static,DSR
TXD 83,WAN1,70.118.86.98,Spectrum,static,DSR
TXD 83,WAN2,107.134.207.177,AT&T Broadband II,static,DSR
TXD 84,WAN1,24.112.126.202,DSR VyVe Cable,static,Non-DSR
TXD 85,WAN1,70.118.99.238,Spectrum,static,DSR
TXD 86,WAN1,137.27.173.238,Spectrum,static,DSR
TXD 87,WAN1,47.190.70.186,Frontier FIOS,static,DSR
TXD 88,WAN1,66.76.51.189,Altice West,static,DSR
TXD 88,WAN2,76.237.82.137,AT&T Broadband II,static,DSR
TXD 89,WAN1,104.54.182.97,AT&T Broadband II,static,DSR
TXD 89,WAN2,128.92.60.110,Spectrum,static,DSR
TXD 90,WAN2,71.37.162.185,CenturyLink,static,Non-DSR
TXD 91,WAN1,47.190.133.14,Frontier FIOS,static,DSR
TXD 91,WAN2,131.150.64.226,Spectrum,static,DSR
TXD 92,WAN1,108.241.214.209,AT&T Broadband II,static,DSR
TXD 92,WAN2,131.150.70.90,Spectrum,static,DSR
TXD 93,WAN1,64.72.38.133,DSR Altice,static,Non-DSR
TXD 94,WAN1,162.234.86.65,Spectrum,static,DSR
TXD 94,WAN2,75.139.242.194,AT&T Broadband II,static,DSR
TXD 95,WAN1,137.27.171.134,Spectrum,static,DSR
TXD 96,WAN1,99.56.151.185,AT&T Broadband II,static,DSR
TXD 96,WAN2,172.87.154.102,Spectrum,static,DSR
TXE 01,WAN1,150.220.202.206,Spectrum,static,DSR
TXE 01,WAN2,107.208.244.89,AT&T Broadband II,static,DSR
TXE 02,WAN1,71.78.229.38,Spectrum,static,DSR
TXE 02,WAN2,99.44.225.241,AT&T Broadband II,static,DSR
TXE 03,WAN1,50.84.87.14,Spectrum,static,DSR
TXE 03,WAN2,107.208.246.137,AT&T Broadband II,static,DSR
TXE 05,WAN1,67.78.46.226,Spectrum,static,DSR
TXE 05,WAN2,99.32.12.233,AT&T Broadband II,static,DSR
TXE 06,WAN1,150.220.202.202,Spectrum,static,DSR
TXE 06,WAN2,99.32.12.89,AT&T Broadband II,static,DSR
TXE 07,WAN1,71.78.116.106,Spectrum,static,DSR
TXE 07,WAN2,23.121.144.241,AT&T Broadband II,static,DSR
TXG 01,WAN1,99.26.239.81,AT&T Broadband II,static,DSR
TXG 02,WAN1,156.47.166.66,Consolidated Communications,static,DSR
TXG 03,WAN1,96.76.181.37,Comcast Workplace	,static,Non-DSR
TXH 01,WAN1,104.4.63.209,AT&T Broadband II,static,DSR
TXH 01,WAN2,50.246.48.213,Comcast Workplace,static,DSR
TXH 02,WAN1,50.209.112.37,Comcast Workplace,static,DSR
TXH 02,WAN2,99.164.137.81,AT&T Broadband II,static,DSR
TXH 03,WAN1,198.0.66.93,Comcast Workplace,static,DSR
TXH 03,WAN2,104.189.99.113,AT&T Broadband II,static,DSR
TXH 04,WAN1,99.125.136.1,AT&T Broadband II,static,DSR
TXH 04,WAN2,96.79.187.121,Comcast,static,Non-DSR
TXH 05,WAN1,99.110.95.201,AT&T Broadband II,static,DSR
TXH 05,WAN2,96.73.96.237,Comcast,static,Non-DSR
TXH 10,WAN1,104.186.25.25,AT&T Broadband II,static,DSR
TXH 10,WAN2,50.249.71.157,Comcast Workplace,static,DSR
TXH 11,WAN1,96.73.97.181,"Comcast Cable Communications, LLC",static,Non-DSR
TXH 11,WAN2,99.164.141.137,AT&T Broadband II,static,DSR
TXH 12,WAN1,50.209.113.197,Comcast Workplace,static,DSR
TXH 12,WAN2,104.61.44.73,AT&T Broadband II,static,DSR
TXH 14,WAN1,96.95.234.13,"Comcast Cable Communications, LLC",static,Non-DSR
TXH 15,WAN1,50.209.122.101,Comcast Workplace,static,DSR
TXH 15,WAN2,172.10.171.129,AT&T Broadband II,static,DSR
TXH 16,WAN1,50.209.116.117,Comcast Workplace,static,DSR
TXH 17,WAN1,96.79.164.129,Comcast,static,Non-DSR
TXH 17,WAN2,99.76.17.49,AT&T Broadband II,static,DSR
TXH 18,WAN1,173.11.161.13,Comcast Workplace,static,DSR
TXH 18,WAN2,69.238.222.97,AT&T Broadband II,static,DSR
TXH 20,WAN1,108.65.53.145,AT&T Broadband II,static,DSR
TXH 20,WAN2,50.213.171.5,Comcast Workplace,static,DSR
TXH 21,WAN1,50.192.76.253,Comcast Workplace,static,DSR
TXH 21,WAN2,104.189.97.233,AT&T Broadband II,static,DSR
TXH 22,WAN1,208.180.4.52,Altice,static,DSR
TXH 23,WAN1,66.76.13.154,Optimum,static,Non-DSR
TXH 24,WAN1,96.76.185.213,Comcast,static,Non-DSR
TXH 24,WAN2,99.111.248.9,AT&T Broadband II,static,DSR
TXH 25,WAN1,50.209.123.141,Comcast,static,DSR
TXH 26,WAN1,97.77.145.54,Spectrum,static,DSR
TXH 27,WAN1,50.209.109.97,Comcast Workplace,static,DSR
TXH 27,WAN2,172.0.227.121,AT&T Broadband II,static,DSR
TXH 28,WAN1,96.77.135.141,Comcast,static,DSR
TXH 29,WAN1,96.65.228.173,Comcast Workplace,static,DSR
TXH 29,WAN2,107.221.105.225,AT&T Broadband II,static,DSR
TXH 30,WAN1,50.209.107.161,Comcast Workplace,static,DSR
TXH 30,WAN2,104.50.78.41,AT&T Broadband II,static,DSR
TXH 31,WAN1,96.73.85.37,Comcast Workplace,static,DSR
TXH 31,WAN2,108.193.95.209,AT&T Broadband II,static,DSR
TXH 33,WAN1,172.0.229.77,AT&T Broadband II,static,DSR
TXH 33,WAN2,198.0.88.13,Comcast Workplace,static,DSR
TXH 34,WAN1,23.126.108.177,AT&T Broadband II,static,DSR
TXH 37,WAN1,50.188.80.85,Comcast Workplace,static,DSR
TXH 37,WAN2,75.9.241.201,AT&T Broadband II,static,DSR
TXH 39,WAN1,108.65.52.17,AT&T Broadband II,static,DSR
TXH 39,WAN2,50.197.200.25,Comcast Workplace,static,DSR
TXH 41,WAN1,162.236.70.129,AT&T Broadband II,static,DSR
TXH 41,WAN2,96.73.99.97,Comcast,static,Non-DSR
TXH 43,WAN2,208.180.223.58,Optimum,static,Non-DSR
TXH 44,WAN1,50.194.161.17,Comcast,static,DSR
TXH 45,WAN1,50.194.168.221,Comcast Workplace,static,DSR
TXH 46,WAN1,96.93.81.173,Comcast Workplace,static,DSR
TXH 48,WAN1,173.219.22.185,Optimum,static,Non-DSR
TXH 49,WAN1,74.95.149.213,Comcast Workplace,static,DSR
TXH 50,WAN1,99.65.252.65,AT&T Broadband II,static,DSR
TXH 51,WAN1,50.209.113.169,Comcast Workplace,static,DSR
TXH 52,WAN1,68.74.126.121,AT&T Broadband II,static,DSR
TXH 52,WAN2,50.210.208.249,Comcast,static,Non-DSR
TXH 53,WAN1,108.249.194.5,AT&T Broadband II,static,DSR
TXH 53,WAN2,96.73.110.89,Comcast Workplace,static,DSR
TXH 54,WAN1,50.254.126.177,"Comcast Cable Communications, LLC",static,Non-DSR
TXH 55,WAN1,108.223.37.121,AT&T Broadband II,static,DSR
TXH 55,WAN2,96.73.120.17,"Comcast Cable Communications, LLC",static,Non-DSR
TXH 56,WAN1,172.10.171.81,AT&T Broadband II,static,DSR
TXH 56,WAN2,96.77.159.245,Comcast,static,Non-DSR
TXH 57,WAN1,50.188.77.1,Comcast Workplace,static,DSR
TXH 58,WAN1,71.11.244.250,Spectrum,static,DSR
TXH 58,WAN2,96.68.99.209,Comcast Workplace,static,DSR
TXH 59,WAN1,24.242.165.230,Spectrum,static,DSR
TXH 59,WAN2,104.189.98.161,AT&T Broadband II,static,DSR
TXH 60,WAN1,104.50.73.57,AT&T Broadband II,static,DSR
TXH 60,WAN2,96.65.229.217,Comcast Workplace,static,DSR
TXH 61,WAN1,108.72.206.121,AT&T Broadband II,static,DSR
TXH 61,WAN2,50.78.223.25,Comcast Workplace,static,DSR
TXH 62,WAN1,108.254.202.153,AT&T Broadband II,static,DSR
TXH 62,WAN2,24.173.224.254,Spectrum,static,DSR
TXH 63,WAN1,96.68.118.181,Comcast Workplace,static,DSR
TXH 64,WAN1,96.73.126.69,Comcast,static,DSR
TXH 65,WAN1,108.210.135.209,AT&T Broadband II,static,DSR
TXH 65,WAN2,50.249.68.153,Comcast,static,Non-DSR
TXH 66,WAN1,99.125.139.25,AT&T Broadband II,static,DSR
TXH 66,WAN2,50.197.216.105,Comcast Workplace,static,DSR
TXH 67,WAN1,50.209.113.113,Comcast Workplace,static,DSR
TXH 67,WAN2,99.111.250.41,AT&T Broadband II,static,DSR
TXH 68,WAN1,96.65.254.209,Comcast Workplace,static,DSR
TXH 69,WAN1,108.237.33.129,AT&T Broadband II,static,DSR
TXH 69,WAN2,70.113.243.122,Spectrum,static,DSR
TXH 70,WAN1,96.91.38.197,Comcast,static,DSR
TXH 71,WAN1,162.201.16.17,AT&T Broadband II,static,DSR
TXH 72,WAN1,162.230.160.101,AT&T Broadband II,static,DSR
TXH 72,WAN2,50.209.108.33,Comcast Workplace,static,DSR
TXH 73,WAN1,96.79.182.253,Comcast Workplace,static,DSR
TXH 75,WAN1,96.68.106.113,Comcast Workplace,static,DSR
TXH 77,WAN1,99.29.91.153,AT&T Broadband II,static,DSR
TXH 77,WAN2,50.208.72.229,Comcast Workplace,static,DSR
TXH 78,WAN1,96.68.115.205,Comcast Workplace,static,DSR
TXH 78,WAN2,107.221.108.137,AT&T Broadband II,static,DSR
TXH 79,WAN1,96.88.55.1,DSR Comcast x First IP 96.88.55.1 Gateway 96.88.55.2 Subnet 255.255.255.252,static,Non-DSR
TXH 80,WAN1,23.30.65.17,Comcast Workplace,static,DSR
TXH 81,WAN1,195.252.236.111,Metronet,static,DSR
TXH 81,WAN2,216.228.69.228,Rise Broadband,static,DSR
TXH 82,WAN1,96.77.139.49,Comcast,static,Non-DSR
TXH 82,WAN2,75.51.12.57,AT&T Broadband II,static,DSR
TXH 83,WAN1,75.148.168.125,Comcast Workplace,static,DSR
TXH 84,WAN1,50.209.107.33,Comcast Workplace,static,DSR
TXH 84,WAN2,99.65.249.25,AT&T Broadband II,static,DSR
TXH 85,WAN1,173.219.73.189,Optimum,static,Non-DSR
TXH 86,WAN1,96.73.122.161,Comcast,static,DSR
TXH 87,WAN1,108.249.192.97,AT&T Broadband II,static,DSR
TXH 87,WAN2,96.73.64.77,Comcast Workplace,static,DSR
TXH 88,WAN1,74.95.150.225,Comcast Workplace,static,DSR
TXH 88,WAN2,68.253.20.105,AT&T Broadband II,static,DSR
TXH 89,WAN1,108.249.193.65,AT&T Broadband II,static,DSR
TXH 89,WAN2,96.79.163.117,Comcast Workplace,static,DSR
TXH 90,WAN1,50.209.113.173,Comcast Workplace,static,DSR
TXH 90,WAN2,172.10.168.145,AT&T Broadband II,static,DSR
TXH 91,WAN1,8.2.208.171,-- DSR Livcom |,static,Non-DSR
TXH 92,WAN1,96.88.62.237,Comcast Workplace,static,DSR
TXH 93,WAN1,99.50.12.161,AT&T Broadband II,static,DSR
TXH 93,WAN2,50.188.88.125,Comcast Workplace,static,DSR
TXH 94,WAN1,50.209.110.57,Comcast Workplace,static,DSR
TXH 94,WAN2,156.47.163.34,Consolidated Communications,static,DSR
TXH 95,WAN1,99.26.235.245,AT&T Broadband II,static,DSR
TXH 95,WAN2,96.65.232.233,Comcast Workplace,static,DSR
TXH 96,WAN1,96.85.24.45,Comcast Workplace,static,DSR
TXH 97,WAN1,23.126.108.201,AT&T Broadband II,static,DSR
TXH 97,WAN2,96.65.243.249,"Comcast Cable Communications, LLC",static,Non-DSR
TXL 01,WAN1,216.167.143.148,Vexus,static,DSR
TXL 01,WAN2,66.76.182.71,Altice West,static,DSR
TXL 02,WAN1,208.180.110.229,Altice,static,DSR
TXL 02,WAN2,99.27.192.169,AT&T Broadband II,static,DSR
TXL 03,WAN1,66.76.255.5,Altice,static,DSR
TXL 03,WAN2,104.1.69.217,AT&T Broadband II,static,DSR
TXL 04,WAN1,99.27.194.81,AT&T Broadband II,static,DSR
TXL 04,WAN2,149.115.97.73,Vexus Fiber,static,DSR
TXL 05,WAN1,65.182.82.213,Vexus,static,DSR
TXL 05,WAN2,104.1.71.73,AT&T Broadband II,static,DSR
TXM 01,WAN1,107.128.86.113,AT&T Broadband II,static,DSR
TXM 02,WAN1,208.180.5.61,Altice,static,DSR
TXM 02,WAN2,104.186.116.57,AT&T Broadband II,static,DSR
TXM 03,WAN1,172.7.186.105,AT&T Broadband II,static,DSR
TXN 01,WAN1,71.42.136.70,Spectrum,static,DSR
TXN 01,WAN2,99.42.195.153,AT&T Broadband II,static,DSR
TXO 01,WAN1,172.13.226.113,AT&T Broadband II,static,DSR
TXO 01,WAN2,160.3.220.222,EB2-CableOne Cable,static,DSR
TXO 02,WAN1,24.116.31.158,Cable One,static,Non-DSR
TXS 02,WAN1,108.178.107.106,Spectrum,static,DSR
TXS 02,WAN2,76.255.12.57,AT&T Broadband II,static,DSR
TXS 05,WAN1,97.105.89.22,Spectrum,static,DSR
TXS 05,WAN2,99.165.15.233,AT&T Broadband II,static,DSR
TXS 06,WAN1,97.105.186.230,Spectrum,static,DSR
TXS 06,WAN2,108.224.179.105,AT&T Broadband II,static,DSR
TXS 07,WAN1,97.105.126.54,Spectrum,static,DSR
TXS 07,WAN2,76.199.50.89,AT&T Broadband II,static,DSR
TXS 08,WAN1,70.113.225.54,Spectrum,static,DSR
TXS 09,WAN1,76.255.15.17,AT&T Broadband II,static,DSR
TXS 09,WAN2,71.41.12.254,Spectrum,static,DSR
TXS 11,WAN1,150.220.208.238,Spectrum,static,DSR
TXS 11,WAN2,162.202.72.217,AT&T Broadband II,static,DSR
TXS 12,WAN2,97.105.18.226,Spectrum,static,DSR
TXS 13,WAN1,108.213.53.73,AT&T Broadband II,static,DSR
TXS 13,WAN2,67.79.227.50,Spectrum,static,DSR
TXS 14,WAN1,104.4.82.129,AT&T Broadband II,static,DSR
TXS 14,WAN2,70.113.230.246,Spectrum,static,DSR
TXS 15,WAN1,67.79.106.110,Spectrum,static,DSR
TXS 15,WAN2,104.48.156.169,AT&T Broadband II,static,DSR
TXS 16,WAN1,76.255.8.185,AT&T Broadband II,static,DSR
TXS 16,WAN2,150.220.131.54,Spectrum,static,DSR
TXS 17,WAN1,24.173.84.122,Spectrum,static,DSR
TXS 17,WAN2,108.224.182.89,AT&T Broadband II,static,DSR
TXS 18,WAN1,97.105.101.162,Spectrum,static,DSR
TXS 18,WAN2,66.217.153.158,EB2-Windstream Fiber,static,DSR
TXS 19,WAN1,150.220.131.50,Spectrum,static,DSR
TXS 19,WAN2,108.213.53.97,AT&T Broadband II,static,DSR
TXS 20,WAN1,24.153.161.206,Spectrum,static,DSR
TXS 20,WAN2,107.195.75.249,AT&T Broadband II,static,DSR
TXS 21,WAN1,70.113.232.82,Spectrum,static,DSR
TXS 21,WAN2,76.199.52.217,AT&T Broadband II,static,DSR
TXS 22,WAN1,98.6.120.34,Spectrum,static,DSR
TXS 22,WAN2,108.224.180.137,AT&T Broadband II,static,DSR
TXS 23,WAN1,67.78.107.122,Spectrum,static,DSR
TXS 23,WAN2,69.166.64.173,GVTC Communications,static,DSR
TXS 24,WAN2,67.79.241.126,Spectrum,static,DSR
TXS 25,WAN1,64.183.186.214,Spectrum,static,DSR
TXS 26,WAN1,216.177.186.153,GVTC Communications,static,DSR
TXS 26,WAN2,70.116.227.178,Spectrum,static,DSR
TXS 27,WAN1,71.41.135.90,Spectrum,static,DSR
TXS 27,WAN2,104.4.87.57,AT&T Broadband II,static,DSR
TXS 28,WAN1,104.176.95.145,AT&T Broadband II,static,DSR
TXS 28,WAN2,75.87.42.174,Spectrum,static,DSR
TXS 29,WAN1,104.186.86.241,AT&T Broadband II,static,DSR
TXS 29,WAN2,71.78.32.74,Spectrum,static,DSR
TXS 30,WAN1,104.4.81.9,AT&T Broadband II,static,DSR
TXS 30,WAN2,50.84.69.66,Spectrum,static,DSR
TXS 31,WAN1,108.213.50.113,AT&T Broadband II,static,DSR
TXS 31,WAN2,97.105.40.142,Spectrum,static,DSR
TXW 01,WAN1,107.213.253.217,AT&T Broadband II,static,DSR
TXW 01,WAN2,66.76.17.70,Altice,static,DSR
TXW 02,WAN1,173.219.127.91,Altice,static,DSR
TXW 02,WAN2,172.1.8.249,AT&T Broadband II,static,DSR
TXW 03,WAN1,66.76.135.93,Optimum,static,Non-DSR
TXW 04,WAN2,107.220.35.249,AT&T Broadband II,static,DSR
TXW 05,WAN1,66.76.179.24,Altice,static,DSR
TXW 05,WAN2,172.1.8.241,AT&T Broadband II,static,DSR
TXW 06,WAN1,66.76.135.32,Optimum,static,Non-DSR
TXW 07,WAN1,66.76.17.42,Altice West,static,DSR
TXW 07,WAN2,172.1.12.65,AT&T Broadband II,static,DSR
TXW 08,WAN1,199.16.97.109,Harris Broadband,static,DSR
TXW 08,WAN2,208.82.106.10,Unite Private Networks,static,DSR
TXW 09,WAN1,66.76.178.81,Altice,static,DSR
TXW 09,WAN2,38.158.182.200,Vexus,static,DSR
UTS 01,WAN1,50.184.169.237,Comcast Workplace,static,DSR
UTS 02,WAN1,96.73.19.25,Comcast,static,DSR
UTS 03,WAN1,96.73.12.109,Comcast Workplace,static,DSR
UTS 03,WAN2,65.100.251.41,EB2-Lumen DSL,static,DSR
UTS 04,WAN1,173.10.21.245,Comcast Workplace,static,DSR
UTS 04,WAN2,65.100.242.193,EB2-Lumen DSL,static,DSR
UTS 05,WAN1,96.86.214.241,Comcast Workplace,static,DSR
UTS 05,WAN2,204.225.31.253,Centracom,static,DSR
UTS 06,WAN1,96.92.90.185,Comcast Workplace,static,DSR
UTS 06,WAN2,65.100.251.105,EB2-Centurylink DSL,static,DSR
UTS 07,WAN1,96.92.90.13,Comcast,static,Non-DSR
UTS 09,WAN1,96.86.207.181,Comcast Workplace,static,DSR
UTS 09,WAN2,65.100.241.249,EB2-Centurylink DSL,static,DSR
UTS 11,WAN1,50.198.188.101,Comcast,static,Non-DSR
UTS 11,WAN2,64.77.208.93,Centracom,static,DSR
UTS 12,WAN1,184.61.190.6,DSR TDS Cable - 3rd Party Cable Ordered Speed,static,Non-DSR
UTS 13,WAN1,96.73.28.153,Comcast,static,Non-DSR
UTS 14,WAN1,50.252.139.53,Comcast Workplace,static,DSR
UTS 14,WAN2,76.8.218.122,First Digital,static,DSR
UTS 15,WAN1,50.77.46.93,Comcast,static,DSR
UTS 16,WAN1,96.73.18.105,Comcast,static,Non-DSR
UTS 16,WAN2,65.100.251.161,EB2-Lumen DSL,static,DSR
UTS 17,WAN1,96.73.31.129,Comcast,static,DSR
UTS 18,WAN1,50.73.40.245,Comcast Workplace,static,DSR
UTS 18,WAN2,65.100.242.121,EB2-Centurylink DSL,static,DSR
UTS 19,WAN1,173.14.230.17,Comcast,static,DSR
UTS 20,WAN1,173.8.88.141,Comcast Workplace,static,DSR
UTS 21,WAN1,50.79.70.81,Comcast Workplace,static,DSR
UTS 22,WAN1,69.163.69.129,Centracom,static,DSR
UTS 22,WAN2,67.40.102.73,CenturyLink,static,Non-DSR
UTS 23,WAN1,50.255.206.137,Comcast Workplace,static,DSR
UTS 24,WAN1,50.255.207.237,Comcast Workplace,static,DSR
UTS 25,WAN1,50.252.142.41,Comcast Workplace,static,DSR
UTS 25,WAN2,69.163.66.31,Centracom,static,DSR
UTS 26,WAN1,209.33.214.82,Infowest Inc,static,DSR
VAB 01,WAN1,24.216.21.74,Spectrum,static,DSR
VAB 02,WAN1,174.73.77.11,Cox Business/BOI,static,DSR
VAB 03,WAN1,173.50.103.27,Verizon FIOS,static,DSR
VAB 04,WAN1,96.225.166.41,Verizon FIOS,static,DSR
VAB 05,WAN1,174.73.65.62,Cox Communications,static,Non-DSR
VAB 06,WAN1,184.189.19.70,Cox Business/BOI,static,DSR
VAB 06,WAN2,71.251.189.57,EB2-Verizon Fiber,static,DSR
VAB 07,WAN1,173.50.103.34,Verizon FIOS,static,Non-DSR
VAB 07,WAN2,174.79.196.246,Cox Business/BOI,static,DSR
VAB 08,WAN1,174.73.73.147,Cox Business/BOI,static,DSR
VAB 09,WAN1,184.189.27.67,Cox Business/BOI,static,DSR
VAF 02,WAN1,70.89.233.61,Comcast Workplace,static,DSR
VAR 01,WAN1,75.150.59.61,Comcast,static,DSR
VAR 03,WAN1,71.251.226.20,EB2-Verizon Fiber,static,DSR
VAR 03,WAN2,50.211.36.105,Comcast Workplace,static,DSR
VAR 04,WAN1,50.211.50.13,Comcast Workplace,static,DSR
VAR 05,WAN1,108.4.93.83,EB2-Verizon Fiber,static,DSR
VAR 05,WAN2,50.242.41.145,Comcast Workplace,static,DSR
VAR 06,WAN1,96.82.4.41,Comcast Workplace,static,DSR
VAR 07,WAN1,71.24.36.21,Comcast Workplace,static,DSR
VAT 01,WAN1,137.27.57.174,Spectrum,static,DSR
VAT 01,WAN2,216.184.81.223,Point Broadband,static,DSR
VAW 01,WAN1,67.211.133.46,Lumos Networks,static,DSR
VAW 01,WAN2,50.184.133.5,Comcast Workplace,static,DSR
VAW 02,WAN1,70.182.217.41,Cox Business/BOI,static,DSR
VAW 03,WAN1,70.89.235.5,Comcast Workplace,static,DSR
WAE 01,WAN1,50.245.147.185,Comcast,static,DSR
WAE 02,WAN1,173.160.129.105,Comcast,static,DSR
WAE 03,WAN1,97.90.49.166,Spectrum,static,DSR
WAE 03,WAN2,66.119.203.174,Pocketinet Communications,static,DSR
WAE 04,WAN2,156.19.242.226,Spectrum,static,DSR
WAS 01,WAN1,173.160.151.13,Comcast Workplace,static,DSR
WAS 01,WAN2,50.106.5.38,EB2-Ziply Fiber,static,DSR
WAS 02,WAN1,74.95.126.153,Comcast Workplace,static,DSR
WAS 03,WAN1,75.151.125.173,Comcast,static,Non-DSR
WAS 04,WAN1,67.135.214.202,CenturyLink,static,Non-DSR
WAS 06,WAN1,65.141.56.50,CenturyLink,static,Non-DSR
WAS 08,WAN1,173.160.194.57,Comcast Workplace,static,DSR
WAS 09,WAN1,173.160.199.17,Comcast,static,DSR
WAS 11,WAN1,96.74.20.73,Comcast,static,DSR
WAS 13,WAN1,23.25.131.237,Comcast Workplace,static,DSR
WAS 13,WAN2,208.52.90.94,Astound,static,DSR
WAS 14,WAN1,75.151.126.225,Comcast,static,DSR
WAS 15,WAN1,50.191.24.1,Comcast Workplace,static,DSR
WAS 17,WAN1,50.210.40.229,Comcast Workplace,static,DSR
WAS 18,WAN2,68.185.54.210,Spectrum,static,DSR
WAS 19,WAN1,50.78.41.173,Comcast Workplace,static,DSR
WAS 19,WAN2,63.231.55.129,EB2-Centurylink DSL,static,DSR
WAS 20,WAN1,50.78.171.129,Comcast Workplace,static,DSR
WAS 21,WAN1,50.197.75.77,Comcast Workplace,static,DSR
WAS 22,WAN1,96.74.5.117,Comcast Workplace,static,DSR
WAS 23,WAN1,65.101.138.25,ComcastAgg CLink,static,DSR
WAS 24,WAN1,96.76.50.129,Comcast,static,Non-DSR
WAS 25,WAN1,75.151.115.5,Comcast,static,Non-DSR
WAS 26,WAN1,173.160.247.197,Comcast Workplace,static,DSR
WAS 26,WAN2,50.106.5.226,EB2-Ziply Fiber,static,DSR
WAS 27,WAN1,50.199.2.93,Comcast Workplace,static,DSR
WAS 27,WAN2,63.231.29.65,CenturyLink,static,Non-DSR
WAS 28,WAN1,152.44.147.10,Astound,static,DSR
WAS 28,WAN2,173.160.197.253,Comcast Workplace,static,DSR
WAS 29,WAN1,96.78.55.213,Comcast Workplace,static,DSR
WAV 01,WAN1,50.209.34.133,Comcast Workplace,static,DSR
WAV 02,WAN1,96.79.127.145,Comcast Workplace,static,DSR
WAY 01,WAN1,156.19.242.106,Spectrum,static,DSR
WIA 01,WAN1,24.106.17.30,Spectrum,static,DSR
WIA 01,WAN2,45.21.176.73,AT&T Broadband II,static,DSR
WIA 02,WAN1,104.0.53.81,AT&T Broadband II,static,DSR
WIA 02,WAN2,76.58.175.102,Spectrum,static,DSR
WIC 01,WAN1,107.208.180.193,AT&T Broadband II,static,DSR
WIC 01,WAN2,66.188.132.198,Spectrum,static,DSR
WIE 01,WAN1,74.87.87.130,Spectrum,static,DSR
WIE 01,WAN2,104.177.13.89,AT&T Broadband II,static,DSR
WIE 02,WAN1,108.76.171.161,AT&T Broadband II,static,DSR
WIE 02,WAN2,67.53.243.98,Spectrum,static,DSR
WIG 01,WAN1,98.103.62.50,Spectrum,static,DSR
WIL 01,WAN1,66.191.122.198,Spectrum,static,DSR
WIL 01,WAN2,195.252.209.139,MetroNet,static,DSR
WIM 01,WAN1,68.191.188.14,Spectrum,static,DSR
WIM 02,WAN1,71.67.212.242,Spectrum,static,DSR
WIM 02,WAN2,23.118.0.49,AT&T Broadband II,static,DSR
WIM 03,WAN1,66.190.47.50,Spectrum,static,DSR
WIM 04,WAN1,71.86.224.190,Spectrum,static,DSR
WIM 05,WAN1,108.235.184.113,AT&T Broadband II,static,DSR
WIM 06,WAN1,99.25.252.81,AT&T Broadband II,static,DSR
WIM 06,WAN2,47.49.86.250,Spectrum,static,DSR
WIO 01,WAN1,99.188.22.121,AT&T Broadband II,static,DSR
WIO 01,WAN2,98.102.81.218,Spectrum,static,DSR
WIW 01,WAN1,137.26.245.82,Spectrum,static,DSR
WVE 01,WAN1,173.10.132.157,Comcast Workplace,static,DSR
WYO 01,WAN1,69.145.29.194,Spectrum,static,DSR
WYO 02,WAN1,47.47.166.130,Spectrum,static,DSR
WYO 03,WAN1,66.119.61.198,Mountain West Technologies,static,DSR
WYO 03,WAN2,47.47.132.138,Spectrum,static,DSR
